tool		CRA 	CRA 	CRA 	CRA 	CRA 	CRA 	CRA 	CRA 	CRA 	CRA 	CRA 	CRA 	CRA 	CRA 	CRA 	CRA 
run set		cra-monotone-lira-pc.svcomp-reach-safety	cra-monotone-lira-pc.svcomp-reach-safety	cra-monotone-lira-pc.svcomp-reach-safety	cra-monotone-lira-pc.svcomp-reach-safety	cra-monotone-lira-pc-lplh.svcomp-reach-safety	cra-monotone-lira-pc-lplh.svcomp-reach-safety	cra-monotone-lira-pc-lplh.svcomp-reach-safety	cra-monotone-lira-pc-lplh.svcomp-reach-safety	cra-monotone-relax-to-real-lw.svcomp-reach-safety	cra-monotone-relax-to-real-lw.svcomp-reach-safety	cra-monotone-relax-to-real-lw.svcomp-reach-safety	cra-monotone-relax-to-real-lw.svcomp-reach-safety	cra-monotone-relax-to-real-fmcad15.svcomp-reach-safety	cra-monotone-relax-to-real-fmcad15.svcomp-reach-safety	cra-monotone-relax-to-real-fmcad15.svcomp-reach-safety	cra-monotone-relax-to-real-fmcad15.svcomp-reach-safety
/home/diagram/src/research/projects/duet/bench-nk-local-abstraction-popl-2025/popl-results/tasks/svcomp-2025/svcomp2025-reach-safety-loops/		status	cputime (s)	walltime (s)	memory (MB)	status	cputime (s)	walltime (s)	memory (MB)	status	cputime (s)	walltime (s)	memory (MB)	status	cputime (s)	walltime (s)	memory (MB)
loops/array-1.yml	true	false	0.363061	0.279122586000085	60.694528	false	0.366919	0.2742724890013051	59.998208	false	0.677071	0.5217225129999861	59.363328	false	0.743046	0.5906170339985692	59.437056
loops/array-2.yml	false	false	0.362025	0.277328079999279	59.944960	false	0.372674	0.2847446689993376	59.707392	false	0.676846	0.5129842040005315	59.572224	false	0.737234	0.5881475239984866	59.588608
loops/bubble_sort-2.yml	false	false	0.803254	0.6434917910000877	70.320128	false	0.803865	0.6413392100002966	70.410240	false	1.434725	1.1022312790009892	69.181440	TIMEOUT	300.802865	300.6959903930001	860.549120
loops/compact.yml	false	TIMEOUT	300.783977	300.897191002	1266.294784	false	0.370421	0.2896897619975789	59.785216	false	0.656486	0.5035896350018447	59.351040	false	0.650415	0.5161891000025207	59.506688
loops/count_up_down-1.yml	true	true	0.199421	0.1617746640004043	57.683968	true	0.192499	0.154169023000577	57.376768	true	0.35695	0.294052613000531	57.143296	true	0.354814	0.289625575998798	56.852480
loops/count_up_down-2.yml	false	false	0.196714	0.1583731689997876	56.471552	false	0.192707	0.15794664900022326	56.627200	false	0.361819	0.29184285000155796	57.237504	false	0.345802	0.2837853279997944	57.122816
loops/eureka_01-2.yml	true	false	0.36754	0.3236741949995121	59.355136	false	0.281532	0.23317635000057635	60.268544	false	0.474869	0.39491430899943225	60.141568	false	46.691003	46.64470041399909	269.836288
loops/eureka_05.yml	true	false	0.38239	0.30180017900056555	59.568128	false	0.386534	0.29808139799933997	60.329984	false	0.716836	0.5521104580002429	59.416576	false	1.051323	0.8817272720007168	59.838464
loops/for_bounded_loop1.yml	false	false	0.226002	0.18072557499999675	56.709120	false	0.220719	0.18305391399917426	57.257984	false	0.40806	0.33608195100168814	57.843712	false	0.407243	0.3431468400012818	57.135104
loops/for_infinite_loop_1.yml	true	true	0.193809	0.15302385699942533	57.303040	true	0.196645	0.15973291699992842	56.803328	true	0.363941	0.2985857780004153	57.303040	true	0.358472	0.2959248719998868	57.634816
loops/for_infinite_loop_2.yml	true	true	0.19461	0.15956664900022588	56.889344	true	0.191253	0.1535744100001466	57.294848	true	0.350064	0.28315635599938105	56.770560	true	0.356723	0.2926032799987297	57.016320
loops/heavy-1.yml	false	TIMEOUT	300.804518	300.95989539199945	1399.037952	false	0.228285	0.18392623500039917	59.052032	false	0.399739	0.32519875800062437	59.199488	false	0.643172	0.5742299300000013	58.949632
loops/heavy-2.yml	true	TIMEOUT	300.809209	300.99718173600013	1370.927104	true	0.222063	0.1821985130009125	59.699200	true	0.398725	0.3298624300005031	59.592704	true	0.655034	0.5843465580001066	59.420672
loops/insertion_sort-1-2.yml	false	false	0.45268	0.3525573279994205	60.780544	false	0.406053	0.3201177010014362	60.379136	false	0.737745	0.5826238930021646	59.629568	false	2.012106	1.8683170799995423	105.013248
loops/insertion_sort-2-2.yml	true	false	0.413258	0.32173982899985276	60.522496	false	0.393025	0.3065587070013862	60.108800	false	0.736432	0.5676061640006083	59.764736	false	0.903324	0.7514429219991143	59.457536
loops/invert_string-1.yml	false	false	0.41581	0.3194512970003416	60.424192	false	0.384804	0.2939415669970913	60.481536	false	0.707768	0.5557650279988593	59.830272	false	0.810064	0.6543059079995146	60.334080
loops/invert_string-3.yml	true	false	0.431807	0.3367884640001648	59.600896	false	0.396783	0.3034842899978685	60.198912	false	0.726538	0.5674199950008187	59.531264	false	0.779272	0.6245282560012129	59.891712
loops/linear_sea.ch.yml	true	false	0.389936	0.30512991300020076	59.576320	false	0.37414	0.2941372719978972	60.026880	false	0.690924	0.5440930510012549	59.240448	false	0.710675	0.5586516830007895	59.498496
loops/linear_search.yml	false	false	0.402451	0.3196029949995136	59.691008	false	0.376782	0.29666982300113887	60.284928	false	0.690432	0.5416083399977651	59.437056	false	0.763868	0.6163574260026508	59.527168
loops/lu.cmp.yml	true	true	0.680235	0.5745520799991937	63.258624	true	0.578126	0.4741971800031024	64.012288	true	1.00852	0.8162926719996904	65.093632	true	101.141031	101.0377082849991	388.112384
loops/ludcmp.yml	false	false	0.597844	0.48425745099939377	67.559424	false	0.563285	0.4607932899998559	67.817472	false	1.000996	0.7916308299973025	62.586880	false	59.863005	59.70090650899874	312.303616
loops/matrix-1.yml	true	true	0.21027	0.1710191379997923	57.184256	true	0.204235	0.16275634600242483	56.881152	true	0.358494	0.29885076099890284	57.135104	true	0.212086	0.17621124200013583	57.389056
loops/matrix-2-2.yml	false	false	0.219009	0.18170664100034628	57.221120	false	0.218565	0.18203599300250062	57.200640	false	0.398889	0.33447298600003705	56.848384	false	0.264723	0.22699899500003085	57.389056
loops/n.c11.yml	true	false	0.357725	0.27667989899964596	59.326464	false	0.350243	0.27169393000076525	59.441152	false	0.626714	0.4904361629996856	59.301888	false	0.369507	0.29403389299841365	59.514880
loops/n.c24.yml	false	false	17.343525	17.253389015999346	165.662720	false	0.519765	0.4318030379981792	62.414848	false	0.926529	0.7665759589981462	59.666432	false	49.228789	49.162578062998364	308.350976
loops/n.c40.yml	true	false	0.208233	0.16497081599936791	59.416576	false	0.202359	0.16185585700077354	59.363328	false	0.37516	0.3060512859992741	59.052032	false	0.204998	0.1656232720015396	59.232256
loops/nec11.yml	false	false	0.359366	0.27863236099983624	59.609088	false	0.344864	0.2668683419979061	59.215872	false	0.641204	0.49353508000058355	59.301888	false	0.34689	0.27254220900067594	59.650048
loops/nec20.yml	false	false	0.364325	0.2819675760001701	59.949056	false	0.360044	0.2790307050017873	60.436480	false	0.649144	0.5017716900001687	59.568128	false	0.378701	0.2979524649999803	59.523072
loops/nec40.yml	true	false	0.209108	0.1717284970000037	59.375616	false	0.199489	0.16335414000059245	59.260928	false	0.368841	0.293499913001142	59.125760	false	0.224685	0.18438559800051735	59.183104
loops/string-1.yml	true	true	0.410935	0.3332798669998738	59.277312	true	0.389533	0.30675559299925226	60.096512	true	0.701846	0.5524075610010186	59.875328	true	0.941293	0.8610539660003269	74.600448
loops/string-2.yml	false	false	0.414275	0.3289167559996713	59.977728	false	0.385442	0.3050502160003816	60.198912	false	0.718219	0.5524426490010228	59.650048	false	0.924899	0.8427765390006243	75.358208
loops/sum01-2.yml	true	true	0.190175	0.15571786199961934	56.328192	true	0.19399	0.16049534699777723	57.217024	true	0.338578	0.2757633559995156	56.872960	true	0.202748	0.1639629210003477	56.995840
loops/sum01_bug02.yml	false	false	0.206426	0.16545805399982783	57.585664	false	0.199809	0.16371495500061428	57.786368	false	0.363423	0.2954751630022656	57.344000	false	0.213438	0.17498528199939756	56.958976
loops/sum03-1.yml	false	false	0.209899	0.1703852939999706	58.077184	false	0.196966	0.16148380300001008	57.057280	false	0.344831	0.2787356299995736	56.922112	false	0.203233	0.16456623800331727	57.761792
loops/sum03-2.yml	true	true	0.197728	0.1608582970002317	57.417728	true	0.189661	0.15529776699986542	56.803328	true	0.344304	0.27537710499746026	56.803328	true	0.189818	0.15903719900234137	57.085952
loops/sum04-1.yml	false	false	0.198406	0.15955830899929424	57.430016	false	0.200677	0.16455538300215267	56.782848	false	0.353696	0.28330389600159833	57.155584	false	0.185482	0.15499066100164782	57.360384
loops/sum04-2.yml	true	true	0.199686	0.15984431099968788	56.655872	true	0.185283	0.14935102199888206	56.954880	true	0.342723	0.2740444260016375	56.532992	true	0.197455	0.15601179800069076	57.507840
loops/sum_array-2-2.yml	true	false	0.421248	0.327125683000304	59.826176	false	0.402072	0.3096148420008831	60.424192	false	0.768284	0.5922421080031199	60.346368	false	0.589823	0.5052734700002475	60.248064
loops/terminator_01.yml	false	false	0.246567	0.20534730899998976	59.011072	false	0.187549	0.15302717099984875	59.133952	false	0.338763	0.2716206500008411	58.990592	false	0.192682	0.15461461000086274	59.138048
loops/terminator_02-2.yml	true	true	0.436386	0.3432433179996224	57.384960	true	0.353156	0.27752707099716645	57.409536	true	0.635502	0.4983969849999994	57.106432	true	0.378077	0.2941723309995723	57.851904
loops/terminator_02-2_abstracted.yml	true	false	0.202989	0.16503464100060228	56.745984	false	0.201708	0.15964223700211733	57.004032	false	0.36813	0.3004328179995355	57.094144	false	0.192626	0.15513292600007844	57.274368
loops/terminator_03-2.yml	true	true	0.25486	0.21187781000026007	56.975360	true	0.200859	0.1587175099994056	57.479168	true	0.347382	0.2792317150015151	56.934400	true	0.190936	0.15339124000092852	57.647104
loops/terminator_03-2_abstracted.yml	true	true	0.200754	0.1573910180004532	57.081856	true	0.180718	0.14792633899924112	56.848384	true	0.330549	0.26052472799710813	56.729600	true	0.18876	0.15275945800021873	57.483264
loops/trex01-1.yml	false	false	0.39173	0.30597136999949726	57.405440	false	0.383789	0.30495182399681653	57.851904	false	0.708067	0.5525319650005258	57.380864	false	0.470236	0.392973793001147	57.614336
loops/trex01-2.yml	true	true	0.378566	0.29735875300048065	57.905152	true	0.377273	0.29954350700063515	57.712640	true	0.695423	0.553924353000184	57.032704	true	0.500223	0.4246009080015938	57.458688
loops/trex02-1.yml	true	true	0.344731	0.27574621599978855	57.044992	true	0.349136	0.26457348800249747	57.487360	true	0.606696	0.4742954640023527	56.958976	true	0.370331	0.2959824729987304	57.417728
loops/trex02-2.yml	false	false	0.365197	0.2911023189999469	57.176064	false	0.344924	0.26911562199893524	57.479168	false	0.628205	0.4900413900031708	56.987648	false	0.373893	0.29853980199914076	57.360384
loops/trex03-1.yml	false	false	0.391763	0.30975737600056164	57.507840	false	0.365287	0.289927505000378	57.614336	false	0.649411	0.5150868570017337	57.155584	false	0.440605	0.36936790400068276	57.872384
loops/trex03-2.yml	true	true	0.382876	0.3045628539994141	57.364480	true	0.376618	0.2981017019992578	57.651200	true	0.691156	0.5435503059998155	57.229312	true	0.44311	0.3638435100001516	57.475072
loops/trex03-2_abstracted.yml	true	false	0.348824	0.2765976379996573	57.925632	false	0.342699	0.26506354299999657	57.630720	false	0.625537	0.4899113440005749	57.688064	false	0.347764	0.27112498700080323	57.696256
loops/trex04.yml	true	true	0.379962	0.2967851729999893	58.187776	true	0.346357	0.27674450799895567	57.503744	true	0.647294	0.4983021350017225	57.610240	true	0.363149	0.28661495100095635	57.655296
loops/trex04_abstracted.yml	true	true	0.369277	0.2859949539997615	58.257408	true	0.34747	0.2709618560002127	57.548800	true	0.678514	0.5350538109996705	57.438208	true	0.349966	0.27266228900043643	57.376768
loops/veris.c_NetBSD-libc_loop.yml	true	false	0.369018	0.2811964689999513	59.600896	false	0.360711	0.2788227259989071	60.084224	false	0.658481	0.513306446999195	59.559936	false	0.3634	0.28527639800086035	59.154432
loops/veris.c_OpenSER_cases1_stripFullBoth_arr.yml	true	true	0.519535	0.4362076719999095	59.146240	true	0.508758	0.425118889001169	60.297216	true	0.825766	0.6713833390022046	59.162624	true	14.12694	14.049920089000807	232.529920
loops/veris.c_sendmail_tTflag_arr_one_loop.yml	true	false	0.375444	0.2904625080000187	59.715584	false	0.368913	0.2862453829984588	59.621376	false	0.688905	0.5287351649967604	59.592704	false	0.38899	0.30564019799930975	59.428864
loops/verisec_NetBSD-libc_loop.yml	false	false	0.36822	0.2815570150005442	59.449344	false	0.358538	0.280988303002232	59.977728	false	0.661292	0.506173226996907	59.965440	false	0.36385	0.2871859400001995	59.813888
loops/verisec_OpenSER_cases1_stripFullBoth_arr.yml	false	false	0.524043	0.43457655499969405	60.227584	false	0.506758	0.42570052500013844	60.104704	false	0.870509	0.7154409909999231	60.116992	false	11.665124	11.578842333001376	224.624640
loops/vogal-1.yml	true	false	0.414413	0.3317040440006167	59.715584	false	0.394058	0.3110866619972512	60.256256	false	0.713426	0.5638239279978734	59.785216	false	2.524279	2.4417648580019886	130.924544
loops/vogal-2.yml	false	false	0.44293	0.359338303000186	59.465728	false	0.393415	0.3161792089995288	59.985920	false	0.708334	0.5504426829975273	59.703296	false	2.299974	2.2176452099993185	138.027008
loops/while_infinite_loop_1.yml	true	true	0.188746	0.15093765499932488	57.339904	true	0.179162	0.1461631669990311	56.860672	true	0.351096	0.28545478000160074	57.303040	true	0.188123	0.15117189699958544	57.081856
loops/while_infinite_loop_2.yml	true	true	0.196272	0.16104301099949225	56.877056	true	0.18537	0.14932258499902673	56.684544	true	0.341258	0.27801102200101013	56.700928	true	0.188266	0.15123565400062944	57.692160
loops/while_infinite_loop_3.yml	true	true	0.339047	0.25926134299970727	57.978880	true	0.330452	0.2590046160003112	57.720832	true	0.611408	0.47335841599851847	57.171968	true	0.347038	0.2667525149990979	57.516032
loops/while_infinite_loop_4.yml	false	false	0.351438	0.2702684969999609	57.876480	false	0.337887	0.25968979299796047	57.389056	false	0.607724	0.47602791900135344	57.208832	false	0.336991	0.2593161869990581	57.659392
loop-acceleration/array_1-1.yml	false	false	0.997152	0.9577142870002717	68.550656	false	0.197641	0.15725685399957	59.027456	false	0.375096	0.30633727500026	58.183680	false	0.220751	0.1802954580016376	59.527168
loop-acceleration/array_1-2.yml	true	false	1.020427	0.9807363990003068	68.636672	false	0.194303	0.1606720089985174	59.461632	false	0.349382	0.2783507549975184	59.265024	false	0.196497	0.16090017699752934	59.076608
loop-acceleration/array_2-1-simple.yml	false	false	7.590824	7.555967762999899	208.764928	false	0.214297	0.17431136800223612	58.970112	false	0.387692	0.3136555880009837	59.248640	false	0.373303	0.33644828199976473	59.375616
loop-acceleration/array_2-1.yml	false	false	4.383056	4.286849717000223	156.835840	false	0.357907	0.2718691350019071	59.772928	false	0.641896	0.4775876729981974	58.978304	false	0.409663	0.3228215010021813	59.817984
loop-acceleration/array_2-2-simple.yml	true	false	7.50576	7.466982201000064	210.100224	false	0.212413	0.17305626200322877	59.387904	false	0.389503	0.31559679599740775	59.281408	false	0.356632	0.31680572999903234	59.105280
loop-acceleration/array_2-2.yml	true	false	4.562174	4.4737465129992415	156.930048	false	0.358492	0.27554678799788235	60.436480	false	0.673132	0.5175820229997043	59.817984	false	0.402172	0.32414907600104925	59.445248
loop-acceleration/array_3-1.yml	true	true	1.347482	1.258062436999353	81.620992	true	0.355145	0.27531575999819324	59.654144	true	0.636535	0.4914788700007193	59.625472	true	0.366435	0.2788524569987203	59.674624
loop-acceleration/array_3-2.yml	false	false	1.364706	1.286022712999511	81.563648	false	0.337678	0.26275943300061044	59.592704	false	0.64549	0.504549246001261	58.847232	false	0.363454	0.2787259689976054	60.297216
loop-acceleration/array_4.yml	true	false	1.211387	1.126437631999579	69.537792	false	0.354268	0.27472336500068195	59.531264	false	0.648652	0.5018313830005354	59.936768	false	0.363192	0.28169647899994743	59.559936
loop-acceleration/const_1-1.yml	true	true	0.783924	0.7458845090004615	67.436544	true	0.189625	0.15473059700161684	57.417728	true	0.354768	0.2863595550006721	56.864768	true	0.21028	0.1611358440022741	56.823808
loop-acceleration/const_1-2.yml	false	false	0.737997	0.7011418199999753	67.633152	false	0.197338	0.15903162399990833	57.327616	false	0.360592	0.29560943199976464	56.696832	false	0.192057	0.15513496499988833	57.397248
loop-acceleration/const_1-2_abstracted.yml	false	false	0.198703	0.16001570000025822	57.389056	false	0.184929	0.15003433599849814	57.122816	false	0.354939	0.28846299900033046	57.085952	false	0.193743	0.1484832189998997	56.905728
loop-acceleration/diamond_1-1.yml	true	false	0.273359	0.24296414099990216	57.266176	false	0.197443	0.16209722599887755	56.987648	false	0.361903	0.29775206700287526	56.737792	false	0.206159	0.16754567700263578	56.885248
loop-acceleration/diamond_1-2.yml	false	false	0.342146	0.3037307390004571	57.069568	false	0.1947	0.16300303700336372	56.860672	false	0.375849	0.31018952100203023	56.901632	false	0.209353	0.1692308640012925	57.229312
loop-acceleration/diamond_2-2.yml	true	false	0.328285	0.28983557999981713	57.155584	false	0.198361	0.16106258899890236	57.507840	false	0.362348	0.29425072600133717	57.610240	false	0.225362	0.18711260000054608	57.540608
loop-acceleration/functions_1-1.yml	true	TIMEOUT	300.821509	300.97853142799977	1625.591808	true	0.339085	0.2672661380020145	57.671680	true	0.625009	0.48254889599775197	57.458688	true	0.357034	0.2789883639998152	57.638912
loop-acceleration/functions_1-2.yml	false	TIMEOUT	300.816104	300.9568533009997	1587.896320	false	0.342994	0.270961170001101	58.077184	false	0.663265	0.5183601839999028	57.704448	false	0.359472	0.28016076600033557	57.561088
loop-acceleration/multivar_1-1.yml	true	true	1.093632	1.053236415000356	68.296704	true	0.197771	0.1582390339972335	56.778752	true	0.344692	0.28566605000014533	57.106432	true	0.20123	0.15876419999767677	56.934400
loop-acceleration/multivar_1-2.yml	false	false	1.062854	1.0214143780003724	69.201920	false	0.195093	0.15891798099983134	57.401344	false	0.327056	0.2592054329979874	56.803328	false	0.193832	0.15869619700242765	57.008128
loop-acceleration/nested_1-1.yml	true	TIMEOUT	300.801463	300.9886055390007	1298.010112	true	0.249176	0.1956855260032171	57.892864	true	0.361332	0.29025239499969757	57.229312	true	0.220684	0.1817183049970481	58.003456
loop-acceleration/nested_1-2.yml	false	TIMEOUT	300.801676	301.00368169600006	1298.632704	false	0.198016	0.16035083399765426	57.327616	false	0.377575	0.30203548099962063	57.520128	false	0.201114	0.16478285899938783	56.651776
loop-acceleration/overflow_1-1.yml	true	true	0.206326	0.17099239700019098	57.430016	true	0.190348	0.1554891139967367	57.212928	true	0.358053	0.29355953199774376	57.053184	true	0.183826	0.14751379700101097	57.237504
loop-acceleration/phases_1-1.yml	true	TIMEOUT	300.788616	300.85022591100005	611.811328	false	0.189576	0.15651610900022206	56.983552	false	0.353822	0.28122436400008155	57.192448	false	0.19189	0.15518567499748315	57.012224
loop-acceleration/phases_1-2.yml	false	TIMEOUT	300.797999	300.84775568200075	617.439232	false	0.190043	0.15602228799980367	57.118720	false	0.35915	0.29396661999999196	56.848384	false	0.193349	0.16031542500059004	57.462784
loop-acceleration/phases_2-1.yml	false	false	0.253703	0.20225192899852118	56.864768	false	0.204526	0.1655982550000772	56.864768	false	0.398495	0.32969396699991194	57.131008	false	0.219581	0.1806655199980014	57.204736
loop-acceleration/phases_2-2.yml	true	false	0.212525	0.17677525100043567	56.950784	false	0.214477	0.17101745500258403	56.586240	false	0.379753	0.31186168499698397	57.229312	false	0.211568	0.17157839100036654	56.504320
loop-acceleration/simple_1-1.yml	false	TIMEOUT	300.824594	300.88758308900105	1220.993024	false	0.189217	0.1556378900022537	56.827904	false	0.340824	0.27714922899758676	57.135104	false	0.226943	0.18842052000036347	56.250368
loop-acceleration/simple_1-1_abstracted.yml	false	false	0.213853	0.17522395400010282	57.376768	false	0.186779	0.14672252200034563	57.008128	false	0.340721	0.2763876489989343	57.319424	false	0.364354	0.3021434180009237	56.860672
loop-acceleration/simple_1-2.yml	true	TIMEOUT	300.819228	300.88373468899954	1231.650816	true	0.185277	0.15285685299750185	56.901632	true	0.34663	0.2848061549993872	56.573952	true	0.239326	0.18980854699839256	56.553472
loop-acceleration/simple_1-2_abstracted.yml	true	true	0.189108	0.15432137199968565	57.135104	true	0.181188	0.1496167740006058	57.090048	true	0.346527	0.2802205350017175	57.425920	true	0.187591	0.15271690000008675	57.389056
loop-acceleration/simple_2-1.yml	true	TIMEOUT	300.818604	300.86769245699907	1200.234496	true	0.195731	0.15360267800133443	57.266176	true	0.341305	0.27896613299890305	56.983552	true	0.1907	0.15663822400165373	56.430592
loop-acceleration/simple_2-1_abstracted.yml	true	true	0.188775	0.15298453699870151	57.163776	true	0.183398	0.14999251100016409	56.721408	true	0.347643	0.27895538399752695	57.753600	true	0.18409	0.15014998100014054	57.163776
loop-acceleration/simple_2-2.yml	false	TIMEOUT	300.820472	300.8690263440003	1211.785216	false	0.188755	0.15490992500053835	57.020416	false	0.384944	0.3112747279992618	56.709120	false	0.185285	0.15123018600206706	57.393152
loop-acceleration/simple_3-1.yml	false	false	0.400518	0.3151416689997859	57.597952	false	0.34103	0.25947902699772385	57.323520	false	0.63285	0.4970776179980021	57.171968	false	0.338738	0.2646287409988872	57.643008
loop-acceleration/simple_3-2.yml	true	true	0.348557	0.27303765200122143	56.922112	true	0.340884	0.2701915239995287	57.626624	true	0.629551	0.4938357259998156	56.913920	true	0.338196	0.26965526699859765	57.389056
loop-acceleration/simple_4-1.yml	false	false	0.201978	0.16021017500133894	57.409536	false	0.191918	0.15609956300249905	57.233408	false	0.34818	0.28553097499752766	56.225792	false	0.202608	0.16003105700292508	57.761792
loop-acceleration/simple_4-1_abstracted.yml	false	false	0.190143	0.15586369800075772	57.344000	false	0.185899	0.1490192860001116	57.536512	false	0.342611	0.2752581819986517	57.229312	false	0.182095	0.1483413859969005	57.782272
loop-acceleration/simple_4-2.yml	true	true	0.206685	0.16747512400070264	56.807424	true	0.198892	0.16250706299979356	57.720832	true	0.351733	0.28241443099977914	57.024512	true	0.215733	0.16949863599802484	57.466880
loop-acceleration/simple_4-2_abstracted.yml	true	true	0.190746	0.15312540299964894	57.212928	true	0.189243	0.14885879899884458	56.893440	true	0.346798	0.2825437680003233	56.991744	true	0.181373	0.1462681490011164	57.745408
loop-acceleration/underapprox_1-1.yml	false	false	0.2018	0.16302539000025718	57.200640	false	0.193702	0.16126947600059793	57.200640	false	0.353242	0.2847907010000199	56.971264	false	0.196162	0.160312410996994	57.217024
loop-acceleration/underapprox_1-2.yml	true	false	0.194277	0.15824470600091445	57.683968	false	0.195681	0.1588457340003515	57.925632	false	0.375411	0.30425806299899705	57.442304	false	0.199009	0.15893094399871188	56.991744
loop-acceleration/underapprox_2-1.yml	false	false	0.198953	0.16004921099920466	56.987648	false	0.197127	0.16171141800077748	57.630720	false	0.374017	0.3079903309990186	57.135104	false	0.19689	0.15872078699976555	57.315328
loop-acceleration/underapprox_2-2.yml	true	true	0.224224	0.18308402099864907	57.262080	true	0.19783	0.1604429920007533	57.630720	true	0.351459	0.2848798020022514	56.934400	true	0.195601	0.15717632099767798	56.971264
loop-crafted/simple_array_index_value_1-1.yml	true	false	0.962156	0.9165751710006589	79.564800	false	0.214956	0.1736279589968035	59.531264	false	0.395122	0.31519261399807874	59.346944	false	0.215936	0.17888574999960838	59.305984
loop-crafted/simple_array_index_value_1-2.yml	false	false	45.038847	45.01652490500055	376.381440	false	0.196814	0.16121228500196594	58.875904	false	0.364808	0.2914846160019806	58.871808	false	0.202364	0.16521613900113152	58.834944
loop-crafted/simple_array_index_value_2.yml	true	false	19.520919	19.490137404000052	560.828416	false	0.200205	0.15981193100014934	58.953728	false	0.364349	0.29161823500180617	59.854848	false	0.204079	0.16222054099853267	59.289600
loop-crafted/simple_array_index_value_3.yml	true	false	52.470864	52.447042033998514	583.147520	false	0.200888	0.16182982499958598	59.273216	false	0.380412	0.30320828500043717	59.052032	false	0.315556	0.27595621299769846	59.891712
loop-crafted/simple_array_index_value_4.i.v+lhb-reducer.yml	true	TIMEOUT	300.826921	300.8413560280005	1210.302464	false	0.446235	0.3581677149995812	60.383232	false	0.815854	0.6498220569992554	60.358656	false	0.620575	0.5334808769985102	60.358656
loop-crafted/simple_array_index_value_4.i.v+nlh-reducer.yml	true	TIMEOUT	300.811056	300.7983097710003	940.818432	false	0.419742	0.3383784330035269	59.879424	false	0.808247	0.6464960729972518	60.506112	false	0.759879	0.6810475140009657	74.956800
loop-crafted/simple_array_index_value_4.yml	true	TIMEOUT	300.808625	300.82332487700114	943.554560	false	0.396879	0.2994178130029468	59.326464	false	0.691182	0.5407911930014961	58.904576	false	0.465052	0.3897723350019078	60.116992
loop-crafted/simple_vardep_1.yml	true	TIMEOUT	300.792397	300.85224556400135	612.872192	true	0.198848	0.15814163600225584	56.897536	true	0.353288	0.288492457002576	56.848384	true	0.194109	0.16281740399790579	56.803328
loop-crafted/simple_vardep_2.yml	true	TIMEOUT	300.795428	300.86220562000017	661.733376	true	0.199418	0.15984480500264908	58.159104	true	0.395209	0.3244658719995641	57.376768	true	0.201734	0.16786968400265323	57.257984
loop-invgen/MADWiFi-encode_ie_ok.yml	true	true	0.238607	0.20360181000069133	56.340480	true	0.217948	0.1797173679988191	56.950784	true	0.415099	0.3424209460026759	57.708544	true	0.228404	0.19077592200119398	56.893440
loop-invgen/NetBSD_loop.yml	true	true	0.257701	0.2143166019995988	57.188352	true	0.196685	0.16022636699926807	56.778752	true	0.361866	0.29272986100113485	57.573376	true	0.206738	0.16886659800002235	57.634816
loop-invgen/SpamAssassin-loop.i.v+cfa-reducer.yml	true	true	0.591041	0.546791024000413	67.723264	true	0.529012	0.48657472700142534	67.710976	true	0.854469	0.7750208800025575	66.531328	true	6.133042	6.093795815999329	164.003840
loop-invgen/SpamAssassin-loop.yml	true	true	0.411302	0.3714079209985357	56.700928	true	0.369251	0.3260697520017857	58.449920	true	0.639467	0.5702935330009495	57.266176	true	0.551936	0.5111241459999292	61.128704
loop-invgen/apache-escape-absolute.i.v+cfa-reducer.yml	true	true	0.492201	0.44911419700110855	72.536064	true	0.468124	0.4297170939971693	72.736768	true	0.897775	0.8158565689991519	72.617984	true	1.165705	1.1154451160000463	102.739968
loop-invgen/apache-escape-absolute.yml	true	true	0.387064	0.34760106499925314	56.774656	true	0.365712	0.33101490599801764	57.167872	true	0.668991	0.5956775609993201	57.999360	true	0.544886	0.5042946749999828	56.942592
loop-invgen/apache-get-tag.i.p+lhb-reducer.yml	true	true	3.27622	3.2338806339994335	125.640704	true	2.724994	2.680227176999324	125.558784	false	4.059146	3.9813000180001836	126.136320	false	12.41479	12.371443174997694	188.993536
loop-invgen/apache-get-tag.i.p+nlh-reducer.yml	true	TIMEOUT	300.799249	300.81391566500133	790.466560	TIMEOUT	300.805786	300.82369487600226	791.658496	TIMEOUT	300.766956	300.9082759390003	602.968064	TIMEOUT	300.782655	300.8465321449985	722.214912
loop-invgen/apache-get-tag.i.p+sep-reducer.yml	true	false	120.531771	120.48934837300112	544.493568	false	110.5926	110.54778755999723	544.468992	false	138.472872	138.43048653400183	499.658752	TIMEOUT	300.790827	300.83835914099836	943.824896
loop-invgen/apache-get-tag.i.v+lhb-reducer.yml	true	true	0.410266	0.3641282839998894	58.814464	true	0.422705	0.37539436199949705	58.933248	false	0.764904	0.6849061510001775	64.749568	false	2.488027	2.4509018970020406	140.722176
loop-invgen/apache-get-tag.i.v+nlh-reducer.yml	true	true	0.41243	0.3734601760006626	58.372096	true	0.422414	0.3670973049993336	58.834944	false	0.738947	0.667126405001909	60.137472	false	1.731429	1.6814402109994262	129.138688
loop-invgen/apache-get-tag.yml	true	true	0.317036	0.2788309150000714	62.877696	true	0.319225	0.2844857320014853	57.851904	false	0.584094	0.5204524420005328	59.895808	false	0.441149	0.40245525000136695	61.603840
loop-invgen/down.yml	true	true	0.20126	0.15866318099870114	57.430016	true	0.196626	0.15832265399876633	57.446400	true	0.368568	0.3000476029992569	57.536512	true	0.219789	0.18430952100243303	56.578048
loop-invgen/fragtest_simple.yml	true	TIMEOUT	300.816287	300.88281060400004	1302.671360	true	0.207504	0.17351112100004684	57.114624	true	0.373423	0.30708838799910154	56.934400	true	0.301861	0.2650168330001179	57.184256
loop-invgen/half_2.yml	true	true	0.207727	0.1671233420001954	56.909824	true	0.204411	0.1703264620009577	56.999936	true	0.373898	0.3276819320017239	57.675776	true	0.231162	0.19652736900025047	57.270272
loop-invgen/heapsort.yml	true	true	0.385373	0.34594441700028256	72.507392	true	0.378449	0.341201060997264	57.528320	true	0.679962	0.616165863997594	56.995840	true	1.020332	0.9772156340004585	58.028032
loop-invgen/id_build.i.p+nlh-reducer.yml	true	true	7.458155	7.392534853999678	141.103104	true	6.363114	6.3056684939983825	140.640256	true	7.440119	7.336687433999032	140.046336	true	22.312763	22.267922192997503	239.177728
loop-invgen/id_build.i.p+sep-reducer.yml	true	true	6.297031	6.227674012001444	135.426048	true	5.8081	5.74696154999765	136.110080	true	7.468835	7.370276424000622	138.452992	true	20.872574	20.8197843789967	219.348992
loop-invgen/id_build.i.v+lhb-reducer.yml	true	true	0.296156	0.25148434299990186	56.979456	true	0.242722	0.20759467799871345	57.126912	true	0.451253	0.39068602100087446	56.623104	true	0.287008	0.2485188200007542	57.266176
loop-invgen/id_build.yml	true	true	0.220093	0.18540551400110417	56.754176	true	0.212264	0.17151498600287596	57.548800	true	0.398952	0.3257504040011554	57.614336	true	0.218904	0.1806276470015291	57.171968
loop-invgen/id_trans.yml	false	false	0.243158	0.2057911609990697	57.315328	false	0.257058	0.22274463400026434	56.786944	false	0.406434	0.34214325699940673	56.950784	false	0.241176	0.20085232600104064	56.836096
loop-invgen/large_const.yml	true	true	37.207162	37.17311129200061	509.374464	true	0.218078	0.1837880069979292	57.290752	true	0.382187	0.31211740399885457	57.376768	true	0.273909	0.24028759599968907	56.885248
loop-invgen/nest-if3.yml	true	true	0.202959	0.17006507999940368	57.548800	true	0.215779	0.17373334200237878	57.204736	true	0.376605	0.30842833399947267	58.019840	true	0.244712	0.21093808600198827	56.836096
loop-invgen/nested6.yml	true	false	0.245917	0.20681111300109478	57.278464	false	0.252562	0.21536451800056966	57.737216	false	0.457141	0.38923655100006727	56.954880	false	0.410532	0.36432397899989155	57.008128
loop-invgen/nested9.yml	true	true	0.233662	0.20117339399985212	57.626624	true	0.233022	0.19151142000191612	56.905728	true	0.419836	0.3525523710013658	56.512512	true	0.332551	0.29413531699901796	57.540608
loop-invgen/sendmail-close-angle.yml	true	false	0.259662	0.22075456099992152	56.950784	false	0.282155	0.2371357629999693	56.905728	false	0.483175	0.4179421020016889	56.750080	false	0.284671	0.24775204099933035	56.971264
loop-invgen/seq-3.yml	true	true	0.223405	0.18766839300042193	56.999936	true	0.238856	0.1956913899994106	56.987648	true	0.374619	0.30867171399950166	57.221120	true	0.245024	0.21184650199938915	57.204736
loop-invgen/string_concat-noarr.yml	true	TIMEOUT	300.820348	300.88006423299885	1320.136704	true	0.224729	0.1789070989980246	57.901056	true	0.375215	0.3000966619983956	57.278464	true	0.220659	0.18853186900014407	57.511936
loop-invgen/up.yml	true	true	0.222983	0.17295494199970562	56.561664	true	0.20789	0.16813771699889912	56.659968	true	0.348034	0.28201262899892754	56.901632	true	0.214818	0.17996449899874278	57.413632
loop-lit/afnp2014.yml	true	true	1.488441	1.4478823609988467	84.434944	true	0.195375	0.1580554799984384	56.922112	true	0.349153	0.2890269140007149	57.098240	true	0.203242	0.1672114130014961	56.778752
loop-lit/as2013-hybrid.yml	true	true	0.253105	0.21634743499998876	56.676352	true	0.208178	0.17174436200002674	56.754176	true	0.374896	0.2984600279996812	57.430016	true	0.224944	0.18751895699824672	57.274368
loop-lit/bh2017-ex-add.yml	true	true	0.909664	0.8158322110011795	60.219392	true	0.40713	0.33238047000122606	57.057280	true	0.717304	0.5779101439984515	57.634816	true	0.515177	0.4381055949997972	57.888768
loop-lit/bh2017-ex1-poly.yml	true	true	0.280801	0.24128245199972298	57.511936	true	0.260684	0.22571310800049105	56.627200	true	0.448905	0.3903597419994185	56.881152	true	0.265412	0.22379953800191288	57.450496
loop-lit/bh2017-ex3.yml	true	true	0.880027	0.7807258809989435	61.886464	true	0.368538	0.29747119300009217	57.700352	true	0.727387	0.582281127000897	57.331712	true	0.443694	0.3604170510006952	57.532416
loop-lit/bhmr2007.yml	true	true	0.20187	0.16481000000021595	57.020416	true	0.19672	0.1620871570012241	57.040896	true	0.375295	0.2978456719974929	57.196544	true	0.209255	0.1720235290013079	57.987072
loop-lit/cggmp2005.yml	true	true	0.193345	0.15392020299987053	58.277888	true	0.190595	0.15454351299922564	56.635392	true	0.359001	0.29313426200315007	57.368576	true	0.199495	0.16246425799909048	57.688064
loop-lit/cggmp2005_variant.yml	true	true	0.204264	0.16836727899863035	57.237504	true	0.193143	0.1548181360012677	56.696832	true	0.350501	0.2867856730008498	56.438784	true	0.203211	0.16260583499752101	57.421824
loop-lit/cggmp2005b.yml	true	true	0.361519	0.3265036680004414	56.999936	true	0.210121	0.17604551800104673	57.204736	true	0.376076	0.30443175500113284	57.397248	true	0.242113	0.20480790899819112	57.208832
loop-lit/css2003.yml	true	TIMEOUT	300.792665	300.847213817	686.616576	true	0.192199	0.1563679940009024	56.815616	true	0.361249	0.29514890700011165	57.499648	true	0.219128	0.17937691300176084	57.331712
loop-lit/ddlm2013.yml	true	false	0.209587	0.17313547599951562	56.786944	false	0.203143	0.1664678230008576	56.999936	false	0.37	0.34037298199837096	57.565184	false	0.243899	0.2075210370021523	57.327616
loop-lit/gj2007.c.i.p+lhb-reducer.yml	true	false	0.288	0.24949212899991835	57.602048	false	0.20905	0.17172176699750707	56.782848	false	0.408038	0.3350508900002751	57.827328	false	0.257685	0.21533246099716052	57.454592
loop-lit/gj2007.c.i.p+nlh-reducer.yml	true	false	0.373541	0.3259834360014793	61.022208	false	0.316364	0.26585200899717165	60.968960	false	0.578232	0.48535117199935485	61.501440	false	1.385924	1.3340365709991602	131.887104
loop-lit/gj2007.yml	true	false	0.259849	0.22234835800009023	56.897536	false	0.188701	0.1560865899991768	57.327616	false	0.346071	0.28206560100079514	56.651776	false	0.211661	0.1655343759994139	57.335808
loop-lit/gj2007b.yml	true	false	0.198545	0.16457722499944794	56.696832	false	0.208025	0.16858288499861374	57.233408	false	0.369657	0.29860048000045936	57.499648	false	0.214787	0.17961902399838436	56.651776
loop-lit/gr2006.yml	true	false	0.217788	0.18521187800070038	56.864768	false	0.194076	0.15551314399999683	57.466880	false	0.338114	0.2779514779977035	57.032704	false	0.196972	0.16356817099949694	57.094144
loop-lit/gsv2008.c.i.p+cfa-reducer.yml	true	true	0.203238	0.16393473599964636	56.516608	true	0.200878	0.16615654400084168	57.286656	true	0.370788	0.3011351660024957	56.836096	true	0.221007	0.17981855999823892	57.643008
loop-lit/gsv2008.c.i.v+cfa-reducer.yml	true	true	0.204153	0.16580215499925544	56.913920	true	0.197143	0.16035703400120838	57.192448	true	0.368729	0.30071058699832065	56.918016	true	0.200348	0.16679798500263132	57.393152
loop-lit/gsv2008.c.i.v+lhb-reducer.yml	true	true	0.206737	0.16615135200117948	57.729024	true	0.207835	0.1700008939988038	56.856576	true	0.383877	0.3165097430028254	57.712640	true	0.210946	0.17292597299820045	57.462784
loop-lit/gsv2008.yml	true	true	0.201997	0.15723039399927075	57.126912	true	0.191625	0.15572810699814	57.110528	true	0.33794	0.2677295409994258	56.918016	true	0.193724	0.15863930100022117	57.102336
loop-lit/hh2012-ex1b.yml	true	true	0.303199	0.2687743179994868	60.186624	true	0.215991	0.17786159200113616	57.249792	true	0.379649	0.31851747700056876	56.864768	true	0.231332	0.18893069499972626	57.737216
loop-lit/hh2012-ex2b.yml	true	true	0.374546	0.2981717189995834	57.114624	true	0.341564	0.265134337998461	57.667584	true	0.636032	0.49587730599887436	57.581568	true	0.375624	0.29826918300022953	57.090048
loop-lit/hh2012-ex3.yml	true	true	0.271003	0.22896181000032811	57.233408	true	0.250417	0.21655349899810972	57.270272	true	0.44926	0.3866836359993613	57.122816	true	0.275686	0.24161559699859936	57.184256
loop-lit/hhk2008.yml	true	true	0.195702	0.1605961009991006	57.225216	true	0.189725	0.1544587499993213	57.004032	true	0.354323	0.29193727600068087	56.803328	true	0.208456	0.1696225499981665	57.917440
loop-lit/jm2006.c.i.v+cfa-reducer.yml	true	true	0.206325	0.16235852499994508	57.397248	true	0.201851	0.1678803290014912	57.294848	true	0.373617	0.30956748700191383	56.623104	true	0.218332	0.18127246600124636	56.713216
loop-lit/jm2006.yml	true	true	0.199304	0.15876179000042612	56.987648	true	0.19943	0.1580584319999616	57.995264	true	0.3577	0.29224655399957555	56.532992	true	0.208644	0.168821659997775	56.877056
loop-lit/jm2006_variant.yml	true	true	0.20952	0.17340600799980166	57.225216	true	0.194342	0.1574929050002538	57.544704	true	0.374277	0.304667029002303	57.278464	true	0.213346	0.1736073630017927	57.229312
loop-lit/mcmillan2006.yml	true	false	0.2057	0.16818935399896873	59.576320	false	0.219724	0.16943942800207878	60.366848	false	0.373049	0.3043584529987129	59.224064	false	0.218592	0.1801631729977089	59.088896
loop-lit/mine2017-ex4.10.yml	true	true	0.216191	0.18823670299934747	56.455168	true	0.210971	0.16926763799710898	56.926208	true	0.379839	0.3126454859993828	57.466880	true	0.2021	0.17029383299814072	56.872960
loop-lit/mine2017-ex4.6.yml	true	true	0.222437	0.1819743260002724	56.922112	true	0.197078	0.1619357460003812	56.815616	true	0.380429	0.3147478739992948	56.901632	true	0.20419	0.17065938899759203	57.110528
loop-lit/mine2017-ex4.7.yml	true	true	0.359032	0.2832797589999245	57.745408	true	0.34245	0.2704011009991518	57.520128	true	0.650632	0.5067078000029142	58.114048	true	0.350404	0.2794959689999814	57.352192
loop-lit/mine2017-ex4.8.yml	true	true	0.345214	0.2684123790004378	58.028032	true	0.340927	0.26324299400221207	57.303040	true	0.610985	0.4745694020020892	57.257984	true	0.351633	0.27473629399901256	57.180160
loop-new/count_by_1.yml	true	TIMEOUT	300.811236	300.87899739099885	1217.179648	true	0.190702	0.15265405500031193	57.892864	true	0.361879	0.2969160880020354	57.237504	true	0.195084	0.15764293299798737	57.114624
loop-new/count_by_1_variant.yml	true	TIMEOUT	300.801658	300.8523026890016	800.653312	true	0.189646	0.1536956720010494	57.491456	true	0.346259	0.28518708199771936	57.229312	true	0.189457	0.15486351899744477	57.274368
loop-new/count_by_2.yml	true	TIMEOUT	300.812183	300.86948413999926	1204.420608	true	0.183418	0.14531107700167922	57.442304	true	0.333547	0.27024686000004294	56.369152	true	0.197884	0.1578481569995347	57.511936
loop-new/count_by_k.yml	true	TIMEOUT	300.823515	300.8780717610007	1674.252288	TIMEOUT	300.842206	300.96757621899815	1696.260096	false	0.335232	0.2661457149988564	56.889344	false	0.194258	0.16032912700029556	57.401344
loop-new/count_by_nondet.yml	true	TIMEOUT	300.794927	300.85182859699853	638.889984	false	0.348231	0.28847383099855506	57.167872	false	0.359787	0.2903193009988172	56.999936	false	0.210625	0.16881041700253263	57.348096
loop-new/gauss_sum.i.p+cfa-reducer.yml	true	false	0.199409	0.1671405599990976	57.401344	false	0.367998	0.3052069329969527	56.442880	false	0.354819	0.28003432900004555	56.844288	false	0.219094	0.17736977500317153	57.516032
loop-new/gauss_sum.i.p+lhb-reducer.yml	true	false	0.219513	0.18096723400049086	57.319424	false	0.391767	0.32218233100138605	57.151488	false	0.397787	0.326039325002057	56.946688	false	0.21876	0.1809398469995358	56.913920
loop-new/gauss_sum.i.v+cfa-reducer.yml	true	false	0.201738	0.16402882100010174	57.061376	false	0.370696	0.30449004999900353	57.667584	false	0.382186	0.3114718709985027	57.466880	false	0.211995	0.171998704001453	57.438208
loop-new/gauss_sum.yml	true	false	0.192121	0.1546105079996778	57.548800	false	0.338757	0.2737122239996097	57.438208	false	0.345279	0.2759357659997477	57.098240	false	0.19783	0.16254271199795767	57.376768
loop-new/half.yml	true	false	0.19704	0.1635427779983729	57.106432	false	0.36227	0.29977616900214343	57.307136	false	0.375213	0.30225073999827146	56.860672	false	0.215059	0.177461815001152	58.003456
loop-new/nested-1.yml	true	false	0.203758	0.17007290499896044	58.003456	false	0.370846	0.30685240300226724	56.975360	false	0.377968	0.31230545200014603	57.434112	false	0.233217	0.19468629800030612	57.712640
loop-industry-pattern/aiob_1.yml	true	false	0.697718	0.5725168460012355	64.286720	false	0.994203	0.7183613829984097	64.008192	false	0.969746	0.7282829839969054	63.504384	false	130.700282	130.61552825599938	1212.227584
loop-industry-pattern/aiob_2.yml	true	false	0.714072	0.5839046529999905	64.090112	false	0.986667	0.7363368349979282	64.688128	false	0.977004	0.7180265999995754	63.909888	false	133.029959	132.93022651900174	1102.127104
loop-industry-pattern/aiob_3.yml	true	false	0.732139	0.5900963690000935	63.811584	false	0.962259	0.7164470190000429	64.413696	false	1.002769	0.7443336529977387	64.147456	false	124.197455	124.11026680000214	1102.196736
loop-industry-pattern/aiob_4.c.v+cfa-reducer.yml	true	false	0.56461	0.43219520899947383	64.008192	false	0.968399	0.7134175190003589	64.606208	false	0.993719	0.7343981899975915	64.172032	false	38.83892	38.73814751399914	526.733312
loop-industry-pattern/aiob_4.c.v+lh-reducer.yml	true	false	0.55506	0.4199696750001749	64.024576	false	0.963763	0.7057170999978553	63.684608	false	1.018578	0.7540039999985311	64.741376	false	43.098958	42.983464382999955	531.533824
loop-industry-pattern/aiob_4.c.v+lhb-reducer.yml	true	false	0.901685	0.7603217010000662	71.618560	false	1.139488	0.8893856110007619	67.964928	false	1.192864	0.9188419590027479	67.395584	false	74.597364	74.52917806800178	722.337792
loop-industry-pattern/aiob_4.c.v+nlh-reducer.yml	true	false	1.056821	0.8608234370003629	171.417600	false	1.709234	1.3414528719986265	171.110400	false	1.734803	1.348098326001491	170.999808	false	1.196175	0.9729234180013009	171.077632
loop-industry-pattern/aiob_4.yml	true	false	0.550312	0.4309273769995343	63.139840	false	0.941259	0.6835420179995708	64.339968	false	0.986542	0.7124325330005377	63.750144	false	107.155979	107.03860512299798	951.246848
loop-industry-pattern/mod3.c.v+cfa-reducer.yml	true	false	0.209919	0.1739283120004984	57.036800	false	0.407168	0.33339744600016274	56.999936	false	0.384514	0.3219245919972309	57.241600	false	0.320052	0.2763495210019755	57.053184
loop-industry-pattern/mod3.c.v+lhb-reducer.yml	true	false	0.363829	0.32654336399900785	58.212352	false	0.772324	0.7002879220017348	58.023936	false	0.562573	0.4876014410001517	57.528320	false	14.420662	14.377054992997728	176.295936
loop-industry-pattern/mod3.c.v+sep-reducer.yml	true	false	0.355047	0.31295970599967404	58.216448	false	0.684464	0.6155683010001667	57.155584	false	0.518257	0.4491042500012554	57.057280	false	9.932888	9.902653347999149	180.322304
loop-industry-pattern/mod3.yml	true	false	0.204461	0.17209627900047053	57.270272	false	0.380967	0.3199647430010373	57.663488	false	0.381201	0.31478874199819984	57.024512	false	0.279104	0.2404814770015946	56.766464
loop-industry-pattern/ofuf_1.yml	true	TIMEOUT	300.831054	300.7953592009999	1643.036672	false	4.344187	4.152497735998622	118.865920	false	4.598289	4.393214477000583	120.365056	TIMEOUT	300.897222	300.8815614800005	4375.654400
loop-industry-pattern/ofuf_2.yml	true	TIMEOUT	300.83712	300.8076809160011	1724.092416	false	4.796256	4.614947407000727	119.021568	false	5.055521	4.8440718759993615	122.744832	TIMEOUT	300.809167	300.81143078100285	942.436352
loop-industry-pattern/ofuf_3.yml	true	TIMEOUT	300.830478	300.79292267899837	1654.407168	false	4.451762	4.271803159997944	118.964224	false	4.572792	4.376143912999396	120.303616	TIMEOUT	300.829647	300.778987812002	944.734208
loop-industry-pattern/ofuf_4.yml	true	TIMEOUT	300.828146	300.8001852190009	1668.857856	false	5.01747	4.828471800999978	117.006336	false	6.876895	6.703475441001501	122.699776	TIMEOUT	300.823378	300.74847143199804	949.624832
loop-industry-pattern/ofuf_5.yml	true	TIMEOUT	300.841438	300.8101064479997	1647.910912	false	4.535131	4.3424220380002225	122.261504	false	5.308818	5.1057633249984065	118.730752	TIMEOUT	300.817636	300.76970411500224	959.311872
loops-crafted-1/Mono1_1-1.yml	false	TIMEOUT	300.7915	300.8481070430007	615.731200	false	0.348196	0.28444805999970413	57.823232	false	0.379737	0.31528375999914715	56.786944	false	0.20542	0.17316005999600748	57.262080
loops-crafted-1/Mono1_1-2.yml	true	TIMEOUT	300.791391	300.8487345369995	617.803776	false	0.376997	0.2913018450017262	57.745408	false	0.386053	0.3138127969978086	56.905728	false	0.207948	0.1682466510028462	57.475072
loops-crafted-1/Mono3_1.yml	false	TIMEOUT	300.799952	300.85464046200104	823.853056	false	0.351977	0.28046617900326964	57.114624	false	0.376122	0.3036478120011452	58.413056	false	0.209176	0.17084626900032163	57.081856
loops-crafted-1/Mono4_1.yml	false	TIMEOUT	300.79135	300.8493631320016	638.353408	false	0.361291	0.2953830199985532	56.999936	false	0.361334	0.2945864419998543	56.823808	false	0.217367	0.17091115399671253	58.179584
loops-crafted-1/Mono5_1.yml	false	TIMEOUT	300.801951	300.8457758120021	850.997248	false	0.360896	0.29212088200074504	56.913920	false	0.359515	0.29699222199997166	56.520704	false	0.214171	0.17704115900414763	56.963072
loops-crafted-1/Mono6_1.yml	false	TIMEOUT	300.793449	300.85969876799936	553.693184	false	0.349322	0.2845983139995951	56.930304	false	0.361267	0.2943476059990644	57.204736	false	0.207256	0.16998273400531616	56.905728
loops-crafted-1/discover_list.yml	true	false	282.464316	282.4254446490013	838.152192	TIMEOUT	300.788175	300.70483901199987	328.220672	TIMEOUT	300.72513	300.93992814599915	328.310784	TIMEOUT	300.795472	300.7539405400021	615.026688
loops-crafted-1/iftelse.yml	true	false	0.226177	0.18912741099848063	57.790464	false	0.386169	0.3231954170005338	57.270272	false	0.399999	0.32747486700100126	58.052608	false	0.272429	0.2299743550029234	56.741888
loops-crafted-1/in-de20.yml	true	true	0.204529	0.1627355919990805	57.331712	true	0.374163	0.3092060519993538	57.262080	true	0.40481	0.33115510400239145	56.844288	true	0.209064	0.17122811199806165	57.098240
loops-crafted-1/in-de31.yml	true	true	0.212281	0.17920552899886388	57.188352	true	0.373387	0.3103500430006534	57.139200	true	0.425176	0.35188600499895983	57.094144	true	0.246893	0.2051853330049198	57.225216
loops-crafted-1/in-de32.yml	true	true	0.203939	0.16787025400117273	57.221120	true	0.371888	0.3062139590001607	57.294848	true	0.427322	0.3466416859992023	57.585664	true	0.249381	0.19434917100443272	57.090048
loops-crafted-1/in-de41.yml	true	true	0.215486	0.18052981800065027	57.073664	true	0.391914	0.3283554549998371	57.102336	true	0.424147	0.35360502600087784	56.979456	true	0.256614	0.2162379939982202	57.606144
loops-crafted-1/in-de42.yml	true	true	0.21118	0.17267889399954583	57.311232	true	0.398273	0.3286481159993855	57.954304	true	0.414911	0.34038469300139695	57.585664	true	0.268413	0.22554069100442575	57.049088
loops-crafted-1/in-de51.yml	true	true	0.219872	0.18283469699963462	57.397248	true	0.407144	0.3404188800013799	57.946112	true	0.424478	0.34081822199732414	57.450496	true	0.288178	0.2498546909992001	58.036224
loops-crafted-1/in-de52.yml	true	true	0.226986	0.1839107019986841	56.983552	true	0.388777	0.319848221999564	57.188352	true	0.411054	0.3346410099984496	57.790464	true	0.276965	0.24046548499609344	57.176064
loops-crafted-1/in-de61.yml	true	true	0.226824	0.1897967789991526	57.901056	true	0.43988	0.35976211399975	57.253888	true	0.416459	0.34717239499877905	56.905728	true	0.340606	0.3025511189989629	57.212928
loops-crafted-1/in-de62.yml	true	true	0.231391	0.19327111800157581	56.840192	true	0.392295	0.32536094099850743	57.409536	true	0.426283	0.3501296109971008	56.578048	true	0.369411	0.321561823002412	57.331712
loops-crafted-1/loopv1.yml	true	false	0.198425	0.16095371799747227	56.848384	false	0.365422	0.3017820720015152	57.315328	false	0.377449	0.3048644789996615	57.651200	false	0.218085	0.18111712999962037	57.110528
loops-crafted-1/loopv2.yml	true	true	0.204501	0.17043648500111885	57.192448	true	0.370567	0.30242988299869467	57.798656	true	0.396018	0.3280792490004387	56.934400	true	0.281803	0.24190853999607498	56.864768
loops-crafted-1/loopv3.yml	true	TIMEOUT	300.8185	300.88000463599747	1258.016768	false	0.377866	0.3086553670000285	57.913344	false	0.398739	0.32006081299914513	57.364480	false	0.21007	0.1709835059955367	57.491456
loops-crafted-1/mono-crafted_1.yml	true	TIMEOUT	300.795603	300.8398190320004	637.874176	false	0.369677	0.305145778998849	57.430016	false	0.407472	0.3290268310011015	57.200640	false	0.22728	0.18602341099904152	57.495552
loops-crafted-1/mono-crafted_10.yml	true	TIMEOUT	300.789002	300.84408096800325	553.771008	false	0.35025	0.28745954199985135	56.942592	false	0.397133	0.32815632200072287	57.384960	false	0.200164	0.1663197689995286	56.885248
loops-crafted-1/mono-crafted_11.yml	true	TIMEOUT	300.792027	300.84990611899775	617.766912	false	0.354581	0.2877189430000726	57.323520	false	0.359152	0.2869411030005722	56.676352	false	0.202207	0.16649603899713838	56.643584
loops-crafted-1/mono-crafted_12.yml	true	TIMEOUT	300.791686	300.84213864499907	553.553920	false	0.356188	0.2944485740008531	57.430016	false	0.386906	0.31336837600247236	58.126336	false	0.21177	0.1747373200050788	57.290752
loops-crafted-1/mono-crafted_13.yml	true	TIMEOUT	300.808203	300.860767107999	851.595264	false	0.372016	0.3065463400016597	57.319424	false	0.393448	0.3270709349999379	57.380864	false	0.222347	0.18441696499940008	57.262080
loops-crafted-1/mono-crafted_14.yml	true	TIMEOUT	300.796572	300.8390079139972	639.057920	false	0.387258	0.3151168570002483	57.241600	false	0.394083	0.31891552500019316	58.798080	false	0.241791	0.19832902699999977	56.352768
loops-crafted-1/mono-crafted_3.yml	true	TIMEOUT	300.794013	300.8459692799988	636.096512	false	0.377697	0.31225155500214896	56.807424	false	0.403997	0.33562796600017464	57.958400	false	0.224789	0.18797464200179093	57.053184
loops-crafted-1/mono-crafted_6.yml	true	TIMEOUT	300.796672	300.8418800420004	655.106048	false	0.360236	0.28970635600126116	56.614912	false	0.374447	0.30578641000101925	57.896960	false	0.217512	0.1816186190044391	57.171968
loops-crafted-1/mono-crafted_7.yml	true	TIMEOUT	300.79475	300.8323632039974	633.851904	false	0.357613	0.2896540300025663	56.676352	false	0.382096	0.31575033299668576	57.053184	false	0.224805	0.1848455869985628	58.023936
loops-crafted-1/mono-crafted_8.yml	true	TIMEOUT	300.803597	300.8566628430017	854.335488	false	0.3657	0.3033238659991184	56.778752	false	0.386789	0.31878407600015635	57.180160	false	0.232349	0.19576543100265553	56.754176
loops-crafted-1/mono-crafted_9.yml	true	TIMEOUT	300.794423	300.84466145600163	641.327104	false	0.35587	0.28842173399971216	57.753600	false	0.379554	0.3063528920029057	57.597952	false	0.226997	0.1841388660031953	57.180160
loops-crafted-1/nested3-1.yml	true	TIMEOUT	300.81422	300.87703491999855	1202.012160	true	0.408076	0.3438479420001386	57.393152	true	0.432867	0.3617896579999069	57.917440	true	0.303986	0.26786230000288924	57.376768
loops-crafted-1/nested3-1_abstracted.yml	true	TIMEOUT	300.828459	300.88881443599894	1459.232768	true	0.406724	0.3426374980008404	57.487360	true	0.449433	0.3813694519994897	58.097664	true	0.290623	0.25190985599328997	57.905152
loops-crafted-1/nested3-2.yml	false	TIMEOUT	300.822462	300.88500781699986	1196.564480	false	0.406113	0.34205338900210336	57.053184	false	0.435213	0.3624559430027148	57.962496	false	0.286173	0.2551524439986679	57.532416
loops-crafted-1/nested3-2_abstracted.yml	false	false	0.220678	0.18291818500074442	57.278464	false	0.376042	0.3134778890016605	57.135104	false	0.427261	0.3575432309989992	57.225216	false	0.241467	0.1955932839991874	57.171968
loops-crafted-1/nested5-1.yml	true	TIMEOUT	300.846887	300.89797075200113	1861.836800	true	0.440601	0.37774725700001	58.142720	true	0.496361	0.4283787280000979	57.434112	true	0.553942	0.5193344619983691	60.846080
loops-crafted-1/nested5-2.yml	false	TIMEOUT	300.818064	300.88101883000127	1200.361472	false	0.410244	0.35120795499824453	57.008128	false	0.461553	0.3924090000000433	56.885248	false	0.590145	0.5487455670008785	61.825024
loops-crafted-1/nested_delay_nd.yml	true	TIMEOUT	300.811464	300.86922123099794	1096.720384	false	0.48507	0.42153709899866953	57.118720	false	0.490593	0.42513014700307394	58.138624	false	0.821522	0.7835192080019624	57.597952
loops-crafted-1/nested_delay_notd2.yml	false	false	0.507914	0.46746399800031213	57.692160	false	0.471479	0.4121837390011933	57.679872	false	0.47194	0.39570952499707346	57.978880	false	0.774801	0.7347968739995849	57.479168
loops-crafted-1/net_reset.yml	true	true	1.300694	1.2218169230000058	61.743104	true	0.67443	0.5336609840014717	59.985920	true	0.694684	0.548744928000815	60.329984	true	0.559107	0.48328647699963767	59.629568
loops-crafted-1/sum_by_3.yml	true	true	0.218019	0.17861949800135335	57.204736	true	0.381669	0.3210422970005311	57.376768	true	0.39369	0.32267471399973147	57.454592	true	0.240374	0.20121190299687441	57.413632
loops-crafted-1/sum_by_3_abstracted.yml	true	true	0.229799	0.187984135998704	57.114624	true	0.364973	0.2963134009987698	57.614336	true	0.386308	0.30931313399923965	58.376192	true	0.214761	0.17600773299636785	57.344000
loops-crafted-1/sum_natnum.yml	true	TIMEOUT	300.797335	300.866417256002	887.554048	false	0.344932	0.28333202799694845	57.110528	false	0.406826	0.3319928529999743	57.270272	false	0.21061	0.17078905399830546	56.778752
loops-crafted-1/sumt2.yml	true	true	0.207559	0.16850759999942966	57.212928	true	0.363908	0.3026916210001218	57.364480	true	0.399252	0.3265487110002141	58.261504	true	0.235389	0.19748906700260704	57.733120
loops-crafted-1/sumt3.yml	true	true	0.239481	0.2046355219972611	57.126912	true	0.444606	0.37852616899908753	56.889344	true	0.407958	0.3330863609990047	57.442304	true	0.330296	0.2906985259978683	57.507840
loops-crafted-1/sumt4.yml	true	true	0.292162	0.25394962599966675	56.967168	true	0.57663	0.5152121960018121	57.294848	true	0.415902	0.3483157820010092	57.090048	true	0.537446	0.5009244120010408	57.303040
loops-crafted-1/sumt5.yml	true	true	0.92299	0.8841316709986131	57.270272	true	1.198338	1.1373608050016628	57.135104	true	0.475079	0.4027614469996479	57.090048	true	1.062347	1.0241352189987083	92.454912
loops-crafted-1/sumt6.yml	true	true	1.178738	1.1411053519987036	57.151488	true	2.240904	2.1778992430008657	57.008128	true	0.511029	0.4416644640004961	57.790464	true	2.014659	1.9759988830046495	112.431104
loops-crafted-1/sumt7.yml	true	true	1.180335	1.141044365002017	56.803328	true	2.036167	1.9742238760009059	57.733120	true	0.557787	0.4839445739999064	57.544704	true	4.283132	4.253807054999925	126.431232
loops-crafted-1/sumt8.yml	true	TIMEOUT	300.76753	300.8000839430024	106.708992	TIMEOUT	300.775403	300.7944484019972	120.037376	true	0.697768	0.6291696459993545	57.704448	true	9.099485	9.054074089006463	142.659584
loops-crafted-1/sumt9.yml	true	TIMEOUT	300.783567	300.8210197410008	322.125824	TIMEOUT	300.776272	300.77837510000245	211.013632	true	0.897223	0.8246497990003263	57.671680	true	17.544484	17.508484908001265	144.080896
loops-crafted-1/theatreSquare.yml	true	false	0.528635	0.4502722659999563	57.659392	false	0.95203	0.8071988330011663	57.659392	false	0.991833	0.8413494220003486	58.195968	false	1.706015	1.6167160039985902	115.765248
loops-crafted-1/vnew1.yml	true	true	0.215349	0.1804193829993892	57.520128	true	0.426798	0.34991127400280675	56.938496	true	0.383856	0.319684590001998	57.139200	true	0.252986	0.21901167299802182	57.036800
loops-crafted-1/vnew2.yml	true	true	0.198492	0.16477529699841398	56.840192	true	0.367006	0.3003830369998468	56.995840	true	0.383045	0.3121650819994102	57.659392	true	0.218737	0.18358981599885738	57.061376
loops-crafted-1/watermelon.yml	true	true	0.361497	0.28599747600310366	57.540608	true	0.677355	0.5264890619982907	57.556992	true	0.686509	0.5252758200003882	58.216448	true	0.445448	0.36324903200147673	57.139200
loop-invariants/bin-suffix-5.yml	true	false	0.194396	0.15587108000181615	56.528896	false	0.352188	0.2888844849985617	56.938496	false	0.396523	0.32654953399833175	57.319424	false	0.20758	0.17002092199982144	57.118720
loop-invariants/const.yml	true	true	0.190492	0.1586085130002175	57.225216	true	0.364198	0.2895033000022522	57.159680	true	0.383695	0.31690507600069395	57.212928	true	0.221025	0.17748947300424334	57.430016
loop-invariants/eq1.yml	true	true	0.202934	0.163878046998434	57.622528	true	0.363148	0.2923202800011495	57.049088	true	0.379919	0.3086828359992069	57.110528	true	0.23407	0.19985707900195848	57.077760
loop-invariants/eq2.yml	true	true	0.187293	0.15204224700210034	57.069568	true	0.359825	0.2931457459999365	57.417728	true	0.356986	0.2865407019999111	57.122816	true	0.215315	0.1668737469954067	56.971264
loop-invariants/even.yml	true	true	0.192538	0.15454247200250393	57.249792	true	0.33797	0.2744413979999081	56.799232	true	0.361629	0.29891491899979883	57.446400	true	0.204766	0.16282031100126915	57.008128
loop-invariants/linear-inequality-inv-a.yml	true	false	0.350406	0.2721203129985952	57.364480	false	0.642439	0.504395696996653	57.282560	false	0.705736	0.5627737219983828	57.880576	false	0.395128	0.30713362600363325	57.798656
loop-invariants/linear-inequality-inv-b.yml	false	false	0.358164	0.2818913379996957	57.536512	false	0.640579	0.5042928090006171	57.479168	false	0.682111	0.5232415149985172	57.851904	false	0.411183	0.33198320300289197	57.016320
loop-invariants/linear-inequality-inv-c.yml	true	false	0.355047	0.2824507609984721	57.872384	false	0.64083	0.5089724850004131	57.368576	false	0.648044	0.515381637000246	57.688064	false	0.373219	0.29419911899458384	57.638912
loop-invariants/mod4.yml	true	true	0.190575	0.1556473359996744	56.786944	true	0.349285	0.28458286500244867	56.553472	true	0.34196	0.2752898910002841	57.257984	true	0.210127	0.1709528860010323	57.409536
loop-invariants/odd.yml	true	true	0.19271	0.1561507980004535	57.090048	true	0.350533	0.28868614900056855	57.671680	true	0.358084	0.2869375259979279	58.576896	true	0.204978	0.16290898300212575	57.241600
loop-invariants64/linear-inequality-inv-d.yml	true	false	0.208303	0.17458290699869394	57.311232	false	0.383723	0.32181691299774684	57.470976	false	0.409383	0.3353826550010126	57.532416	false	0.219768	0.18151951400068356	57.610240
loop-simple/deep-nested.yml	false	TIMEOUT	300.795889	300.8509672720029	696.549376	false	0.506253	0.43837809400065453	60.022784	false	0.522104	0.44553273700148566	56.872960	false	0.690659	0.6523342459986452	67.764224
loop-simple/nested_1.yml	true	true	0.198149	0.15917995599738788	56.999936	true	0.342076	0.2814012639973953	57.270272	true	0.371639	0.3091963400001987	56.979456	true	0.215648	0.1760394900047686	56.598528
loop-simple/nested_1b.yml	false	false	0.20107	0.15804322300027707	56.975360	false	0.350285	0.28506773300250643	56.979456	false	0.413947	0.34217708200230845	56.872960	false	0.196037	0.15900705099920742	57.331712
loop-simple/nested_2.yml	true	true	0.220908	0.18048589099998935	58.187776	true	0.379064	0.30684123799801455	56.926208	true	0.430393	0.35061023799789837	57.655296	true	0.240301	0.20378204599546734	57.401344
loop-simple/nested_3.yml	true	true	0.241041	0.2049918949996936	57.782272	true	0.426909	0.36063472000023467	56.627200	true	0.457779	0.37220779299968854	57.614336	true	0.296901	0.2576704430030077	56.905728
loop-simple/nested_4.yml	true	true	0.265417	0.22904911500154412	59.437056	true	0.471905	0.3921035019993724	60.162048	true	0.483925	0.4094377760011412	58.056704	true	0.351906	0.3075864990023547	61.968384
loop-simple/nested_5.yml	true	true	0.296266	0.2580574979983794	62.119936	true	0.495362	0.43052534199887305	57.638912	true	0.568092	0.49210267000307795	56.770560	true	0.513149	0.4692122929991456	62.083072
loop-simple/nested_6.yml	true	true	0.335766	0.2976436300014029	66.973696	true	0.546577	0.48166092400060734	69.488640	true	0.62024	0.5573748429997067	66.846720	true	0.831496	0.7898065419940394	85.614592
loop-zilu/benchmark02_linear.yml	true	true	0.188148	0.15336428800219437	57.397248	true	0.344555	0.2765614939999068	56.889344	true	0.389431	0.31374144599976717	57.389056	true	0.193911	0.15405863100022543	57.327616
loop-zilu/benchmark02_linear_abstracted.yml	true	true	0.184504	0.1509073659981368	57.118720	true	0.323039	0.2571626099997957	57.294848	true	0.366294	0.29617933299959986	58.019840	true	0.188062	0.1539509709982667	56.983552
loop-zilu/benchmark04_conjunctive.yml	true	true	0.192578	0.15593910900133778	56.844288	true	0.350737	0.28358288199888193	57.114624	true	0.383339	0.31792740099990624	57.032704	true	0.197499	0.15943295400211355	56.954880
loop-zilu/benchmark05_conjunctive.yml	true	false	0.195889	0.1608320149971405	56.930304	false	0.347006	0.28152626599694486	57.556992	false	0.409072	0.3312107450001349	57.438208	false	0.21259	0.16905624700302724	57.356288
loop-zilu/benchmark09_conjunctive.yml	true	true	0.189767	0.15911552900070092	57.020416	true	0.348042	0.2868608140015567	56.766464	true	0.392399	0.3203585880000901	57.184256	true	0.204549	0.15702725399751216	57.217024
loop-zilu/benchmark10_conjunctive.yml	true	true	0.277905	0.24198871600310667	57.159680	true	0.340077	0.2787582739983918	57.233408	true	0.360726	0.28947493099985877	57.065472	true	0.199792	0.1639328689998365	56.692736
loop-zilu/benchmark11_linear.yml	true	true	0.192725	0.15771483099888428	57.135104	true	0.34682	0.2817003729978751	57.286656	true	0.362879	0.29486293800073327	57.307136	true	0.198455	0.15470674300013343	57.077760
loop-zilu/benchmark11_linear_abstracted.yml	true	true	0.187221	0.1512556189991301	56.737792	true	0.347716	0.2828826679979102	57.044992	true	0.358781	0.2871937439995236	57.335808	true	0.189985	0.15152601199952187	57.008128
loop-zilu/benchmark14_linear.yml	true	true	0.191078	0.15765552000084426	57.065472	true	0.342085	0.278743310002028	56.741888	true	0.342968	0.27023052900040057	57.659392	true	0.196544	0.15419805100100348	56.815616
loop-zilu/benchmark17_conjunctive.yml	true	true	0.197592	0.16033756099932361	57.196544	true	0.331746	0.2708469450008124	57.217024	true	0.356179	0.2875848229996336	56.573952	true	0.195839	0.16324427999643376	56.950784
loop-zilu/benchmark18_conjunctive.yml	true	true	0.193231	0.15757843399842386	57.323520	true	0.349254	0.28600176600230043	56.291328	true	0.405216	0.3340072290011449	57.364480	true	0.210269	0.16682885299815098	56.995840
loop-zilu/benchmark19_conjunctive.yml	true	true	0.195023	0.15689739599838504	56.819712	true	0.351103	0.2843262539972784	57.401344	true	0.38184	0.30965338600071846	57.974784	true	0.205466	0.16896557500149356	56.709120
loop-zilu/benchmark20_conjunctive.yml	true	true	0.205383	0.1609856730028696	57.212928	true	0.350388	0.2836640669993358	57.143296	true	0.368957	0.29558979199646274	57.262080	true	0.201721	0.16200270099943737	56.848384
loop-zilu/benchmark23_conjunctive.yml	true	true	0.240944	0.20786370300265844	57.311232	true	0.344135	0.2803592740019667	56.811520	true	0.339558	0.2772968069984927	56.180736	true	0.200711	0.16276917600043816	57.323520
loop-zilu/benchmark25_linear.yml	true	true	0.191672	0.15863179999723798	57.536512	true	0.342738	0.2805256030005694	56.627200	true	0.378941	0.30823593300010543	57.446400	true	0.196189	0.15578815499611665	56.692736
loop-zilu/benchmark25_linear_abstracted.yml	true	true	0.185795	0.146554675000516	57.483264	true	0.318667	0.25692444699961925	57.061376	true	0.336367	0.26852747299926705	57.266176	true	0.208921	0.16793229899485596	57.323520
loop-zilu/benchmark26_linear.yml	true	true	0.187373	0.15187992900246172	57.483264	true	0.357876	0.2872042650014919	57.769984	true	0.346947	0.27770183999746223	56.786944	true	0.201393	0.16563235099602025	56.524800
loop-zilu/benchmark26_linear_abstracted.yml	true	true	0.192211	0.15385231199979899	57.430016	true	0.325526	0.26204313400012325	57.532416	true	0.328383	0.2577806060035073	57.085952	true	0.196697	0.1541761049957131	56.614912
loop-zilu/benchmark32_linear.yml	true	false	0.338455	0.26480899099988164	58.028032	false	0.600217	0.47680877500170027	57.520128	false	0.620893	0.48766014899956645	57.311232	false	0.369172	0.2952408069977537	57.589760
loop-zilu/benchmark33_linear.yml	true	true	0.227038	0.18641395200029365	56.918016	true	0.335014	0.27472029799901065	57.073664	true	0.348387	0.2834112799973809	56.934400	true	0.203243	0.16369903099985095	56.668160
loop-zilu/benchmark34_conjunctive.yml	true	true	0.195673	0.16068448499936494	57.204736	true	0.365661	0.2981598020014644	56.713216	true	0.346812	0.28172726800039527	57.712640	true	0.197673	0.1623374929986312	57.286656
loop-zilu/benchmark35_linear.yml	true	true	0.189918	0.15297516599821392	57.393152	true	0.334009	0.2730022409996309	57.319424	true	0.356175	0.2874760939994303	56.795136	true	0.194052	0.15887231699889526	56.651776
loop-zilu/benchmark37_conjunctive.yml	true	true	0.184919	0.15026193800076726	57.483264	true	0.34357	0.2775436680021812	57.208832	true	0.342721	0.2849040149994835	56.942592	true	0.200833	0.16137023900228087	56.733696
loop-zilu/benchmark43_conjunctive.yml	true	true	0.292748	0.2530853089992888	56.737792	true	0.340957	0.27647761200205423	57.028608	true	0.354348	0.288084292998974	57.368576	true	0.213548	0.17888556200341554	57.212928
loop-zilu/benchmark43_conjunctive_abstracted.yml	true	false	0.191966	0.15086020300077507	57.196544	false	0.349021	0.2761561580009584	57.184256	false	0.337566	0.2704436940002779	56.987648	false	0.190997	0.15550978499959456	57.151488
loop-zilu/benchmark51_polynomial.yml	true	false	0.338214	0.2619721010014473	58.122240	false	0.601205	0.47172251300071366	57.278464	false	0.598963	0.4638787190015137	57.724928	false	0.364046	0.2909719969975413	57.896960
loop-zilu/benchmark52_polynomial.yml	true	false	0.18789	0.15363437199994223	56.832000	false	0.360621	0.28855146999922	57.229312	false	0.333448	0.2709132509990013	57.274368	false	0.198279	0.15916196900070645	56.942592
nla-digbench/bresenham-ll.yml	true	false	0.232982	0.19554340800095815	57.032704	false	0.445102	0.37346949499988114	57.090048	false	0.410239	0.3426088759988488	56.942592	false	0.277188	0.23875206200318644	57.073664
nla-digbench/cohencu-ll.yml	true	false	0.44485	0.36723834199801786	57.982976	false	0.810979	0.6615807859998313	60.395520	false	0.789598	0.6538299409985484	57.335808	false	0.485394	0.40597698100464186	57.454592
nla-digbench/cohendiv-ll.yml	true	false	0.290411	0.2488165510003455	57.405440	false	0.536796	0.46395692599980976	57.421824	false	0.515949	0.4492108960002952	57.552896	false	0.413602	0.374335651002184	58.183680
nla-digbench/dijkstra-u.yml	true	false	0.509927	0.4724362310007564	57.307136	false	0.907327	0.8413938310004596	57.200640	false	0.761353	0.7004003700021713	59.904000	false	1.164927	1.1293985430020257	99.459072
nla-digbench/divbin.yml	false	false	0.224924	0.192994748998899	56.754176	false	0.430251	0.364230356997723	57.532416	false	0.388081	0.325889615000051	56.778752	false	0.317674	0.2826718440046534	57.364480
nla-digbench/divbin2.yml	true	false	0.2224	0.185594411999773	56.934400	false	0.406637	0.34100240800034953	56.918016	false	0.388255	0.32531227200161084	57.040896	false	0.295251	0.25726137399760773	57.253888
nla-digbench/egcd-ll.yml	true	false	0.485305	0.44497598800080596	57.348096	false	0.631272	0.5635136640012206	57.118720	false	0.554898	0.49264079699787544	57.360384	false	0.455834	0.41396107799664605	56.819712
nla-digbench/egcd2-ll.yml	true	false	0.33201	0.2932237109998823	59.744256	false	0.589029	0.5213452259995393	59.551744	false	0.562523	0.5002101120007865	58.818560	false	0.779616	0.7394854789963574	82.800640
nla-digbench/egcd3-ll.yml	true	false	0.35517	0.31896292400051607	57.237504	false	0.652855	0.5842269979984849	57.532416	false	0.617139	0.5523728900006972	58.019840	false	1.876326	1.8400088839989621	129.314816
nla-digbench/fermat1-ll.yml	true	false	0.25597	0.22221559700119542	57.536512	false	0.465077	0.3983366089996707	57.098240	false	0.469651	0.40512106800088077	57.364480	false	0.487126	0.4458538650069386	57.315328
nla-digbench/fermat2-ll.yml	true	false	0.212028	0.17881685799875413	57.008128	false	0.381006	0.31791700100075104	57.393152	false	0.389313	0.3262635390019568	56.930304	false	0.255775	0.2176206559961429	57.053184
nla-digbench/geo1-ll.yml	true	false	0.205519	0.17292061999978614	57.745408	false	0.384514	0.3150441670004511	57.655296	false	0.379328	0.3072435559988662	56.942592	false	0.24035	0.19876231899979757	57.339904
nla-digbench/geo1-u.yml	false	false	0.20307	0.1706605250001303	57.073664	false	0.376662	0.31229353500020807	57.286656	false	0.372402	0.30973172599988175	57.344000	false	0.230377	0.19084504499915056	56.786944
nla-digbench/geo2-ll.yml	true	false	0.204808	0.17336119000174222	57.020416	false	0.373006	0.3096664300028351	57.765888	false	0.380787	0.3138428130005195	57.409536	false	0.225698	0.19133879700530088	57.090048
nla-digbench/geo3-ll.yml	true	false	0.20335	0.16957480799828772	57.954304	false	0.392598	0.3245872789993882	57.298944	false	0.401511	0.33576176000133273	57.643008	false	0.225755	0.1854921070043929	57.053184
nla-digbench/hard-ll.yml	true	false	0.296269	0.2625626539993391	57.237504	false	0.541492	0.4747146550034813	56.950784	false	0.509847	0.4472998390010616	56.696832	false	0.46386	0.42803460999857634	56.954880
nla-digbench/hard-u.yml	false	false	0.304113	0.27013409699793556	57.462784	false	0.527738	0.46405357999901753	56.983552	false	0.516899	0.456868334000319	56.946688	false	0.554785	0.5180528429991682	56.836096
nla-digbench/hard2.yml	true	false	0.278623	0.24380832099996042	57.323520	false	0.496386	0.43456678399888915	57.028608	false	0.494284	0.42780053000024054	57.024512	false	0.432376	0.3927841030017589	56.918016
nla-digbench/knuth.yml	true	false	0.466472	0.3853012990002753	58.421248	false	0.801585	0.6545803519984474	58.109952	false	0.799148	0.6424722660012776	57.921536	false	0.855159	0.7671611510013463	58.052608
nla-digbench/lcm1.yml	true	false	0.347283	0.3066855580000265	57.839616	false	0.622231	0.5596205910005665	58.724352	false	0.586009	0.5153674479988695	58.007552	false	0.635271	0.6033706089947373	57.143296
nla-digbench/lcm2.yml	true	false	0.229534	0.19436173799840617	58.036224	false	0.42059	0.3540170609994675	57.069568	false	0.416123	0.3529660470012459	57.270272	false	0.286743	0.25096775500423973	57.241600
nla-digbench/mannadiv.yml	true	false	0.206377	0.17355100600252626	57.122816	false	0.395961	0.33218499799841084	57.200640	false	0.384927	0.3162924530006421	57.384960	false	0.238985	0.20259468300355365	56.684544
nla-digbench/prod4br-ll.yml	true	false	0.30421	0.26573103400005493	57.761792	false	0.542634	0.4716277630031982	57.139200	false	0.513187	0.445839027997863	57.585664	false	0.536885	0.494725844997447	57.552896
nla-digbench/prodbin-ll.yml	true	false	0.221234	0.18673766500069178	57.425920	false	0.408024	0.3449828860029811	57.356288	false	0.383893	0.3243801569988136	57.384960	false	0.2442	0.21069705699483166	57.282560
nla-digbench/ps2-ll.yml	true	false	0.204242	0.170168451997597	57.380864	false	0.375216	0.30758867300028214	56.926208	false	0.375573	0.3101276149973273	57.311232	false	0.216002	0.1796583620016463	57.409536
nla-digbench/ps3-ll.yml	true	false	0.354907	0.2774737190011365	58.036224	false	0.646153	0.503411056000914	57.593856	false	0.654568	0.5169825410011981	57.577472	false	0.373628	0.2904070110016619	57.802752
nla-digbench/ps4-ll.yml	true	false	0.366074	0.28563621600187616	57.761792	false	0.644312	0.5093040200008545	57.503744	false	0.640708	0.5125693699992553	57.335808	false	0.384093	0.30097259899775963	58.736640
nla-digbench/ps5-ll.yml	true	false	0.363637	0.2878711560006195	57.917440	false	0.671265	0.5295486750001146	57.180160	false	0.665445	0.5337229620017752	58.044416	false	0.381477	0.29814989199803676	57.077760
nla-digbench/ps6-ll.yml	true	false	0.358246	0.28673543200056884	57.671680	false	0.651622	0.5152374440003769	57.540608	false	0.645109	0.5125555369995709	57.389056	false	0.388398	0.30842366800061427	57.966592
nla-digbench/sqrt1-ll.yml	true	false	0.242227	0.20288615399840637	56.963072	false	0.431821	0.36858571999982814	57.040896	false	0.460913	0.3974101450003218	57.233408	false	0.27337	0.22958650500368094	57.565184
nla-digbench-scaling/bresenham-ll_unwindbound1.yml	false	false	0.232313	0.19292611100172508	56.971264	false	0.414096	0.35231705399928614	57.806848	false	0.41916	0.35107908500140184	57.188352	false	0.299876	0.2600306520034792	57.339904
nla-digbench-scaling/bresenham-ll_unwindbound10.yml	false	false	5.65924	5.623633538998547	56.909824	false	1.224024	1.161027362999448	57.028608	false	0.421838	0.35734130600030767	57.040896	false	0.303747	0.2646735620000982	57.303040
nla-digbench-scaling/bresenham-ll_unwindbound100.yml	false	false	170.001115	170.0029369119984	76.627968	false	0.760692	0.6949086450003961	57.270272	false	0.46297	0.3985526380020019	57.171968	false	0.345217	0.31103098099993076	57.225216
nla-digbench-scaling/bresenham-ll_unwindbound2.yml	false	false	0.266921	0.22622143799890182	57.217024	false	0.499176	0.43275729900051374	56.696832	false	0.410619	0.34056939799847896	57.167872	false	0.305888	0.26661866500217	57.184256
nla-digbench-scaling/bresenham-ll_unwindbound20.yml	false	false	34.618733	34.583930226999655	59.305984	false	6.265608	6.197909278002044	56.762368	false	0.421671	0.35915811999802827	57.135104	false	0.315287	0.27190757499920437	57.208832
nla-digbench-scaling/bresenham-ll_unwindbound5.yml	false	false	0.611032	0.5733480470007635	57.368576	false	0.485874	0.4153828999988036	57.708544	false	0.414264	0.34865969000020414	57.421824	false	0.32747	0.2901443310038303	57.757696
nla-digbench-scaling/bresenham-ll_unwindbound50.yml	false	false	7.627178	7.588899741000205	78.589952	false	2.08622	2.0194337660032033	56.987648	false	0.452701	0.38333903799866675	56.295424	false	0.321097	0.27956502900633495	58.146816
nla-digbench-scaling/bresenham-ll_valuebound1.yml	true	false	0.259637	0.2217223509978794	57.380864	false	0.420599	0.3510402020001493	57.397248	false	0.401132	0.337302012998407	57.004032	false	0.286281	0.2442475510033546	57.286656
nla-digbench-scaling/bresenham-ll_valuebound10.yml	true	false	0.259501	0.2205431980000867	57.589760	false	0.414335	0.34643791599955875	57.171968	false	0.400524	0.3302351140009705	57.659392	false	0.283659	0.2440505310005392	57.516032
nla-digbench-scaling/bresenham-ll_valuebound100.yml	true	false	0.260035	0.22357300099974964	57.843712	false	0.424751	0.35280702499949257	57.380864	false	0.401481	0.33416715699786437	56.553472	false	0.281786	0.24180685600003926	57.556992
nla-digbench-scaling/bresenham-ll_valuebound2.yml	true	false	0.248103	0.20665440999800921	57.372672	false	0.407733	0.3427579589988454	57.851904	false	0.411101	0.3430552940008056	57.909248	false	0.284513	0.24609161000262247	56.909824
nla-digbench-scaling/bresenham-ll_valuebound20.yml	true	false	0.254099	0.2131476600006863	57.036800	false	0.407045	0.34463874100038083	56.983552	false	0.400713	0.3338618910020159	56.639488	false	0.283757	0.2430953139992198	58.195968
nla-digbench-scaling/bresenham-ll_valuebound5.yml	true	false	0.254424	0.21907106500293594	56.815616	false	0.430226	0.356635408999864	57.749504	false	0.398315	0.3337820860033389	57.434112	false	0.292499	0.25198113600345096	57.155584
nla-digbench-scaling/bresenham-ll_valuebound50.yml	true	false	0.267595	0.22440064799957327	57.479168	false	0.410152	0.34144432700122707	57.323520	false	0.397099	0.3276155470011872	56.721408	false	0.278253	0.2402427849956439	57.262080
nla-digbench-scaling/cohencu-ll_unwindbound1.yml	false	false	0.469203	0.3875140800009831	57.200640	false	0.818369	0.6801627970016852	57.470976	false	0.816002	0.6770717250001326	57.991168	false	0.52375	0.43988791100127855	57.688064
nla-digbench-scaling/cohencu-ll_unwindbound10.yml	false	false	0.467838	0.39598419400135754	57.815040	false	0.822688	0.6847525420016609	57.507840	false	0.809903	0.6776211040014459	57.372672	false	0.506462	0.42155118500522804	58.884096
nla-digbench-scaling/cohencu-ll_unwindbound100.yml	false	false	0.65155	0.5770941479968315	58.290176	false	0.811502	0.6755687540025974	57.847808	false	0.811289	0.6733750729981693	57.511936	false	0.49668	0.41644961700512795	58.859520
nla-digbench-scaling/cohencu-ll_unwindbound2.yml	false	false	0.461838	0.3812108479978633	57.864192	false	0.858799	0.7077806730012526	57.389056	false	0.820465	0.6815163600003871	57.319424	false	0.504608	0.4269669540008181	58.216448
nla-digbench-scaling/cohencu-ll_unwindbound20.yml	false	false	0.497392	0.42263616799755255	57.200640	false	0.830923	0.6851253670029109	57.397248	false	0.813253	0.6873231030003808	57.782272	false	0.507989	0.427370826000697	58.798080
nla-digbench-scaling/cohencu-ll_unwindbound5.yml	false	false	0.455257	0.382877797997935	57.864192	false	0.840958	0.7086034940002719	57.524224	false	0.798744	0.6750646610016702	57.815040	false	0.486229	0.41324514799634926	59.142144
nla-digbench-scaling/cohencu-ll_unwindbound50.yml	false	false	0.559535	0.4846782610002265	57.569280	false	0.876441	0.7330112739982724	57.397248	false	0.804689	0.6676707959995838	57.790464	false	0.53166	0.44882977299857885	58.208256
nla-digbench-scaling/cohencu-ll_valuebound1.yml	true	false	0.448358	0.36538890300289495	58.327040	false	0.805926	0.6755578259981121	57.618432	false	0.781627	0.6436742680016323	57.970688	false	0.499797	0.4167743049983983	57.405440
nla-digbench-scaling/cohencu-ll_valuebound10.yml	true	false	0.441634	0.37274876200172	57.491456	false	0.814813	0.664537617998576	57.749504	false	0.795443	0.6585986350000894	57.737216	false	0.486258	0.4016940350047662	57.683968
nla-digbench-scaling/cohencu-ll_valuebound100.yml	true	false	0.443239	0.3641483329993207	57.700352	false	0.832219	0.6774280949975946	57.204736	false	0.788782	0.6565353129990399	57.974784	false	0.471417	0.3922146930053714	57.253888
nla-digbench-scaling/cohencu-ll_valuebound2.yml	true	false	0.445911	0.3714024700020673	57.991168	false	0.847422	0.7014682050030387	57.352192	false	0.787337	0.6504364799984614	57.970688	false	0.497881	0.41704578699864214	57.896960
nla-digbench-scaling/cohencu-ll_valuebound20.yml	true	false	0.443056	0.3623703189987282	58.011648	false	0.803594	0.6632159669970861	57.024512	false	0.784045	0.6481285900008515	57.696256	false	0.513105	0.4274406300028204	57.823232
nla-digbench-scaling/cohencu-ll_valuebound5.yml	true	false	0.446081	0.3680037349986378	57.561088	false	0.817701	0.6843851110024843	58.064896	false	0.791466	0.6586741259998234	58.068992	false	0.486245	0.4050782030026312	57.708544
nla-digbench-scaling/cohencu-ll_valuebound50.yml	true	false	0.449073	0.3706601859994407	57.536512	false	0.793596	0.6597079489984026	57.618432	false	0.78206	0.6501814169969293	57.466880	false	0.489468	0.4130029969965108	57.573376
nla-digbench-scaling/cohendiv-ll_unwindbound1.yml	true	false	0.275978	0.23658806900130003	57.581568	false	0.510669	0.4399407830023847	57.167872	false	0.49918	0.4341190019986243	61.390848	false	0.375099	0.33290960399608593	57.565184
nla-digbench-scaling/cohendiv-ll_unwindbound10.yml	true	false	0.45239	0.41805967500113184	57.565184	false	0.626109	0.5586553280008957	60.239872	false	0.600295	0.5363158800028032	57.847808	false	0.733175	0.6886797330007539	61.022208
nla-digbench-scaling/cohendiv-ll_unwindbound100.yml	true	false	2.157131	2.121115000001737	67.276800	false	0.69094	0.6242388270002266	59.387904	false	0.668547	0.6015778969995154	61.243392	false	0.797064	0.7613829719994101	61.767680
nla-digbench-scaling/cohendiv-ll_unwindbound2.yml	true	false	0.318928	0.2811000830006378	62.316544	false	0.592344	0.5273959779988218	59.432960	false	0.558429	0.494374030000472	61.026304	false	0.634485	0.599395983001159	63.201280
nla-digbench-scaling/cohendiv-ll_unwindbound20.yml	true	false	0.688795	0.6499085350005771	59.944960	false	0.645016	0.573995737999212	58.748928	false	0.604123	0.5344453920006345	61.706240	false	0.692514	0.657671531997039	61.263872
nla-digbench-scaling/cohendiv-ll_unwindbound5.yml	true	false	0.363948	0.32525488499959465	58.040320	false	0.615655	0.5413238100009039	61.968384	false	0.594853	0.5287303559998691	60.846080	false	0.636185	0.5971815169978072	61.968384
nla-digbench-scaling/cohendiv-ll_unwindbound50.yml	true	false	0.970731	0.9324529069999699	62.062592	false	0.64991	0.5862391610025952	62.005248	false	0.63375	0.5648031169985188	61.485056	false	0.776404	0.7379442329984158	60.948480
nla-digbench-scaling/cohendiv-ll_valuebound1.yml	true	false	0.285771	0.25070243300069706	57.536512	false	0.503407	0.4417501550015004	57.286656	false	0.507763	0.4417169329972239	57.221120	false	0.420467	0.3859145710011944	57.098240
nla-digbench-scaling/cohendiv-ll_valuebound10.yml	true	false	0.292706	0.25365687999874353	57.372672	false	0.537842	0.4725145029988198	58.036224	false	0.525104	0.457191541998327	57.704448	false	0.428459	0.3879117940014112	56.942592
nla-digbench-scaling/cohendiv-ll_valuebound100.yml	true	false	0.303108	0.2595133149989124	57.528320	false	0.556677	0.4925753290008288	58.019840	false	0.521452	0.4595574939994549	57.450496	false	0.500971	0.4632231729992782	57.409536
nla-digbench-scaling/cohendiv-ll_valuebound2.yml	true	false	0.289496	0.2551554549972934	57.913344	false	0.533331	0.47181814199939254	58.060800	false	0.528065	0.4578256729982968	57.896960	false	0.432646	0.40403569000045536	57.581568
nla-digbench-scaling/cohendiv-ll_valuebound20.yml	true	false	0.290065	0.2558708039978228	57.651200	false	0.527051	0.4615432040009182	58.441728	false	0.509738	0.44650817300134804	57.020416	false	0.433023	0.3932070119990385	57.643008
nla-digbench-scaling/cohendiv-ll_valuebound5.yml	true	false	0.300964	0.2576553130020329	57.450496	false	0.532092	0.4691459620007663	59.187200	false	0.513472	0.4507181139997556	56.619008	false	0.426243	0.38992686299752677	56.651776
nla-digbench-scaling/cohendiv-ll_valuebound50.yml	true	false	0.293564	0.258475960999931	57.253888	false	0.539284	0.47190264200253296	58.638336	false	0.519516	0.45674013499956345	56.807424	false	0.433947	0.39818197100248653	57.585664
nla-digbench-scaling/dijkstra-u_unwindbound1.yml	true	false	0.273032	0.23914265100029297	57.077760	false	0.50505	0.4383109690024867	57.126912	false	0.499677	0.42872544000056223	57.032704	false	0.325622	0.28848532299889484	56.672256
nla-digbench-scaling/dijkstra-u_unwindbound10.yml	false	false	0.838003	0.8002294699981576	57.262080	false	0.875002	0.8173788409985718	61.186048	false	0.747968	0.6852971779990185	57.257984	false	1.39236	1.3549641699937638	115.580928
nla-digbench-scaling/dijkstra-u_unwindbound100.yml	false	false	3.249706	3.2150234490000003	72.949760	false	0.897515	0.8318205199975637	57.360384	false	0.737822	0.6761579679987335	56.954880	false	1.420181	1.3814709709986346	113.053696
nla-digbench-scaling/dijkstra-u_unwindbound2.yml	true	false	0.509351	0.46569177100172965	58.155008	false	0.909968	0.8459807319995889	56.893440	false	0.730814	0.6669006360025378	57.372672	false	1.826398	1.7869590789996437	107.134976
nla-digbench-scaling/dijkstra-u_unwindbound20.yml	false	false	1.473988	1.43895686599717	69.799936	false	0.925294	0.8618892449994746	57.155584	false	0.847691	0.7786201919989253	57.319424	false	1.500616	1.4587345960026141	117.248000
nla-digbench-scaling/dijkstra-u_unwindbound5.yml	false	false	0.675744	0.6377743620032561	57.503744	false	0.836079	0.766134952998982	59.711488	false	0.79889	0.7243250479987182	57.479168	false	1.561823	1.519541964000382	117.301248
nla-digbench-scaling/dijkstra-u_unwindbound50.yml	false	false	2.389493	2.3453563759976532	63.074304	false	0.905743	0.8423764470026072	60.665856	false	0.815735	0.7486955070016847	57.241600	false	1.45833	1.416989803998149	115.097600
nla-digbench-scaling/dijkstra-u_valuebound1.yml	true	false	0.870572	0.8339169190003304	57.208832	false	1.427967	1.3692214190014056	59.723776	false	1.167272	1.0963205699990795	57.769984	false	1.726898	1.6929457669975818	110.911488
nla-digbench-scaling/dijkstra-u_valuebound10.yml	true	false	0.853152	0.8228499939978065	56.905728	false	1.240946	1.176245557002403	59.850752	false	1.116462	1.0562204630004999	57.057280	false	1.923643	1.8811079549996066	111.304704
nla-digbench-scaling/dijkstra-u_valuebound100.yml	true	false	0.918658	0.883582367998315	57.229312	false	1.253011	1.1932425740014878	59.744256	false	1.191056	1.1296814369998174	57.352192	false	1.768002	1.730799263001245	111.325184
nla-digbench-scaling/dijkstra-u_valuebound2.yml	true	false	0.930619	0.8949249380020774	58.175488	false	1.302091	1.2395071710016055	57.372672	false	1.425215	1.359830557998066	57.843712	false	1.587287	1.5484307469960186	107.335680
nla-digbench-scaling/dijkstra-u_valuebound20.yml	true	false	0.874515	0.8333259780010849	57.638912	false	1.256187	1.1873413039975276	60.932096	false	1.188487	1.1275926050002454	57.466880	false	1.646696	1.6098569289970328	111.185920
nla-digbench-scaling/dijkstra-u_valuebound5.yml	true	false	0.898056	0.8606688199979544	57.683968	false	1.245576	1.179122228997585	59.932672	false	1.375628	1.31139359199733	57.552896	false	1.758332	1.72217905800062	111.169536
nla-digbench-scaling/dijkstra-u_valuebound50.yml	true	false	0.886572	0.8498648920030973	57.094144	false	1.262026	1.2011783369998739	56.766464	false	1.155885	1.0923192520021985	56.950784	false	1.798838	1.7584231619985076	111.693824
nla-digbench-scaling/divbin2_unwindbound1.yml	true	false	0.209727	0.1740202280016092	56.950784	false	0.389236	0.31904309099991224	57.413632	false	0.386408	0.3217301510012476	57.135104	false	0.236323	0.20341243800066877	56.606720
nla-digbench-scaling/divbin2_unwindbound10.yml	true	false	0.288056	0.2454807610010903	57.298944	false	0.457686	0.3912838600008399	56.881152	false	0.421486	0.35794680300023174	57.688064	false	0.39821	0.3549991570034763	57.171968
nla-digbench-scaling/divbin2_unwindbound100.yml	true	false	0.795975	0.7592437650018837	60.379136	false	0.463949	0.3951975309973932	57.425920	false	0.433621	0.3657898950004892	57.249792	false	0.362494	0.32261819599807495	57.163776
nla-digbench-scaling/divbin2_unwindbound2.yml	true	false	0.239013	0.19960403100049007	57.311232	false	0.448891	0.38259986900084186	56.963072	false	0.425113	0.3634304709994467	57.372672	false	0.423541	0.38457622100395383	56.852480
nla-digbench-scaling/divbin2_unwindbound20.yml	true	false	0.320779	0.2847223770004348	57.118720	false	0.459979	0.3948753309996391	56.872960	false	0.43484	0.37090785799955484	57.085952	false	0.37774	0.3385625149967382	57.065472
nla-digbench-scaling/divbin2_unwindbound5.yml	true	false	0.269558	0.22824270600176533	57.581568	false	0.447464	0.37868799999705516	57.303040	false	0.437663	0.36666752000019187	57.520128	false	0.363774	0.32752453300054185	57.184256
nla-digbench-scaling/divbin2_unwindbound50.yml	true	false	0.386372	0.35183166500064544	57.008128	false	0.438257	0.37508211100066546	57.077760	false	0.424242	0.3603125889967487	57.208832	false	0.378396	0.33954559300036635	56.807424
nla-digbench-scaling/divbin2_valuebound1.yml	true	false	0.228224	0.19113581399869872	57.430016	false	0.42229	0.35559359199760365	57.782272	false	0.399367	0.32645149100062554	57.585664	false	0.293609	0.2581133670028066	57.147392
nla-digbench-scaling/divbin2_valuebound10.yml	true	false	0.229617	0.19396768200022052	57.520128	false	0.416301	0.3437918930030719	57.081856	false	0.398753	0.33554995299709844	57.344000	false	0.314723	0.27311676699901	57.167872
nla-digbench-scaling/divbin2_valuebound100.yml	true	false	0.220568	0.1886675079986162	56.713216	false	0.405455	0.3410473820003972	57.270272	false	0.391367	0.3288111639994895	57.389056	false	0.290744	0.25452780499472283	57.020416
nla-digbench-scaling/divbin2_valuebound2.yml	true	false	0.223382	0.18494510700111277	57.188352	false	0.408536	0.3413863370005856	56.799232	false	0.409367	0.34629267000127584	57.257984	false	0.304563	0.2675797429983504	57.221120
nla-digbench-scaling/divbin2_valuebound20.yml	true	false	0.22455	0.1891177739998966	57.741312	false	0.422698	0.3592179250008485	58.150912	false	0.391241	0.3280554060002032	57.315328	false	0.292291	0.25496381999982987	56.532992
nla-digbench-scaling/divbin2_valuebound5.yml	true	false	0.219805	0.18640825799957383	57.458688	false	0.408834	0.34508929699950386	57.106432	false	0.392567	0.32656569900063914	57.159680	false	0.304348	0.26652366800408345	56.594432
nla-digbench-scaling/divbin2_valuebound50.yml	true	false	0.222602	0.18408395699952962	57.778176	false	0.417262	0.35044900799766765	57.311232	false	0.397293	0.32842704899667297	57.217024	false	0.296797	0.2574080639969907	57.819136
nla-digbench-scaling/divbin_unwindbound1.yml	true	false	0.219454	0.18017604099804885	56.983552	false	0.387963	0.3217080540016468	57.282560	false	0.371726	0.31262002200310235	57.593856	false	0.239158	0.20525527000427246	57.438208
nla-digbench-scaling/divbin_unwindbound10.yml	false	false	0.326043	0.2836974060010107	56.938496	false	0.462656	0.3925072870006261	56.561664	false	0.453934	0.3864005530012946	57.233408	false	0.438086	0.39615820700419135	57.135104
nla-digbench-scaling/divbin_unwindbound100.yml	false	false	1.148432	1.1106199099995138	68.616192	false	0.466239	0.395932443003403	56.803328	false	0.454893	0.3742536200006725	56.754176	false	0.42422	0.3839183169984608	57.110528
nla-digbench-scaling/divbin_unwindbound2.yml	true	false	0.256872	0.22368839800037676	57.184256	false	0.455042	0.3891482299986819	56.868864	false	0.446671	0.38404271300169057	57.360384	false	0.415026	0.3783957060004468	57.700352
nla-digbench-scaling/divbin_unwindbound20.yml	false	false	0.425694	0.391758371002652	57.430016	false	0.443979	0.38078576599946246	56.668160	false	0.418424	0.35227886299981037	56.545280	false	0.383103	0.3442478299984941	57.380864
nla-digbench-scaling/divbin_unwindbound5.yml	true	false	0.281706	0.24766306099991198	57.110528	false	0.45578	0.3887699090009846	56.578048	false	0.431388	0.3620965520021855	57.376768	false	0.392319	0.3548658349973266	57.200640
nla-digbench-scaling/divbin_unwindbound50.yml	false	false	0.657763	0.6174398020011722	61.726720	false	0.4572	0.38970734599934076	57.024512	false	0.423866	0.3605510090019379	57.753600	false	0.384012	0.34572808200027794	57.372672
nla-digbench-scaling/divbin_valuebound1.yml	true	false	0.221831	0.1868343919995823	57.274368	false	0.401836	0.3352588800007652	56.782848	false	0.39182	0.3260390390023531	57.245696	false	0.326081	0.2863566929954686	57.290752
nla-digbench-scaling/divbin_valuebound10.yml	true	false	0.25072	0.21190269399812678	56.983552	false	0.427418	0.35979410800064215	57.028608	false	0.399533	0.33346177999919746	57.511936	false	0.362792	0.3221096189954551	57.106432
nla-digbench-scaling/divbin_valuebound100.yml	true	false	0.232418	0.19397983900125837	57.806848	false	0.422294	0.35695907799890847	57.622528	false	0.437133	0.3610802479997801	58.036224	false	0.355248	0.31803131099877646	57.245696
nla-digbench-scaling/divbin_valuebound2.yml	true	false	0.238964	0.20221169800061034	57.663488	false	0.412948	0.34969054400062305	57.528320	false	0.399671	0.33255106000069645	57.233408	false	0.350296	0.3141698899999028	57.024512
nla-digbench-scaling/divbin_valuebound20.yml	true	false	0.233532	0.1969471459997294	57.303040	false	0.426848	0.36267555199810886	57.335808	false	0.406537	0.33548370900098234	56.385536	false	0.354943	0.314746500000183	57.204736
nla-digbench-scaling/divbin_valuebound5.yml	true	false	0.232978	0.19537586100341287	57.495552	false	0.421092	0.3555516919986985	57.806848	false	0.407024	0.34256881900000735	56.737792	false	0.344841	0.309519693000766	57.405440
nla-digbench-scaling/divbin_valuebound50.yml	true	false	0.234228	0.19666236500052037	57.323520	false	0.427651	0.36012493100133725	57.618432	false	0.393936	0.32873415799986105	57.765888	false	0.357671	0.3151042610043078	57.241600
nla-digbench-scaling/egcd-ll_unwindbound1.yml	false	false	0.303213	0.26517204900301294	57.528320	false	0.550127	0.48354031900089467	57.466880	false	0.530622	0.4573289530017064	57.114624	false	0.466257	0.42861077999987174	57.008128
nla-digbench-scaling/egcd-ll_unwindbound10.yml	false	TIMEOUT	300.793783	300.82035410499884	299.393024	false	0.686568	0.6224178470001789	57.253888	false	0.608957	0.536925541000528	57.438208	false	0.508409	0.4680511380065582	57.499648
nla-digbench-scaling/egcd-ll_unwindbound100.yml	false	TIMEOUT	300.77659	300.8008848710015	227.274752	false	0.703853	0.6347398559992143	57.303040	false	0.60852	0.5419765769984224	58.179584	false	0.539197	0.4957037259955541	57.810944
nla-digbench-scaling/egcd-ll_unwindbound2.yml	false	false	1.783378	1.7459298499998113	74.100736	false	0.689297	0.6223933979999856	57.208832	false	0.62984	0.5610077089986589	57.667584	false	0.521631	0.4737322189976112	57.618432
nla-digbench-scaling/egcd-ll_unwindbound20.yml	false	TIMEOUT	300.772993	300.8030289800008	175.874048	false	0.718077	0.6479793480029912	57.569280	false	0.639247	0.5616475110000465	56.750080	false	0.505151	0.46118826400197577	56.811520
nla-digbench-scaling/egcd-ll_unwindbound5.yml	false	false	7.753672	7.717450510001072	103.337984	false	0.707542	0.6342882139979338	57.544704	false	0.646541	0.5778729590019793	57.192448	false	0.502551	0.4614766260056058	57.139200
nla-digbench-scaling/egcd-ll_unwindbound50.yml	false	TIMEOUT	300.775578	300.7928866430011	198.307840	false	0.681705	0.6167401170023368	57.696256	false	0.595592	0.5257054130015604	58.200064	false	0.495875	0.4562409430000116	57.040896
nla-digbench-scaling/egcd-ll_valuebound1.yml	true	false	0.240136	0.20100218099833	57.552896	false	0.430716	0.3631801590017858	58.290176	false	0.425151	0.35674934100097744	56.918016	false	0.258996	0.21301814999605995	57.688064
nla-digbench-scaling/egcd-ll_valuebound10.yml	true	false	0.572458	0.5399039299991273	57.102336	false	0.634986	0.5674291130017082	58.040320	false	0.571051	0.5005458199993882	57.085952	false	0.430832	0.3978794559952803	57.503744
nla-digbench-scaling/egcd-ll_valuebound100.yml	true	false	0.569584	0.5323924960030126	56.877056	false	0.625229	0.5545976549983607	57.110528	false	0.564592	0.5004996679999749	57.069568	false	0.466508	0.42655606199696194	57.331712
nla-digbench-scaling/egcd-ll_valuebound2.yml	true	false	0.539625	0.5021166849983274	59.789312	false	0.624145	0.5569053280014487	57.790464	false	0.581068	0.5128607660008129	56.651776	false	0.457993	0.4208476769999834	57.683968
nla-digbench-scaling/egcd-ll_valuebound20.yml	true	false	0.490438	0.4499187450019235	59.396096	false	0.660027	0.5835702889999084	57.077760	false	0.56169	0.4922321539997938	57.585664	false	0.436595	0.4023211640014779	57.315328
nla-digbench-scaling/egcd-ll_valuebound5.yml	true	false	0.511709	0.47569820700300625	58.355712	false	0.640573	0.5650828949983406	58.073088	false	0.572088	0.5030017509998288	57.536512	false	0.437687	0.4001010400024825	57.425920
nla-digbench-scaling/egcd-ll_valuebound50.yml	true	false	0.526413	0.4936125450003601	60.366848	false	0.619735	0.5507107239973266	57.769984	false	0.565362	0.5018227929977002	56.627200	false	0.442922	0.41077671100356383	57.274368
nla-digbench-scaling/egcd2-ll_unwindbound1.yml	false	false	0.293053	0.25697879799918155	57.729024	false	0.536107	0.47080671499861637	57.495552	false	0.521571	0.45071997600098257	57.483264	false	0.514073	0.4672079880037927	69.066752
nla-digbench-scaling/egcd2-ll_unwindbound10.yml	false	false	0.639814	0.5961323660012567	64.339968	false	0.790936	0.724415801003488	61.534208	false	0.70443	0.6346305049992225	61.448192	false	1.877811	1.839434074005112	121.380864
nla-digbench-scaling/egcd2-ll_unwindbound100.yml	false	false	2.963137	2.921581229998992	69.787648	false	1.984996	1.9143748259994027	68.022272	false	1.767287	1.6954056309987209	63.819776	false	2.76098	2.722861941998417	124.678144
nla-digbench-scaling/egcd2-ll_unwindbound2.yml	false	false	0.377809	0.3402807409984234	61.415424	false	0.684942	0.6206606469968392	58.572800	false	0.708495	0.624846142000024	57.835520	false	1.44094	1.4036337670040666	119.250944
nla-digbench-scaling/egcd2-ll_unwindbound20.yml	false	false	1.041398	1.0036040600025444	65.683456	false	0.879398	0.8109057469991967	62.545920	false	0.841706	0.774831800001266	62.099456	false	1.818701	1.7780317190045025	121.319424
nla-digbench-scaling/egcd2-ll_unwindbound5.yml	false	false	0.465674	0.42948474700096995	63.111168	false	0.741799	0.6777429219982878	62.259200	false	0.696573	0.6304092040008982	61.587456	false	1.967946	1.9297414899992873	121.315328
nla-digbench-scaling/egcd2-ll_unwindbound50.yml	false	false	1.634097	1.59414959300193	66.535424	false	1.17175	1.1046133090021613	64.921600	false	0.79822	0.7262293280000449	62.447616	false	1.919972	1.8794914609970874	121.602048
nla-digbench-scaling/egcd2-ll_valuebound1.yml	true	false	0.312315	0.2720520539987774	56.979456	false	0.553355	0.48584134000338963	64.909312	false	0.535768	0.46622410800046055	61.009920	false	0.61858	0.5815658909996273	67.690496
nla-digbench-scaling/egcd2-ll_valuebound10.yml	true	false	0.354184	0.3077054280001903	59.609088	false	0.636075	0.570497761000297	59.842560	false	0.575569	0.5064857450015552	57.483264	false	1.123653	1.0840723990040715	85.512192
nla-digbench-scaling/egcd2-ll_valuebound100.yml	true	false	0.35269	0.31044280100104515	59.318272	false	0.619303	0.5458663309982512	59.674624	false	0.582474	0.512050110999553	57.696256	false	1.010119	0.9734227770022699	85.303296
nla-digbench-scaling/egcd2-ll_valuebound2.yml	true	false	0.348978	0.3102522189983574	59.584512	false	0.623122	0.5577943759999471	59.973632	false	0.604882	0.536327103000076	57.143296	false	0.872049	0.8271154149988433	85.639168
nla-digbench-scaling/egcd2-ll_valuebound20.yml	true	false	0.351041	0.30461640800058376	59.846656	false	0.626525	0.5549149699982081	60.153856	false	0.591961	0.520034631001181	57.004032	false	0.885092	0.8434109989975695	85.512192
nla-digbench-scaling/egcd2-ll_valuebound5.yml	true	false	0.34433	0.3081618510004773	60.362752	false	0.612418	0.5335105730009673	59.998208	false	0.596978	0.5243654459991376	57.413632	false	0.980229	0.9395718449959531	85.581824
nla-digbench-scaling/egcd2-ll_valuebound50.yml	true	false	0.343123	0.30764930800069124	59.822080	false	0.618018	0.536937251999916	60.170240	false	0.58044	0.5122286030018586	56.832000	false	0.886511	0.8479388429987011	86.073344
nla-digbench-scaling/egcd3-ll_unwindbound1.yml	false	false	0.263136	0.22986247100197943	61.812736	false	0.478286	0.41587075400093454	61.186048	false	0.501192	0.42780999100068584	63.197184	false	0.355165	0.3149066859987215	65.937408
nla-digbench-scaling/egcd3-ll_unwindbound10.yml	false	false	0.634127	0.5966186309997283	71.528448	false	0.888887	0.816656516999501	69.144576	false	0.839436	0.7658769769986975	68.395008	false	4.526657	4.488608504005242	151.617536
nla-digbench-scaling/egcd3-ll_unwindbound100.yml	false	false	2.369376	2.330010305002361	77.111296	false	1.032402	0.9609606630001508	68.653056	false	1.277868	1.202083373998903	69.234688	false	4.964569	4.921035379004024	152.281088
nla-digbench-scaling/egcd3-ll_unwindbound2.yml	false	false	0.376356	0.337888911999471	66.109440	false	0.715319	0.647204632001376	64.606208	false	0.674695	0.6034304899985727	67.485696	false	3.596876	3.5546952820004662	143.855616
nla-digbench-scaling/egcd3-ll_unwindbound20.yml	false	false	1.188848	1.1478891389997443	73.781248	false	0.852303	0.7843715550006891	68.898816	false	0.834195	0.76468452699919	68.943872	false	4.874211	4.836558082002739	152.485888
nla-digbench-scaling/egcd3-ll_unwindbound5.yml	false	false	0.49933	0.4645319049996033	69.943296	false	0.892576	0.8286416400005692	68.812800	false	0.802671	0.7273547840013634	68.300800	false	4.364382	4.324837688000116	151.420928
nla-digbench-scaling/egcd3-ll_unwindbound50.yml	false	false	2.267881	2.2328382009982306	77.500416	false	0.94196	0.8772066450001148	69.156864	false	1.018221	0.9461536550006713	69.242880	false	6.147295	6.102201875000901	152.506368
nla-digbench-scaling/egcd3-ll_valuebound1.yml	true	false	0.381826	0.3394183820018952	63.299584	false	0.6926	0.6246983140008524	65.650688	false	0.677935	0.598882684000273	64.471040	false	2.345511	2.3087081019984907	133.324800
nla-digbench-scaling/egcd3-ll_valuebound10.yml	true	false	0.34802	0.3140688280000177	59.576320	false	0.684063	0.6117311779999	59.219968	false	0.630768	0.5624655339997844	60.227584	false	2.337144	2.2977294719967176	123.826176
nla-digbench-scaling/egcd3-ll_valuebound100.yml	true	false	0.361181	0.32194298499962315	59.174912	false	0.709663	0.6395425890004844	59.457536	false	0.65074	0.5812096330009808	60.346368	false	1.922323	1.8791147049996653	124.313600
nla-digbench-scaling/egcd3-ll_valuebound2.yml	true	false	0.349276	0.3150247679986933	58.953728	false	0.664561	0.5933436310006073	62.504960	false	0.66993	0.5998737839981914	60.264448	false	1.867987	1.824719840005855	123.801600
nla-digbench-scaling/egcd3-ll_valuebound20.yml	true	false	0.352855	0.31101319099980174	59.604992	false	0.674047	0.6029693800010136	59.260928	false	0.656414	0.5820431970023492	60.178432	false	1.878643	1.8290000159977353	123.916288
nla-digbench-scaling/egcd3-ll_valuebound5.yml	true	false	0.355913	0.31720619599946076	58.925056	false	0.652644	0.5795844479980587	59.219968	false	0.629387	0.5612382369981788	60.588032	false	2.027122	1.9874490489964955	123.813888
nla-digbench-scaling/egcd3-ll_valuebound50.yml	true	false	0.351915	0.31583582300299895	58.650624	false	0.647402	0.5793748420001066	59.322368	false	0.634289	0.5693848720002279	60.190720	false	1.898199	1.8650690499998746	124.276736
nla-digbench-scaling/fermat1-ll_unwindbound1.yml	false	false	0.252745	0.21330155699979514	57.405440	false	0.469104	0.40118970699768397	57.077760	false	0.449565	0.3775462250014243	57.311232	false	0.427896	0.39082201000564964	57.671680
nla-digbench-scaling/fermat1-ll_unwindbound10.yml	false	false	0.47157	0.42948162800166756	57.790464	false	0.670282	0.5957012899998517	57.077760	false	1.733363	1.6697473019994504	56.991744	false	1.354054	1.3157767919983598	101.130240
nla-digbench-scaling/fermat1-ll_unwindbound100.yml	false	false	5.171307	5.1233479130023625	92.667904	false	18.13521	18.078730301000178	72.159232	false	1.130523	1.065263975000562	56.860672	false	1.609648	1.5693719569972018	98.193408
nla-digbench-scaling/fermat1-ll_unwindbound2.yml	false	false	0.300267	0.2597824609983945	57.819136	false	0.562929	0.4934470920015883	57.417728	false	0.516196	0.4502542439986428	57.462784	false	0.786	0.7472812650012202	73.265152
nla-digbench-scaling/fermat1-ll_unwindbound20.yml	false	false	1.440106	1.4046130739989167	57.577472	false	0.629264	0.5647407029973692	57.225216	false	0.626084	0.5591194879998511	57.499648	false	1.551904	1.5190490029999637	106.991616
nla-digbench-scaling/fermat1-ll_unwindbound5.yml	false	false	0.408218	0.36192400400250335	57.671680	false	0.632007	0.5633266769982583	56.844288	false	1.122159	1.0523914389996207	57.446400	false	1.882586	1.836504500999581	101.011456
nla-digbench-scaling/fermat1-ll_unwindbound50.yml	false	false	1.282074	1.2445922299993981	60.645376	false	4.120392	4.057083502000751	57.262080	false	0.961524	0.8943738149973797	56.750080	false	1.591873	1.5491240640039905	109.985792
nla-digbench-scaling/fermat1-ll_valuebound1.yml	true	false	0.276703	0.24069003199838335	57.806848	false	0.529654	0.45612072799849557	57.081856	false	0.46955	0.40770498599886196	57.618432	false	0.587744	0.548002401003032	57.569280
nla-digbench-scaling/fermat1-ll_valuebound10.yml	true	false	0.282097	0.24494026499814936	57.380864	false	0.517325	0.4501822300007916	56.750080	false	0.473438	0.4091920359969663	57.487360	false	0.589348	0.5518867380014854	57.417728
nla-digbench-scaling/fermat1-ll_valuebound100.yml	true	false	0.275085	0.23967293199893902	56.938496	false	0.531524	0.4678874210003414	56.541184	false	0.479926	0.41229362699959893	57.647104	false	0.504664	0.4657701700052712	57.065472
nla-digbench-scaling/fermat1-ll_valuebound2.yml	true	false	0.270166	0.23575323499972	57.729024	false	0.503601	0.4407726779973018	56.922112	false	0.466854	0.40503779299979215	56.741888	false	0.491442	0.45682125099847326	57.057280
nla-digbench-scaling/fermat1-ll_valuebound20.yml	true	false	0.281897	0.24633938199986005	57.798656	false	0.511941	0.4455565630014462	57.135104	false	0.483192	0.4137063609996403	57.589760	false	0.558263	0.5149289990004036	58.003456
nla-digbench-scaling/fermat1-ll_valuebound5.yml	true	false	0.283468	0.24425844900179072	57.937920	false	0.500973	0.4371148019999964	56.676352	false	0.485791	0.4181187299982412	57.282560	false	0.508234	0.467852766996657	57.532416
nla-digbench-scaling/fermat1-ll_valuebound50.yml	true	false	0.285489	0.24526555899865343	57.704448	false	0.501693	0.4391501940008311	57.561088	false	0.50419	0.43351468200125964	59.609088	false	0.511598	0.4727400449992274	57.184256
nla-digbench-scaling/fermat2-ll_unwindbound1.yml	false	false	0.220126	0.18379134300266742	57.405440	false	0.396627	0.330670249000832	57.491456	false	0.409133	0.3374305139986973	57.319424	false	0.272708	0.23620976600068389	57.253888
nla-digbench-scaling/fermat2-ll_unwindbound10.yml	false	false	0.239498	0.20465371099999174	56.823808	false	0.404931	0.33970109300207696	57.176064	false	0.386719	0.3206047869971371	57.126912	false	0.267068	0.22606450699822744	57.069568
nla-digbench-scaling/fermat2-ll_unwindbound100.yml	false	false	0.369678	0.333591692000482	57.413632	false	0.396675	0.33432712799913133	57.077760	false	0.384552	0.3221912959998008	57.393152	false	0.277202	0.24569760000304086	56.709120
nla-digbench-scaling/fermat2-ll_unwindbound2.yml	false	false	0.216513	0.18147549399873242	57.229312	false	0.417566	0.3434751860004326	56.897536	false	0.396942	0.3340471230003459	57.671680	false	0.26548	0.23142592200019863	57.221120
nla-digbench-scaling/fermat2-ll_unwindbound20.yml	false	false	0.248737	0.21147854599985294	57.536512	false	0.39946	0.3306646119999641	57.827328	false	0.39866	0.3301254540019727	57.184256	false	0.277091	0.23997451000468573	57.319424
nla-digbench-scaling/fermat2-ll_unwindbound5.yml	false	false	0.230587	0.19752121000055922	56.991744	false	0.400839	0.33534021100058453	56.709120	false	0.388605	0.32824143200195977	57.094144	false	0.277412	0.23760760499862954	57.942016
nla-digbench-scaling/fermat2-ll_unwindbound50.yml	false	false	0.295736	0.25623419099792955	57.131008	false	0.406522	0.3332937180020963	57.544704	false	0.426726	0.3517522999973153	57.389056	false	0.271975	0.23173977899568854	56.983552
nla-digbench-scaling/fermat2-ll_valuebound1.yml	true	false	0.224095	0.1797607579974283	58.028032	false	0.38533	0.32332090999989305	56.987648	false	0.378395	0.3164399110028171	57.044992	false	0.267629	0.22867495399987092	56.741888
nla-digbench-scaling/fermat2-ll_valuebound10.yml	true	false	0.215748	0.17920963400320034	57.999360	false	0.407024	0.33928290599942557	57.049088	false	0.379496	0.32239635299993097	56.774656	false	0.256218	0.21752759000082733	57.581568
nla-digbench-scaling/fermat2-ll_valuebound100.yml	true	false	0.219011	0.18185170500146342	56.991744	false	0.390509	0.3244887290020415	57.569280	false	0.414372	0.3448256939991552	57.532416	false	0.271165	0.22071330199833028	57.782272
nla-digbench-scaling/fermat2-ll_valuebound2.yml	true	false	0.212261	0.17655782300062128	57.446400	false	0.38098	0.31876390899924445	57.028608	false	0.399213	0.33263820099818986	57.044992	false	0.246149	0.21181551799963927	57.245696
nla-digbench-scaling/fermat2-ll_valuebound20.yml	true	false	0.215613	0.17491237400099635	57.597952	false	0.385338	0.32390343799852417	57.335808	false	0.464845	0.3842849760003446	56.905728	false	0.251261	0.21123496900690952	57.528320
nla-digbench-scaling/fermat2-ll_valuebound5.yml	true	false	0.220959	0.1846302289995947	57.085952	false	0.398743	0.33134802999848034	57.184256	false	0.407864	0.3337494980005431	56.958976	false	0.263329	0.2187668879996636	57.090048
nla-digbench-scaling/fermat2-ll_valuebound50.yml	true	false	0.217687	0.17584530200110748	56.791040	false	0.387029	0.32256226999743376	57.298944	false	0.400747	0.3316290229995502	57.577472	false	0.256829	0.21573936400091043	57.733120
nla-digbench-scaling/freire1_valuebound1.yml	true	false	0.353776	0.279038987999229	57.761792	false	0.644875	0.5043968779973511	57.872384	false	0.643757	0.5168715410000004	57.155584	false	0.435615	0.3404821899966919	56.975360
nla-digbench-scaling/freire1_valuebound10.yml	true	false	0.349629	0.2755567050007812	58.314752	false	0.64377	0.5054894070017326	57.311232	false	0.631526	0.49536202300078	57.311232	false	0.37492	0.2937681399998837	57.282560
nla-digbench-scaling/freire1_valuebound100.yml	true	false	0.345711	0.27585443000134546	57.827328	false	0.642484	0.5137060699998983	56.975360	false	0.641016	0.4986193059994548	56.967168	false	0.372578	0.29102920000150334	57.274368
nla-digbench-scaling/freire1_valuebound2.yml	true	false	0.3553	0.2771009240022977	58.150912	false	0.627248	0.49862420900171855	57.757696	false	0.649947	0.5144135419977829	56.754176	false	0.377468	0.2907215459999861	56.889344
nla-digbench-scaling/freire1_valuebound20.yml	true	false	0.359628	0.28326585900140344	58.347520	false	0.632654	0.49284969799919054	57.266176	false	0.646477	0.5186756319999404	57.626624	false	0.378791	0.29732903900003294	57.491456
nla-digbench-scaling/freire1_valuebound5.yml	true	false	0.348603	0.2760257170011755	57.085952	false	0.647606	0.5130354350003472	56.991744	false	0.707411	0.547228362000169	57.872384	false	0.378568	0.2890311489973101	57.683968
nla-digbench-scaling/freire1_valuebound50.yml	true	false	0.348362	0.2748276620004617	57.188352	false	0.665444	0.5246929799977806	56.823808	false	0.668218	0.5255373729996791	57.229312	false	0.410535	0.3271073249998153	57.274368
nla-digbench-scaling/freire2_valuebound1.yml	false	false	0.401033	0.32558616700043785	57.962496	false	0.723396	0.5867836000034004	57.753600	false	0.747478	0.6131096110002545	58.015744	false	0.437429	0.35528083900135243	58.748928
nla-digbench-scaling/freire2_valuebound10.yml	false	false	0.39608	0.31704836300195893	57.667584	false	0.747871	0.6042487820013775	57.278464	false	0.712621	0.5837788050012023	57.942016	false	0.425967	0.34403875400312245	59.277312
nla-digbench-scaling/freire2_valuebound100.yml	false	false	0.413844	0.3349624459988263	57.864192	false	0.759031	0.6181995660008397	57.638912	false	0.708829	0.5821855789981782	57.647104	false	0.440475	0.3579474880025373	59.006976
nla-digbench-scaling/freire2_valuebound2.yml	false	false	0.404222	0.3249544230020547	57.331712	false	0.721319	0.5849406410015945	57.327616	false	0.72244	0.5887214229987876	57.057280	false	0.421167	0.3451575500002946	58.753024
nla-digbench-scaling/freire2_valuebound20.yml	false	false	0.405026	0.3224581769973156	57.565184	false	0.72813	0.596015986000566	57.597952	false	0.723949	0.5916975529980846	56.975360	false	0.417922	0.3469016540038865	58.507264
nla-digbench-scaling/freire2_valuebound5.yml	false	false	0.402793	0.3261303780018352	57.749504	false	0.75629	0.606683254998643	57.069568	false	0.708345	0.577485654001066	57.892864	false	0.424259	0.34981697100010933	58.855424
nla-digbench-scaling/freire2_valuebound50.yml	false	false	0.395753	0.3152435219999461	57.159680	false	0.739239	0.6107005979974929	57.520128	false	0.722364	0.5851850289982394	57.683968	false	0.430896	0.35428915599914035	58.994688
nla-digbench-scaling/geo1-ll2_unwindbound1.yml	true	false	0.213343	0.1749772139992274	57.114624	false	0.389977	0.31939611999769113	57.315328	false	0.398417	0.3343466369988164	58.183680	false	0.247696	0.2041216389989131	57.057280
nla-digbench-scaling/geo1-ll_unwindbound1.yml	true	false	0.214678	0.18074829400211456	57.536512	false	0.418637	0.34426530599739635	56.799232	false	0.399088	0.3359356809996825	56.324096	false	0.23482	0.1972621410022839	57.229312
nla-digbench-scaling/geo1-ll_unwindbound10.yml	true	false	0.219235	0.18948729899784666	57.184256	false	0.414676	0.34694672700061346	56.946688	false	0.39571	0.32865423100156477	56.991744	false	0.244763	0.2082229779989575	57.151488
nla-digbench-scaling/geo1-ll_unwindbound100.yml	true	false	0.345096	0.3042542199982563	57.204736	false	0.426936	0.36227578000034555	57.401344	false	0.4056	0.3260310540026694	57.061376	false	0.245179	0.20511006999731762	56.688640
nla-digbench-scaling/geo1-ll_unwindbound2.yml	true	false	0.218203	0.18064293699717382	57.208832	false	0.408602	0.3403153299987025	56.594432	false	0.389904	0.32420755500061205	56.635392	false	0.235518	0.1999441139996634	57.139200
nla-digbench-scaling/geo1-ll_unwindbound20.yml	true	false	0.240787	0.20335350499954075	57.233408	false	0.423933	0.3591370789981738	56.434688	false	0.424232	0.35513073300171527	56.848384	false	0.248645	0.20941986099933274	57.098240
nla-digbench-scaling/geo1-ll_unwindbound5.yml	true	false	0.223185	0.186461553999834	57.798656	false	0.424639	0.34660721800173633	56.934400	false	0.405049	0.3398272049998923	57.573376	false	0.251716	0.21466930000315187	57.634816
nla-digbench-scaling/geo1-ll_unwindbound50.yml	true	false	0.286784	0.2483353489988076	57.450496	false	0.406303	0.34049925900035305	57.053184	false	0.396109	0.3297977849979361	57.020416	false	0.249988	0.21106418000272242	57.454592
nla-digbench-scaling/geo1-ll_valuebound1.yml	true	false	0.207695	0.16169991100105108	57.266176	false	0.404167	0.33857864099991275	57.712640	false	0.358337	0.2976692730007926	57.569280	false	0.225391	0.18238501899759285	56.995840
nla-digbench-scaling/geo1-ll_valuebound10.yml	true	false	0.214148	0.17281342899877927	57.044992	false	0.385608	0.3186380189981719	56.860672	false	0.365373	0.3049547579976206	57.077760	false	0.229607	0.19308890600223094	57.266176
nla-digbench-scaling/geo1-ll_valuebound100.yml	true	false	0.208824	0.17503409600249142	57.286656	false	0.381919	0.31331558599777054	57.815040	false	0.364175	0.3009492950004642	56.983552	false	0.263817	0.2168168469943339	57.507840
nla-digbench-scaling/geo1-ll_valuebound2.yml	true	false	0.208997	0.17778441100017517	57.540608	false	0.380506	0.31536224799856427	58.126336	false	0.375985	0.31150671300201793	56.324096	false	0.233954	0.19326779300172348	57.507840
nla-digbench-scaling/geo1-ll_valuebound20.yml	true	false	0.209588	0.17492951299936976	57.016320	false	0.389154	0.3228338929984602	57.409536	false	0.397106	0.3341909599985229	56.954880	false	0.244128	0.19992547199944966	56.987648
nla-digbench-scaling/geo1-ll_valuebound5.yml	true	false	0.205205	0.17125257699808571	57.589760	false	0.390983	0.3252502299983462	56.729600	false	0.368783	0.3047205179973389	57.409536	false	0.224305	0.1878864589962177	56.639488
nla-digbench-scaling/geo1-ll_valuebound50.yml	true	false	0.218054	0.18012676299986197	57.212928	false	0.396726	0.3197634910029592	57.110528	false	0.392161	0.32035654699939187	57.335808	false	0.223935	0.18399777000013273	57.548800
nla-digbench-scaling/geo1-u_unwindbound1.yml	false	false	0.206478	0.17400396099765203	57.319424	false	0.389921	0.32444728500195197	57.516032	false	0.405911	0.3376371400008793	56.659968	false	0.240791	0.20451889600371942	57.044992
nla-digbench-scaling/geo1-u_unwindbound10.yml	false	false	0.232906	0.19018381200294243	56.889344	false	0.395193	0.32502346099863644	56.942592	false	0.393064	0.3233976690025884	57.196544	false	0.245807	0.2053632050010492	56.754176
nla-digbench-scaling/geo1-u_unwindbound100.yml	false	false	0.342683	0.3002122360012436	57.208832	false	0.402931	0.33894363599756616	57.761792	false	0.428403	0.3622685039990756	56.987648	false	0.243756	0.21001385899580782	57.221120
nla-digbench-scaling/geo1-u_unwindbound2.yml	false	false	0.216963	0.17880870699809748	57.565184	false	0.39355	0.3305529959980049	57.139200	false	0.442687	0.37242848000096274	56.844288	false	0.264066	0.21942680999927688	57.937920
nla-digbench-scaling/geo1-u_unwindbound20.yml	false	false	0.237007	0.20301127399943653	57.262080	false	0.387343	0.3275432880000153	58.093568	false	0.427916	0.3537370890007878	56.848384	false	0.268938	0.23191270299867028	57.077760
nla-digbench-scaling/geo1-u_unwindbound5.yml	false	false	0.210908	0.1786294400008046	57.004032	false	0.397479	0.32971634599743993	57.106432	false	0.386557	0.3252295040001627	57.073664	false	0.282147	0.2421594610059401	58.048512
nla-digbench-scaling/geo1-u_unwindbound50.yml	false	false	0.280132	0.23758723600258236	56.717312	false	0.408065	0.34113015200273367	56.516608	false	0.405323	0.33984342999974615	57.614336	false	0.271783	0.23686724599974696	57.839616
nla-digbench-scaling/geo1-u_valuebound1.yml	false	false	0.209452	0.1736725890004891	57.724928	false	0.411933	0.33663477700247313	57.577472	false	0.38511	0.3185483289998956	57.528320	false	0.251318	0.2119353369998862	57.253888
nla-digbench-scaling/geo1-u_valuebound10.yml	false	false	0.211116	0.1754560900008073	57.413632	false	0.384592	0.3219443859998137	57.290752	false	0.400154	0.3337117279988888	56.864768	false	0.225753	0.1909492560007493	56.987648
nla-digbench-scaling/geo1-u_valuebound100.yml	false	false	0.212235	0.1764894939988153	57.778176	false	0.370707	0.3069605420023436	57.724928	false	0.393545	0.32372848999875714	57.221120	false	0.258759	0.21600582600513007	57.421824
nla-digbench-scaling/geo1-u_valuebound2.yml	false	false	0.216005	0.17473153100218042	57.483264	false	0.376882	0.3130119999987073	57.335808	false	0.373535	0.3084348359989235	57.131008	false	0.245714	0.20632937199843582	57.126912
nla-digbench-scaling/geo1-u_valuebound20.yml	false	false	0.212364	0.17456535200108192	57.176064	false	0.379128	0.3129101489976165	57.401344	false	0.365777	0.30382110600112355	56.889344	false	0.220809	0.18766543899982935	56.700928
nla-digbench-scaling/geo1-u_valuebound5.yml	false	false	0.221866	0.1842276449970086	56.336384	false	0.38632	0.3243197610026982	57.098240	false	0.385753	0.3165682690014364	56.946688	false	0.23556	0.1995319850029773	57.634816
nla-digbench-scaling/geo1-u_valuebound50.yml	false	false	0.214809	0.17054364000068745	56.811520	false	0.384897	0.3203777650014672	57.344000	false	0.369543	0.30651476999992155	56.442880	false	0.224598	0.18784808599593816	57.356288
nla-digbench-scaling/geo2-ll2_unwindbound1.yml	true	false	0.217731	0.1830928320014209	57.450496	false	0.383836	0.3201465169986477	57.495552	false	0.377819	0.3121720529998129	57.675776	false	0.239425	0.20312012799695367	57.208832
nla-digbench-scaling/geo2-ll_unwindbound1.yml	true	false	0.216097	0.1762238109986356	57.438208	false	0.382163	0.3190052369973273	57.155584	false	0.380795	0.3142777489993023	56.668160	false	0.244285	0.20481458799622487	57.208832
nla-digbench-scaling/geo2-ll_unwindbound10.yml	true	false	0.226083	0.19033189499896253	56.705024	false	0.393774	0.33163349400274456	56.836096	false	0.386425	0.32006594400081667	57.597952	false	0.245309	0.2069742839958053	57.073664
nla-digbench-scaling/geo2-ll_unwindbound100.yml	true	false	0.343609	0.3040330440016987	57.544704	false	0.398627	0.32949274999919	57.622528	false	0.398065	0.3361279980017571	56.573952	false	0.246979	0.2069283800010453	57.114624
nla-digbench-scaling/geo2-ll_unwindbound2.yml	true	false	0.216829	0.17852391400083434	57.311232	false	0.393401	0.32840079900051933	57.012224	false	0.403128	0.33606306100045913	57.085952	false	0.243065	0.20182009600102901	57.135104
nla-digbench-scaling/geo2-ll_unwindbound20.yml	true	false	0.238847	0.19972516399866436	56.877056	false	0.392643	0.3322818350025045	57.544704	false	0.395315	0.3229709750012262	57.532416	false	0.257818	0.21462707299360773	56.967168
nla-digbench-scaling/geo2-ll_unwindbound5.yml	true	false	0.217274	0.1852325040017604	57.098240	false	0.397279	0.33246104499994544	56.651776	false	0.409051	0.3362147170009848	57.688064	false	0.244716	0.20431847799773095	56.827904
nla-digbench-scaling/geo2-ll_unwindbound50.yml	true	false	0.274755	0.23761784399903263	57.344000	false	0.387954	0.3202772080003342	57.524224	false	0.401861	0.3332958789978875	57.565184	false	0.265051	0.22497676400234923	57.217024
nla-digbench-scaling/geo2-ll_valuebound1.yml	true	true	0.210463	0.17525804699835135	56.967168	true	0.389603	0.32207850699705887	56.795136	true	0.40412	0.34319094799866434	56.901632	true	0.229416	0.1902795510031865	57.573376
nla-digbench-scaling/geo2-ll_valuebound10.yml	true	false	0.205928	0.16906197099888232	57.204736	false	0.387804	0.322380344998237	56.918016	false	0.381597	0.3194253959991329	57.188352	false	0.22872	0.19164703000569716	57.094144
nla-digbench-scaling/geo2-ll_valuebound100.yml	true	false	0.207543	0.1694853030021477	56.999936	false	0.393855	0.3244946600025287	58.195968	false	0.379516	0.31561305099967285	57.413632	false	0.231479	0.1919161929981783	56.889344
nla-digbench-scaling/geo2-ll_valuebound2.yml	true	false	0.21512	0.17758199200034142	57.331712	false	0.394591	0.33024701199974515	57.004032	false	0.392588	0.3226798190007685	56.991744	false	0.229807	0.1909604720058269	57.544704
nla-digbench-scaling/geo2-ll_valuebound20.yml	true	false	0.214068	0.1745489480017568	57.376768	false	0.380495	0.319529844000499	57.925632	false	0.388345	0.31898137600001064	57.102336	false	0.233462	0.1954813810007181	57.020416
nla-digbench-scaling/geo2-ll_valuebound5.yml	true	false	0.207068	0.17091516599975876	57.638912	false	0.383687	0.32178022600055556	56.897536	false	0.381578	0.31439514700105065	57.454592	false	0.231197	0.1959403549990384	56.913920
nla-digbench-scaling/geo2-ll_valuebound50.yml	true	false	0.222754	0.18099520000032499	57.446400	false	0.387983	0.31817626699921675	57.851904	false	0.396202	0.32143810900015524	56.942592	false	0.22611	0.1897513380026794	56.918016
nla-digbench-scaling/geo3-ll_unwindbound1.yml	true	false	0.217115	0.18206259200087516	57.651200	false	0.385841	0.32355675700091524	57.270272	false	0.385817	0.316032136001013	57.704448	false	0.241958	0.20371369700296782	57.716736
nla-digbench-scaling/geo3-ll_unwindbound10.yml	true	false	0.2349	0.1960719609996886	57.159680	false	0.388322	0.31823011500091525	57.356288	false	0.384393	0.3187048479994701	57.561088	false	0.239912	0.2034392179994029	57.180160
nla-digbench-scaling/geo3-ll_unwindbound100.yml	true	false	0.35372	0.3170114519998606	57.339904	false	0.398909	0.33718286200019065	57.933824	false	0.404462	0.33672410199869773	56.815616	false	0.247909	0.20572443499986548	57.352192
nla-digbench-scaling/geo3-ll_unwindbound2.yml	true	false	0.222841	0.17938931199751096	57.565184	false	0.391281	0.3250067049993959	57.163776	false	0.380587	0.3188253859989345	57.778176	false	0.242975	0.2047868129957351	57.360384
nla-digbench-scaling/geo3-ll_unwindbound20.yml	true	false	0.256155	0.21177769499990973	57.495552	false	0.382639	0.3226220690012269	57.122816	false	0.392742	0.3277147110020451	57.102336	false	0.246587	0.20477458700042916	57.110528
nla-digbench-scaling/geo3-ll_unwindbound5.yml	true	false	0.223679	0.18648390799717163	56.745984	false	0.3961	0.33363920299962047	57.737216	false	0.389436	0.32256154700007755	56.811520	false	0.250133	0.21288239499699557	57.053184
nla-digbench-scaling/geo3-ll_unwindbound50.yml	true	false	0.282813	0.24710335899726488	57.401344	false	0.406606	0.33883384500222746	56.799232	false	0.413096	0.340455211000517	57.630720	false	0.257674	0.21424836500227684	57.569280
nla-digbench-scaling/geo3-ll_valuebound1.yml	true	false	0.206569	0.17190219899930526	56.946688	false	0.412585	0.35008374599783565	56.840192	false	0.378113	0.31625872799850185	57.204736	false	0.233638	0.19834876999811968	57.397248
nla-digbench-scaling/geo3-ll_valuebound10.yml	true	false	0.215317	0.17676589199982118	57.339904	false	0.382593	0.3133738229989831	57.298944	false	0.380669	0.3160222939986852	57.741312	false	0.258583	0.2178734679982881	57.356288
nla-digbench-scaling/geo3-ll_valuebound100.yml	true	false	0.222086	0.17881479800053057	57.319424	false	0.381561	0.32108928200250375	57.344000	false	0.385372	0.32288409299872	56.582144	false	0.259806	0.22080992699920898	57.278464
nla-digbench-scaling/geo3-ll_valuebound2.yml	true	false	0.215114	0.1743470139990677	57.659392	false	0.38944	0.32372352899983525	57.294848	false	0.382451	0.3194754340001964	57.118720	false	0.26634	0.2288364289997844	57.954304
nla-digbench-scaling/geo3-ll_valuebound20.yml	true	false	0.206858	0.1747718859987799	57.712640	false	0.390402	0.322346891000052	57.769984	false	0.385044	0.31954279799901997	58.040320	false	0.245409	0.20822647999739274	57.016320
nla-digbench-scaling/geo3-ll_valuebound5.yml	true	false	0.217826	0.1727955260030285	57.364480	false	0.391966	0.3241744619990641	57.532416	false	0.390003	0.3245158009995066	57.335808	false	0.277331	0.24159291799878702	57.356288
nla-digbench-scaling/geo3-ll_valuebound50.yml	true	false	0.213175	0.17254169800071395	57.188352	false	0.393914	0.3293855390002136	56.999936	false	0.401266	0.33036779900066904	57.176064	false	0.238002	0.2018193070034613	56.741888
nla-digbench-scaling/hard-ll_unwindbound1.yml	false	false	0.267135	0.22670430099969963	57.909248	false	0.504218	0.4355965479990118	57.081856	false	0.473016	0.40664719800042803	57.438208	false	0.296039	0.25042392699833727	57.606144
nla-digbench-scaling/hard-ll_unwindbound10.yml	false	false	0.379731	0.3463299819995882	61.112320	false	0.597718	0.5285078900014923	59.371520	false	0.567855	0.4970591550008976	58.540032	false	0.616668	0.5794639449959504	61.501440
nla-digbench-scaling/hard-ll_unwindbound100.yml	false	false	0.891784	0.8590117969979474	61.153280	false	0.606981	0.541369841001142	59.551744	false	0.574853	0.5067456920005498	57.729024	false	0.595409	0.5566301509970799	61.546496
nla-digbench-scaling/hard-ll_unwindbound2.yml	false	false	0.330401	0.29034124499958125	58.638336	false	0.576841	0.5133798839997326	57.864192	false	0.559835	0.4933647860016208	57.950208	false	0.616683	0.5781731379975099	59.453440
nla-digbench-scaling/hard-ll_unwindbound20.yml	false	false	0.492429	0.4571739860002708	62.353408	false	0.67465	0.6031312929990236	59.039744	false	0.556397	0.48875932300143177	57.634816	false	0.605428	0.566124311000749	62.279680
nla-digbench-scaling/hard-ll_unwindbound5.yml	false	false	0.347391	0.3119734020001488	60.788736	false	0.578933	0.515881168001215	59.670528	false	0.56535	0.49625395000111894	57.479168	false	0.591767	0.5529885419964558	61.108224
nla-digbench-scaling/hard-ll_unwindbound50.yml	false	false	0.607107	0.5702089100013836	64.831488	false	0.598508	0.5303558489977149	59.342848	false	0.574577	0.5039429290009139	57.475072	false	0.640529	0.6040760860050796	61.980672
nla-digbench-scaling/hard-ll_valuebound1.yml	true	false	0.287132	0.2570783460032544	57.151488	false	0.526129	0.46159703100056504	57.122816	false	0.521658	0.45508353100012755	57.745408	false	0.473964	0.436299973000132	57.942016
nla-digbench-scaling/hard-ll_valuebound10.yml	true	false	0.295218	0.2579485139976896	57.491456	false	0.553698	0.4907695389993023	58.753024	false	0.51602	0.4486502589970769	57.204736	false	0.494452	0.45313879899913445	57.274368
nla-digbench-scaling/hard-ll_valuebound100.yml	true	false	0.299877	0.26377770800172584	57.475072	false	0.573382	0.5055609099981666	58.720256	false	0.518077	0.45078219800052466	57.667584	false	0.496506	0.4593289049953455	57.196544
nla-digbench-scaling/hard-ll_valuebound2.yml	true	false	0.316722	0.27398898899991764	56.721408	false	0.564751	0.49459711400049855	58.925056	false	0.516144	0.45160498800032656	57.217024	false	0.475942	0.4356964480030001	57.528320
nla-digbench-scaling/hard-ll_valuebound20.yml	true	false	0.296908	0.261822802000097	58.433536	false	0.546391	0.4868213640002068	59.170816	false	0.515869	0.45656445900021936	57.143296	false	0.451522	0.4194825419981498	57.212928
nla-digbench-scaling/hard-ll_valuebound5.yml	true	false	0.29533	0.25886952899963944	57.868288	false	0.541252	0.47525334199963254	59.023360	false	0.514578	0.4510009229998104	57.339904	false	0.461069	0.42514770299749216	57.122816
nla-digbench-scaling/hard-ll_valuebound50.yml	true	false	0.298844	0.2620283929973084	57.630720	false	0.555166	0.4871663260018977	59.002880	false	0.526408	0.4626211700015119	57.856000	false	0.464697	0.4324357389996294	56.475648
nla-digbench-scaling/hard-u_unwindbound1.yml	false	false	0.265143	0.23128415799874347	57.794560	false	0.486656	0.41672957799892174	57.151488	false	0.479203	0.41641748899928643	57.450496	false	0.289167	0.25069381299545057	57.602048
nla-digbench-scaling/hard-u_unwindbound10.yml	false	false	0.373578	0.336551332999079	59.686912	false	0.599481	0.5284748469966871	59.121664	false	0.560934	0.48906996899677324	58.073088	false	0.581203	0.540409000001091	61.014016
nla-digbench-scaling/hard-u_unwindbound100.yml	false	false	1.557044	1.5221503610009677	63.393792	false	0.61058	0.537860134998482	58.884096	false	0.570894	0.5040676329990674	57.413632	false	0.575894	0.5363404300005641	60.891136
nla-digbench-scaling/hard-u_unwindbound2.yml	false	false	0.335024	0.29760047599847894	58.929152	false	0.576935	0.5113733549987955	58.667008	false	0.56752	0.49360303600042243	57.753600	false	0.623468	0.5880353649990866	60.805120
nla-digbench-scaling/hard-u_unwindbound20.yml	false	false	0.513549	0.4795224350018543	62.353408	false	0.579091	0.512622674999875	59.437056	false	0.562176	0.49857381699985126	57.286656	false	0.587329	0.5476171539994539	61.157376
nla-digbench-scaling/hard-u_unwindbound5.yml	false	false	0.352506	0.3126388830023643	59.895808	false	0.595867	0.5288989750006294	59.359232	false	0.569994	0.5093001659988659	57.733120	false	0.589607	0.551356633004616	61.427712
nla-digbench-scaling/hard-u_unwindbound50.yml	false	false	0.680392	0.6419121899998572	64.356352	false	0.596479	0.5316353080015688	59.215872	false	0.562511	0.495872794999741	57.856000	false	0.731331	0.6899079499999061	60.669952
nla-digbench-scaling/hard-u_valuebound1.yml	true	false	0.282741	0.24762540300071123	57.110528	false	0.516623	0.4510105490007845	57.733120	false	0.505266	0.4390190990015981	57.819136	false	0.552093	0.5138416650006548	61.415424
nla-digbench-scaling/hard-u_valuebound10.yml	true	false	0.298005	0.2629348789996584	57.581568	false	0.546774	0.4804792670001916	59.256832	false	0.507518	0.4459617039974546	57.516032	false	0.497357	0.45772768599999836	57.159680
nla-digbench-scaling/hard-u_valuebound100.yml	true	false	0.30019	0.2601608530021622	57.458688	false	0.532785	0.47290591199998744	59.019264	false	0.544949	0.48099028100114083	56.565760	false	0.462905	0.4221522099978756	57.597952
nla-digbench-scaling/hard-u_valuebound2.yml	true	false	0.298539	0.25899311600005603	57.266176	false	0.53466	0.46803059100057	59.408384	false	0.53176	0.4644326319976244	57.638912	false	0.473679	0.43509430900303414	57.782272
nla-digbench-scaling/hard-u_valuebound20.yml	true	false	0.301317	0.2630767279988504	58.949632	false	0.548598	0.4864900979991944	59.056128	false	0.517122	0.45537225600128295	57.532416	false	0.477683	0.4368854639978963	57.278464
nla-digbench-scaling/hard-u_valuebound5.yml	true	false	0.301549	0.2621752519989968	57.073664	false	0.546258	0.48180567199960933	58.884096	false	0.522885	0.4572246569987328	57.303040	false	0.489601	0.44536525400326354	57.597952
nla-digbench-scaling/hard-u_valuebound50.yml	true	false	0.29562	0.25810480599830044	57.495552	false	0.533006	0.47097520700117457	59.367424	false	0.528453	0.4651737169988337	57.421824	false	0.47113	0.4305675590003375	57.446400
nla-digbench-scaling/hard2_unwindbound1.yml	false	false	0.251695	0.21564778199899592	57.794560	false	0.467499	0.4017634369993175	57.344000	false	0.455414	0.3915687449989491	57.536512	false	0.280979	0.2445698919982533	60.833792
nla-digbench-scaling/hard2_unwindbound10.yml	false	false	0.347902	0.3089559960026236	57.704448	false	0.545555	0.4767215629981365	57.643008	false	0.54159	0.4773646860012377	57.741312	false	0.597935	0.5617404590011574	57.507840
nla-digbench-scaling/hard2_unwindbound2.yml	false	false	0.298603	0.2598917800023628	58.695680	false	0.552869	0.4863391640028567	58.277888	false	0.53533	0.47021833500184584	57.417728	false	0.592941	0.5552761599974474	57.409536
nla-digbench-scaling/hard2_unwindbound5.yml	false	false	0.328817	0.2887770410015946	58.839040	false	0.543323	0.4795650910018594	56.811520	false	0.544543	0.47736457099745166	57.667584	false	0.58556	0.549234937003348	58.015744
nla-digbench-scaling/hard2_valuebound1.yml	true	false	0.281281	0.24691153399908217	57.487360	false	0.505374	0.4398549540019303	57.171968	false	0.492891	0.4317009059996053	57.581568	false	0.466736	0.4280022259990801	57.790464
nla-digbench-scaling/hard2_valuebound10.yml	true	false	0.275875	0.24100461300258758	57.446400	false	0.510039	0.4464268519986945	57.503744	false	0.503516	0.4402448290020402	56.905728	false	0.43564	0.3957293219937128	58.073088
nla-digbench-scaling/hard2_valuebound100.yml	true	false	0.29225	0.24987657200108515	58.482688	false	0.514858	0.44959045899668126	57.360384	false	0.495936	0.4327848940010881	57.798656	false	0.463459	0.4274220779989264	58.228736
nla-digbench-scaling/hard2_valuebound2.yml	true	false	0.281049	0.2450840249985049	57.196544	false	0.510075	0.4468107470020186	57.413632	false	0.508043	0.44489630600219243	56.877056	false	0.447303	0.40814952100481605	57.917440
nla-digbench-scaling/hard2_valuebound20.yml	true	false	0.280528	0.24679590400046436	57.597952	false	0.511881	0.45234603700009757	56.840192	false	0.500963	0.4335357389973069	57.212928	false	0.470309	0.4297530609983369	58.003456
nla-digbench-scaling/hard2_valuebound5.yml	true	false	0.303059	0.25560508700073115	58.114048	false	0.509803	0.4467703519985662	57.413632	false	0.501958	0.42925803599791834	57.196544	false	0.477831	0.4361573660062277	57.454592
nla-digbench-scaling/hard2_valuebound50.yml	true	false	0.281077	0.24359126900162664	57.585664	false	0.514053	0.45364975100164884	57.438208	false	0.500906	0.43916845900093904	57.110528	false	0.477618	0.4363481589971343	57.786368
nla-digbench-scaling/knuth_unwindbound1.yml	true	false	0.470649	0.3873406029997568	58.462208	false	0.836722	0.6846830360009335	58.458112	false	0.813818	0.665174277000915	57.888768	false	1.078494	0.987187726997945	72.974336
nla-digbench-scaling/knuth_unwindbound10.yml	true	false	0.525424	0.4349302440023166	58.724352	false	0.833676	0.6766898349997064	58.122240	false	0.814345	0.6630370860002586	58.077184	false	1.006027	0.9180634119984461	73.756672
nla-digbench-scaling/knuth_unwindbound100.yml	true	false	0.873076	0.7889447140005359	58.695680	false	0.836147	0.6814799559979292	58.589184	false	0.828879	0.6770600159979949	58.462208	false	1.061561	0.97008121899853	73.785344
nla-digbench-scaling/knuth_unwindbound2.yml	true	false	0.472921	0.3926044350009761	58.683392	false	0.840538	0.6855913219987997	58.343424	false	0.811073	0.6615502970016678	58.699776	false	1.053448	0.9563197210009093	70.615040
nla-digbench-scaling/knuth_unwindbound20.yml	true	false	0.577267	0.4838722909989883	59.944960	false	0.836056	0.6865923530021973	58.527744	false	0.814749	0.6638760019995971	58.007552	false	0.944718	0.8566355509974528	70.303744
nla-digbench-scaling/knuth_unwindbound5.yml	true	false	0.51783	0.4345743259982555	58.871808	false	0.838057	0.6916878849988279	58.232832	false	0.824499	0.6700673109990021	57.917440	false	1.088016	1.0042208540035062	70.201344
nla-digbench-scaling/knuth_unwindbound50.yml	true	false	0.661207	0.5765675129987358	58.146816	false	0.819837	0.6718541130030644	58.548224	false	0.825637	0.6728180209975108	59.805696	false	1.102497	1.0104638620032347	70.828032
nla-digbench-scaling/knuth_valuebound1.yml	true	true	0.364308	0.2805240120032977	57.896960	true	0.642309	0.5001998810002988	58.413056	true	0.677672	0.5265097270021215	58.441728	true	0.369691	0.2860247930002515	58.118144
nla-digbench-scaling/knuth_valuebound10.yml	true	false	0.471172	0.37864712699956726	57.843712	false	0.800805	0.6588105929986341	58.122240	false	0.823605	0.6698187220026739	58.384384	false	0.998477	0.912095825005963	72.351744
nla-digbench-scaling/knuth_valuebound100.yml	true	false	0.473352	0.3891477510005643	57.839616	false	0.811787	0.661637391000113	58.445824	false	0.782407	0.6391714070014132	58.441728	false	1.002764	0.919550609003636	70.574080
nla-digbench-scaling/knuth_valuebound2.yml	true	true	0.361886	0.2800488310022047	58.904576	true	0.652612	0.5091431820001162	58.363904	true	0.657838	0.5108700309974665	58.486784	true	0.381569	0.29597138600365724	58.208256
nla-digbench-scaling/knuth_valuebound20.yml	true	false	0.448409	0.37153097100235755	58.130432	false	0.804794	0.6557677849996253	58.454016	false	0.798969	0.6463140870000643	57.999360	false	1.03276	0.9523190779946162	72.056832
nla-digbench-scaling/knuth_valuebound5.yml	true	false	0.458323	0.3727672259992687	58.281984	false	0.79967	0.6485923159998492	58.195968	false	0.8023	0.6578116099990439	58.015744	false	1.021534	0.9361817000026349	72.007680
nla-digbench-scaling/knuth_valuebound50.yml	true	false	0.464025	0.3793689039994206	57.516032	false	0.817109	0.6657495200015546	57.876480	false	0.793554	0.6546846599994751	57.647104	false	0.993421	0.9049872729956405	72.044544
nla-digbench-scaling/lcm1_unwindbound1.yml	false	false	0.279635	0.2388521140019293	57.434112	false	0.503658	0.43924664899896015	57.769984	false	0.483935	0.41756923100183485	57.212928	false	0.626127	0.5843890479955007	67.735552
nla-digbench-scaling/lcm1_unwindbound10.yml	false	false	1.340135	1.3012139380007284	63.680512	false	1.009043	0.9437330330001714	62.623744	false	0.826281	0.7615464189984777	57.647104	false	2.837168	2.793671350002114	118.140928
nla-digbench-scaling/lcm1_unwindbound100.yml	false	false	23.40738	23.379755261001264	170.594304	false	1.152671	1.084616405001725	62.603264	false	0.97933	0.9104769180012227	59.318272	false	3.646105	3.60944756900426	118.611968
nla-digbench-scaling/lcm1_unwindbound2.yml	false	false	0.39753	0.35864005500116036	58.703872	false	0.732578	0.6674918699973205	57.925632	false	0.701372	0.6336021409988462	57.401344	false	1.546917	1.5077689500030829	102.174720
nla-digbench-scaling/lcm1_unwindbound20.yml	false	false	4.61818	4.582567853998626	72.220672	false	1.050413	0.9829502580032567	62.066688	false	0.890749	0.8254155620015808	61.882368	false	2.862142	2.821110179000243	116.178944
nla-digbench-scaling/lcm1_unwindbound5.yml	false	false	0.575008	0.53359351600011	62.853120	false	0.87204	0.805908370999532	60.276736	false	0.772066	0.7032267690010485	61.206528	false	2.839139	2.7986397099957685	117.989376
nla-digbench-scaling/lcm1_unwindbound50.yml	false	false	11.473223	11.434894284997426	103.321600	false	1.216245	1.1546367139999347	61.759488	false	0.952048	0.8810338080002111	58.896384	false	3.172744	3.1322690679953666	111.890432
nla-digbench-scaling/lcm1_valuebound1.yml	true	true	0.230197	0.19184776100155432	59.772928	true	0.442468	0.37331884000013815	58.675200	true	0.408578	0.3439144360017963	59.068416	true	0.22938	0.19352337999589508	59.260928
nla-digbench-scaling/lcm1_valuebound10.yml	true	false	0.344514	0.3080950990006386	57.462784	false	0.619774	0.558195474997774	57.147392	false	0.596174	0.5367413389976718	57.548800	false	0.766641	0.73390035200282	59.715584
nla-digbench-scaling/lcm1_valuebound100.yml	true	false	0.347262	0.31189124299999094	57.569280	false	0.630458	0.5666434220001975	56.553472	false	0.596117	0.5336295649976819	58.593280	false	0.726791	0.6897199059967534	59.490304
nla-digbench-scaling/lcm1_valuebound2.yml	true	false	0.341753	0.3065973970005871	57.540608	false	0.64259	0.5781023939998704	57.692160	false	0.589344	0.5276062000011734	57.794560	false	0.771604	0.7275721909973072	59.817984
nla-digbench-scaling/lcm1_valuebound20.yml	true	false	0.351183	0.31153495400212705	57.323520	false	0.614177	0.5496981579999556	57.266176	false	0.592993	0.5230547550017945	58.363904	false	0.779148	0.7341539549961453	60.239872
nla-digbench-scaling/lcm1_valuebound5.yml	true	false	0.350386	0.316535672001919	57.626624	false	0.60841	0.5436684330015851	57.446400	false	0.59802	0.5298796589995618	58.273792	false	0.731752	0.6924211049990845	59.383808
nla-digbench-scaling/lcm1_valuebound50.yml	true	false	0.34959	0.31277249499908066	56.713216	false	0.595863	0.5344526580011006	57.851904	false	0.586844	0.520724326997879	57.438208	false	0.730665	0.6937456570012728	59.756544
nla-digbench-scaling/lcm2_unwindbound1.yml	true	false	0.24576	0.2100498960026016	56.815616	false	0.452744	0.3786454879991652	57.241600	false	0.433717	0.3736217969999416	57.356288	false	0.318053	0.28040407999651507	56.967168
nla-digbench-scaling/lcm2_unwindbound10.yml	true	false	0.283746	0.24975269800052047	57.221120	false	0.449472	0.38435496800229885	57.122816	false	0.435507	0.3733320659994206	56.950784	false	0.328288	0.2891982199944323	57.544704
nla-digbench-scaling/lcm2_unwindbound100.yml	true	false	0.740236	0.7027823129974422	60.698624	false	0.443522	0.3814326079991588	56.987648	false	0.437967	0.37167374799901154	57.434112	false	0.370576	0.32773614399775397	57.425920
nla-digbench-scaling/lcm2_unwindbound2.yml	true	false	0.252013	0.21439146199918468	57.049088	false	0.454785	0.38251239800229087	57.860096	false	0.446468	0.37680949999776203	57.655296	false	0.32434	0.2888048530003289	57.524224
nla-digbench-scaling/lcm2_unwindbound20.yml	true	false	0.336128	0.2960626179992687	57.643008	false	0.459911	0.3874278809998941	57.155584	false	0.455827	0.3901030679990072	57.503744	false	0.363374	0.32359158100007335	57.294848
nla-digbench-scaling/lcm2_unwindbound5.yml	true	false	0.260126	0.22183454300102312	57.626624	false	0.437967	0.37232283299817936	56.827904	false	0.428327	0.3623496769978374	57.516032	false	0.351024	0.3151853730014409	56.623104
nla-digbench-scaling/lcm2_unwindbound50.yml	true	false	0.470028	0.4312301860009029	57.430016	false	0.449042	0.3845102699997369	56.610816	false	0.439222	0.3755939770016994	57.233408	false	0.318578	0.28199401099846	57.171968
nla-digbench-scaling/lcm2_valuebound1.yml	true	true	0.19562	0.15622136099773343	57.155584	true	0.368544	0.2977755920001073	56.627200	true	0.357053	0.2895422450019396	56.967168	true	0.213173	0.17563435700139962	57.028608
nla-digbench-scaling/lcm2_valuebound10.yml	true	false	0.229744	0.19353341900205123	57.389056	false	0.424795	0.3573503680017893	57.819136	false	0.42547	0.3570707700018829	57.262080	false	0.353387	0.31752716600021813	58.040320
nla-digbench-scaling/lcm2_valuebound100.yml	true	false	0.23132	0.19518959199922392	57.401344	false	0.428466	0.35643201699713245	56.569856	false	0.420335	0.35492941600023187	56.750080	false	0.324307	0.2875404709993745	57.569280
nla-digbench-scaling/lcm2_valuebound2.yml	true	false	0.237519	0.201023483001336	57.450496	false	0.440757	0.37217566699837334	57.229312	false	0.413024	0.34973850499955006	57.077760	false	0.313596	0.27817403500375804	57.692160
nla-digbench-scaling/lcm2_valuebound20.yml	true	false	0.237347	0.20049343299979228	57.085952	false	0.460892	0.38990167200245196	56.451072	false	0.42296	0.35375522999675013	57.806848	false	0.301375	0.26393013699998846	57.057280
nla-digbench-scaling/lcm2_valuebound5.yml	true	false	0.236618	0.1968436479983211	57.196544	false	0.433921	0.35920040999917546	56.897536	false	0.417583	0.3537006980004662	57.405440	false	0.302051	0.2659517729989602	57.421824
nla-digbench-scaling/lcm2_valuebound50.yml	true	false	0.233633	0.19982781100043212	58.875904	false	0.45847	0.38341227899945807	57.835520	false	0.410089	0.34229052900263923	57.356288	false	0.314848	0.2712028889945941	57.094144
nla-digbench-scaling/mannadiv_unwindbound1.yml	false	false	0.23128	0.19315647399707814	56.954880	false	0.414906	0.34682898900064174	56.614912	false	0.39602	0.33178834399950574	57.114624	false	0.290343	0.25484291500470135	56.909824
nla-digbench-scaling/mannadiv_unwindbound10.yml	false	false	0.253789	0.21181602100114105	57.565184	false	0.414123	0.35206979799841065	57.049088	false	0.41598	0.35156411199932336	57.548800	false	0.312569	0.27135744499537395	57.196544
nla-digbench-scaling/mannadiv_unwindbound100.yml	false	false	0.496118	0.4532571599993389	57.430016	false	0.458768	0.38819112299825065	57.028608	false	0.431257	0.36664946399832843	57.335808	false	0.302009	0.26514739399863174	57.552896
nla-digbench-scaling/mannadiv_unwindbound2.yml	false	false	0.223602	0.18782190600177273	57.466880	false	0.421441	0.3553736399990157	57.069568	false	0.41515	0.34767085099883843	57.376768	false	0.293389	0.2551226659998065	57.442304
nla-digbench-scaling/mannadiv_unwindbound20.yml	false	false	0.274251	0.23815857299996424	57.982976	false	0.436876	0.3681409309974697	57.454592	false	0.409634	0.3450945779986796	57.483264	false	0.299803	0.26212287499947706	57.380864
nla-digbench-scaling/mannadiv_unwindbound5.yml	false	false	0.244212	0.20648724099737592	57.307136	false	0.443721	0.37048171699643717	57.143296	false	0.40964	0.3430258189982851	57.217024	false	0.296185	0.2561515919951489	57.110528
nla-digbench-scaling/mannadiv_unwindbound50.yml	false	false	0.365153	0.3211091100019985	57.655296	false	0.472741	0.3949460360017838	56.872960	false	0.416048	0.35162665999814635	57.077760	false	0.301157	0.262564871001814	57.352192
nla-digbench-scaling/mannadiv_valuebound1.yml	true	false	0.217311	0.1766190500020457	57.520128	false	0.405634	0.3381088850001106	56.631296	false	0.387626	0.3250418970019382	57.778176	false	0.286719	0.24619171200174605	57.253888
nla-digbench-scaling/mannadiv_valuebound10.yml	true	false	0.213471	0.1773956309989444	57.454592	false	0.396981	0.3265040639998915	56.287232	false	0.39172	0.3245789270004025	57.491456	false	0.298842	0.25425634600105695	57.257984
nla-digbench-scaling/mannadiv_valuebound100.yml	true	false	0.212424	0.17551275300138514	57.139200	false	0.391083	0.3246611920003488	57.442304	false	0.397172	0.3362491779989796	57.319424	false	0.265846	0.21925187000306323	57.663488
nla-digbench-scaling/mannadiv_valuebound2.yml	true	false	0.2199	0.18145092900158488	57.466880	false	0.384278	0.31251172100019176	56.901632	false	0.39535	0.3276372820000688	57.204736	false	0.24387	0.2016992200005916	56.958976
nla-digbench-scaling/mannadiv_valuebound20.yml	true	false	0.216646	0.18328905900125392	57.417728	false	0.389712	0.32627694999973755	56.897536	false	0.392731	0.33057736699993256	57.085952	false	0.250361	0.20891186600056244	57.233408
nla-digbench-scaling/mannadiv_valuebound5.yml	true	false	0.223233	0.1830342479988758	56.913920	false	0.407861	0.33984718400097336	57.495552	false	0.387031	0.320110962002218	57.409536	false	0.243165	0.20760351399803767	57.376768
nla-digbench-scaling/mannadiv_valuebound50.yml	true	false	0.211743	0.17926635600088048	57.094144	false	0.397327	0.3263542860004236	56.733696	false	0.394499	0.3282990650004649	57.466880	false	0.250446	0.2069458729965845	57.110528
nla-digbench-scaling/prod4br-ll_unwindbound1.yml	false	false	0.297631	0.2627205270000559	57.466880	false	0.570377	0.5052422299995669	57.155584	false	0.514078	0.4481641350030259	57.270272	false	0.636637	0.5975226349983132	57.245696
nla-digbench-scaling/prod4br-ll_unwindbound10.yml	false	false	0.38296	0.34274417599954177	57.503744	false	0.576791	0.5166511009992973	57.581568	false	0.542648	0.46914645499782637	56.901632	false	0.631749	0.5967378790010116	57.102336
nla-digbench-scaling/prod4br-ll_unwindbound100.yml	false	false	1.250083	1.2018324529999518	61.497344	false	0.592789	0.5250968200016359	57.380864	false	0.531768	0.4671833049978886	57.577472	false	0.68951	0.6469789690017933	57.434112
nla-digbench-scaling/prod4br-ll_unwindbound2.yml	false	false	0.329936	0.29218218400274054	57.774080	false	0.630398	0.5449111460002314	57.061376	false	0.531318	0.4613911240012385	56.905728	false	0.57684	0.5382277390017407	57.475072
nla-digbench-scaling/prod4br-ll_unwindbound20.yml	false	false	0.396168	0.35601353799938806	57.192448	false	0.614572	0.536725411999214	57.765888	false	0.548155	0.47820367100212025	57.610240	false	0.697514	0.6555436859998736	57.262080
nla-digbench-scaling/prod4br-ll_unwindbound5.yml	false	false	0.334749	0.2943330320013047	57.049088	false	0.577093	0.5022577919989999	57.081856	false	0.520595	0.45217112399768666	57.556992	false	0.585261	0.5462586869980441	57.765888
nla-digbench-scaling/prod4br-ll_unwindbound50.yml	false	false	0.63715	0.5992251499992562	58.331136	false	0.591326	0.5202510790004453	57.532416	false	0.52362	0.4532875500008231	57.499648	false	0.637847	0.5997469879948767	57.270272
nla-digbench-scaling/prod4br-ll_valuebound1.yml	true	false	0.298473	0.2642951239977265	56.823808	false	0.571698	0.494541994001338	57.368576	false	0.53193	0.46436842900220654	56.614912	false	0.528592	0.48762925199844176	60.624896
nla-digbench-scaling/prod4br-ll_valuebound10.yml	true	false	0.292853	0.2566444379990571	57.274368	false	0.554679	0.48835098999916227	57.155584	false	0.510761	0.441255085002922	57.257984	false	0.490209	0.454191628996341	57.204736
nla-digbench-scaling/prod4br-ll_valuebound100.yml	true	false	0.314869	0.27201462800076115	56.901632	false	0.549506	0.4813316660001874	57.147392	false	0.512649	0.4481498589993862	56.946688	false	0.52207	0.4811408500027028	57.495552
nla-digbench-scaling/prod4br-ll_valuebound2.yml	true	false	0.291008	0.2540786549980112	56.901632	false	0.563746	0.4920797919985489	56.705024	false	0.496065	0.4326707400032319	57.057280	false	0.512309	0.4739865329975146	57.856000
nla-digbench-scaling/prod4br-ll_valuebound20.yml	true	false	0.289306	0.25191744599942467	57.839616	false	0.558301	0.47921269700236735	57.438208	false	0.522115	0.4503284589991381	57.810944	false	0.491261	0.4518509150002501	57.925632
nla-digbench-scaling/prod4br-ll_valuebound5.yml	true	false	0.301791	0.2540282730005856	57.606144	false	0.561049	0.49122165700100595	56.954880	false	0.50254	0.437898417996621	57.683968	false	0.52321	0.4812569130008342	57.229312
nla-digbench-scaling/prod4br-ll_valuebound50.yml	true	false	0.305779	0.2677800780002144	58.359808	false	0.546066	0.47860060300081386	57.573376	false	0.509344	0.44489106200126116	57.585664	false	0.490491	0.4436396860037348	58.163200
nla-digbench-scaling/prodbin-ll_unwindbound1.yml	false	false	0.255301	0.22016679199805367	56.975360	false	0.426773	0.3599751430010656	57.397248	false	0.421586	0.3567097240011208	57.159680	false	0.304654	0.2646017790029873	57.536512
nla-digbench-scaling/prodbin-ll_unwindbound10.yml	false	false	0.264244	0.22913927400077228	57.405440	false	0.437282	0.36887912500242237	57.298944	false	0.417898	0.34542000699730124	57.716736	false	0.303842	0.26635218300361885	57.004032
nla-digbench-scaling/prodbin-ll_unwindbound100.yml	true	false	0.603373	0.5639948450007068	57.356288	false	0.419477	0.35666572699847165	56.967168	false	0.431317	0.36651364200224634	57.114624	false	0.328736	0.28994390000298154	57.274368
nla-digbench-scaling/prodbin-ll_unwindbound2.yml	false	false	0.240563	0.20277074799741968	56.786944	false	0.434147	0.36053391600216855	57.139200	false	0.412672	0.3478860950017406	57.208832	false	0.300399	0.25950861899764277	56.786944
nla-digbench-scaling/prodbin-ll_unwindbound20.yml	false	false	0.277177	0.23883420700076385	57.614336	false	0.433455	0.36980138199942303	56.619008	false	0.426374	0.36003534300107276	56.958976	false	0.320885	0.277195231996302	57.188352
nla-digbench-scaling/prodbin-ll_unwindbound5.yml	false	false	0.247899	0.21337401600248995	56.922112	false	0.442122	0.373512418998871	56.913920	false	0.419758	0.3538810999998532	57.077760	false	0.305051	0.2663996780029265	57.065472
nla-digbench-scaling/prodbin-ll_unwindbound50.yml	true	false	0.398079	0.3651258620011504	57.008128	false	0.483639	0.40955621599641745	57.589760	false	0.423838	0.3564449389996298	57.606144	false	0.304061	0.27135057499981485	56.741888
nla-digbench-scaling/prodbin-ll_valuebound1.yml	true	false	0.230794	0.18988823800100363	57.417728	false	0.469412	0.39814872199713136	56.729600	false	0.41222	0.3471736139981658	57.470976	false	0.306277	0.26379757900576806	57.192448
nla-digbench-scaling/prodbin-ll_valuebound10.yml	true	false	0.232582	0.18963259900192497	57.872384	false	0.432035	0.36763109499952407	57.221120	false	0.41091	0.3405281739978818	57.802752	false	0.290333	0.2559156029965379	57.053184
nla-digbench-scaling/prodbin-ll_valuebound100.yml	true	false	0.22464	0.19109463499989943	57.577472	false	0.422127	0.3533106909999333	57.380864	false	0.413578	0.34509891999914544	57.307136	false	0.307539	0.26863086199591635	57.122816
nla-digbench-scaling/prodbin-ll_valuebound2.yml	true	false	0.229283	0.1936468040003092	57.094144	false	0.45199	0.3781701289990451	57.475072	false	0.408436	0.34394560900182114	57.532416	false	0.297152	0.25741066000045976	57.413632
nla-digbench-scaling/prodbin-ll_valuebound20.yml	true	false	0.222301	0.18835715900058858	56.737792	false	0.447993	0.386258092999924	56.934400	false	0.410641	0.3477187850003247	57.610240	false	0.294373	0.25934744400001364	56.983552
nla-digbench-scaling/prodbin-ll_valuebound5.yml	true	false	0.226773	0.19055670799934887	57.208832	false	0.458038	0.3887627269978111	57.798656	false	0.404323	0.3401491700024053	57.393152	false	0.307066	0.2650808930047788	57.085952
nla-digbench-scaling/prodbin-ll_valuebound50.yml	true	false	0.239373	0.20196208899869816	58.056704	false	0.412392	0.3383488839972415	57.315328	false	0.400679	0.3403624439997657	57.208832	false	0.304151	0.2651680239941925	56.811520
nla-digbench-scaling/ps2-ll_unwindbound1.yml	true	false	0.217524	0.17876454100041883	57.487360	false	0.398198	0.3241996039978403	57.270272	false	0.377478	0.3179396960003942	57.593856	false	0.247038	0.20476912099547917	56.799232
nla-digbench-scaling/ps2-ll_unwindbound10.yml	true	false	0.309492	0.2752205409997259	56.897536	false	0.410035	0.346879352000542	56.942592	false	0.388203	0.3237134229966614	56.958976	false	0.240245	0.20123569799761754	57.327616
nla-digbench-scaling/ps2-ll_unwindbound100.yml	true	false	0.585624	0.5469616870032041	57.618432	false	0.411037	0.342422270001407	56.770560	false	0.395615	0.3302056930006074	56.795136	false	0.247888	0.20389662600064185	57.061376
nla-digbench-scaling/ps2-ll_unwindbound2.yml	true	false	0.220872	0.18705786900318344	57.344000	false	0.427612	0.3549678090021189	56.922112	false	0.39252	0.3273718819982605	57.516032	false	0.25105	0.2132234079981572	56.590336
nla-digbench-scaling/ps2-ll_unwindbound20.yml	true	false	0.464571	0.4309670760012523	57.110528	false	0.468428	0.38555209300102433	56.799232	false	0.3911	0.32829547700021067	56.901632	false	0.245733	0.20484313999622827	57.204736
nla-digbench-scaling/ps2-ll_unwindbound5.yml	true	false	0.243605	0.20572575800179038	57.749504	false	0.398811	0.3309475919995748	57.126912	false	0.394121	0.33293944300021394	56.705024	false	0.23513	0.20319055300205946	57.167872
nla-digbench-scaling/ps2-ll_unwindbound50.yml	true	false	0.447309	0.4125824000002467	57.098240	false	0.404175	0.33762362099878374	57.241600	false	0.391692	0.326569531000132	56.975360	false	0.254114	0.21546513400244294	56.532992
nla-digbench-scaling/ps2-ll_valuebound1.yml	true	false	0.210974	0.17436359700150206	57.331712	false	0.378976	0.3072865489994001	57.434112	false	0.379143	0.3115634739988309	57.634816	false	0.226071	0.188606483003241	56.557568
nla-digbench-scaling/ps2-ll_valuebound10.yml	true	false	0.207611	0.17010089399991557	57.032704	false	0.405028	0.33609666600023047	56.639488	false	0.375884	0.31185838599776616	57.008128	false	0.215803	0.18338157400285127	56.770560
nla-digbench-scaling/ps2-ll_valuebound100.yml	true	false	0.207522	0.1694885120014078	57.319424	false	0.421042	0.34383832099774736	57.319424	false	0.367717	0.30813067899725866	56.958976	false	0.224044	0.1884170470002573	57.806848
nla-digbench-scaling/ps2-ll_valuebound2.yml	true	false	0.207713	0.17698159300198313	57.122816	false	0.40348	0.33354483999937656	56.770560	false	0.385691	0.31849024500115775	57.593856	false	0.232619	0.19580003900045995	57.303040
nla-digbench-scaling/ps2-ll_valuebound20.yml	true	false	0.206236	0.174088486997789	56.893440	false	0.393245	0.3285641129987198	57.020416	false	0.380976	0.31863791399882757	57.409536	false	0.23723	0.19349990900082048	57.409536
nla-digbench-scaling/ps2-ll_valuebound5.yml	true	false	0.204784	0.16878746099973796	57.176064	false	0.408867	0.3321885529985593	56.668160	false	0.366161	0.30451924099907046	56.717312	false	0.226283	0.19526664000295568	57.348096
nla-digbench-scaling/ps2-ll_valuebound50.yml	true	false	0.212058	0.17666030899999896	57.393152	false	0.379794	0.30714013400211115	57.229312	false	0.387179	0.3174916910029424	57.253888	false	0.273055	0.2316266900015762	57.307136
nla-digbench-scaling/ps3-ll_unwindbound1.yml	true	false	0.361023	0.2797217659972375	57.851904	false	0.683245	0.5414175980004075	57.597952	false	0.640286	0.509640161999414	57.208832	false	0.392017	0.309021417000622	57.528320
nla-digbench-scaling/ps3-ll_unwindbound10.yml	true	false	0.386665	0.3011933230009163	57.888768	false	0.683942	0.5393624309981533	57.520128	false	0.649941	0.5211244989986881	57.634816	false	0.387096	0.31096040799457114	57.552896
nla-digbench-scaling/ps3-ll_unwindbound100.yml	true	false	0.480998	0.4064122679992579	57.765888	false	0.66517	0.5187021349993302	57.384960	false	0.657896	0.5268883630014898	57.061376	false	0.387411	0.3079582840000512	56.938496
nla-digbench-scaling/ps3-ll_unwindbound2.yml	true	false	0.365695	0.2901500810003199	57.794560	false	0.670287	0.5268514880008297	57.499648	false	0.649108	0.5195183309988352	57.511936	false	0.369572	0.3031843439966906	57.860096
nla-digbench-scaling/ps3-ll_unwindbound20.yml	true	false	0.391004	0.3128149670010316	57.360384	false	0.659461	0.5199772719970497	57.368576	false	0.659689	0.5198753449985816	57.266176	false	0.382488	0.3081526850000955	57.606144
nla-digbench-scaling/ps3-ll_unwindbound5.yml	true	false	0.362578	0.28671548000056646	57.503744	false	0.651057	0.5151472260004084	57.319424	false	0.650977	0.5177155750025122	57.348096	false	0.398879	0.31968870599666843	57.475072
nla-digbench-scaling/ps3-ll_unwindbound50.yml	true	false	0.428983	0.3490813280004659	58.253312	false	0.694129	0.5590698910018546	57.004032	false	0.638699	0.5013951169967186	57.671680	false	0.392027	0.3142545959999552	57.393152
nla-digbench-scaling/ps3-ll_valuebound1.yml	true	false	0.353394	0.2774380699993344	57.122816	false	0.661487	0.5188067859999137	57.126912	false	0.635288	0.5002596519989311	57.491456	false	0.355456	0.2848034029957489	57.597952
nla-digbench-scaling/ps3-ll_valuebound10.yml	true	false	0.358256	0.27977455699874554	57.462784	false	0.646389	0.5067013330008194	57.602048	false	0.652302	0.5167678960024205	57.819136	false	0.377644	0.29961828100204	58.159104
nla-digbench-scaling/ps3-ll_valuebound100.yml	true	false	0.367733	0.28251311400163104	57.577472	false	0.645759	0.5144913170006475	56.987648	false	0.637095	0.5070056520016806	57.778176	false	0.378095	0.3089645060026669	57.696256
nla-digbench-scaling/ps3-ll_valuebound2.yml	true	false	0.358873	0.2776645740013919	57.454592	false	0.642371	0.5092981400011922	56.913920	false	0.640655	0.5105546030026744	57.413632	false	0.407459	0.3227139039954636	57.446400
nla-digbench-scaling/ps3-ll_valuebound20.yml	true	false	0.354169	0.2826916900012293	57.593856	false	0.638705	0.5043791329990199	57.004032	false	0.641954	0.5091183900003671	57.241600	false	0.385519	0.3055242660047952	57.307136
nla-digbench-scaling/ps3-ll_valuebound5.yml	true	false	0.349827	0.27561295900159166	57.749504	false	0.665825	0.5241583280003397	57.311232	false	0.652494	0.5005992210026307	57.466880	false	0.407455	0.32593886999529786	57.647104
nla-digbench-scaling/ps3-ll_valuebound50.yml	true	false	0.354614	0.27968661399791017	57.233408	false	0.659312	0.519541878002201	57.671680	false	0.629939	0.4854488740020315	57.815040	false	0.390102	0.30979978699906496	57.839616
nla-digbench-scaling/ps4-ll_unwindbound1.yml	false	false	0.368904	0.2936765300000843	57.303040	false	0.690327	0.554535069000849	57.401344	false	0.676939	0.54359607600054	57.569280	false	0.388879	0.307620521998615	57.745408
nla-digbench-scaling/ps4-ll_unwindbound10.yml	false	false	0.391641	0.3129114780022064	57.942016	false	0.688303	0.5523568249991513	57.237504	false	0.657308	0.5278377020003973	57.233408	false	0.434551	0.3498700850032037	58.040320
nla-digbench-scaling/ps4-ll_unwindbound100.yml	false	false	0.491796	0.41779859400048736	57.962496	false	0.711096	0.5692703439999605	57.409536	false	0.665693	0.5262843599994085	57.409536	false	0.398794	0.31668002100195736	57.856000
nla-digbench-scaling/ps4-ll_unwindbound2.yml	false	false	0.379153	0.3001579700030561	57.794560	false	0.691942	0.5564937999988615	57.507840	false	0.669189	0.5261969130006037	57.929728	false	0.419823	0.3412850349996006	57.344000
nla-digbench-scaling/ps4-ll_unwindbound20.yml	false	false	0.392297	0.316960600001039	57.831424	false	0.690218	0.559282236998115	57.016320	false	0.674619	0.5320558189996518	57.380864	false	0.441692	0.35287381899979664	57.229312
nla-digbench-scaling/ps4-ll_unwindbound5.yml	false	false	0.373759	0.2993840360031754	57.769984	false	0.692835	0.5480816649978806	57.360384	false	0.694603	0.5524775390003924	57.118720	false	0.423469	0.33998871099902317	57.352192
nla-digbench-scaling/ps4-ll_unwindbound50.yml	false	false	0.442654	0.3611829660003423	57.548800	false	0.687295	0.5495376969993231	56.995840	false	0.663109	0.527135009997437	56.913920	false	0.426323	0.34402844500436913	57.393152
nla-digbench-scaling/ps4-ll_valuebound1.yml	true	false	0.363532	0.2874004950026574	57.462784	false	0.678265	0.5413136400020448	57.286656	false	0.661586	0.5281066470015503	57.282560	false	0.393975	0.31533357100124704	56.897536
nla-digbench-scaling/ps4-ll_valuebound10.yml	true	false	0.363835	0.2864676019999024	57.012224	false	0.679384	0.5428772289997141	57.356288	false	0.676274	0.5350309060013387	56.778752	false	0.409032	0.3286938610035577	57.577472
nla-digbench-scaling/ps4-ll_valuebound100.yml	true	false	0.362514	0.2900200340009178	57.495552	false	0.667309	0.5225383160031924	57.303040	false	0.643737	0.5155473699996946	57.319424	false	0.399368	0.3229163080031867	57.774080
nla-digbench-scaling/ps4-ll_valuebound2.yml	true	false	0.372188	0.2924587950001296	57.397248	false	0.683997	0.5455079349994776	57.188352	false	0.654319	0.5226228360006644	56.954880	false	0.432381	0.3493050269971718	57.581568
nla-digbench-scaling/ps4-ll_valuebound20.yml	true	false	0.356964	0.28046298700064654	57.303040	false	0.687801	0.539494722001109	57.544704	false	0.657627	0.5252789839978504	57.966592	false	0.422798	0.3458400019953842	57.491456
nla-digbench-scaling/ps4-ll_valuebound5.yml	true	false	0.362987	0.28178330000082497	57.982976	false	0.688656	0.5540690830021049	57.491456	false	0.66396	0.5381109609988926	56.938496	false	0.402574	0.3254904429995804	57.446400
nla-digbench-scaling/ps4-ll_valuebound50.yml	true	false	0.364749	0.2872319060006703	57.786368	false	0.677778	0.5399776580015896	56.958976	false	0.652372	0.5129462219993002	57.196544	false	0.402585	0.3261051459994633	57.479168
nla-digbench-scaling/ps5-ll_unwindbound1.yml	false	false	0.362038	0.2915388889996393	58.093568	false	0.674352	0.5374307460006094	57.184256	false	0.671285	0.5414214029988216	57.692160	false	0.394584	0.31882743700407445	57.520128
nla-digbench-scaling/ps5-ll_unwindbound10.yml	false	false	0.391536	0.3110519549991295	57.970688	false	0.677352	0.5358799429995997	57.888768	false	0.678297	0.5393925680000393	57.921536	false	0.39017	0.31669654400320724	57.118720
nla-digbench-scaling/ps5-ll_unwindbound100.yml	false	false	0.501202	0.42687933100023656	57.667584	false	0.715476	0.5673756649994175	56.897536	false	0.674131	0.5446421070009819	57.643008	false	0.396773	0.3149044120000326	57.778176
nla-digbench-scaling/ps5-ll_unwindbound2.yml	false	false	0.364506	0.29205106100198464	57.999360	false	0.676065	0.5363823430016055	57.184256	false	0.653394	0.5234171279989823	57.188352	false	0.412118	0.33825090999744134	57.049088
nla-digbench-scaling/ps5-ll_unwindbound20.yml	false	false	0.411	0.3336992750009813	57.806848	false	0.6969	0.5591498810026678	57.475072	false	0.66423	0.531485169998632	57.573376	false	0.429361	0.3472776850030641	57.536512
nla-digbench-scaling/ps5-ll_unwindbound5.yml	false	false	0.387158	0.30370918799962965	57.434112	false	0.684863	0.5398866510004154	57.716736	false	0.677915	0.5483887570007937	56.967168	false	0.409776	0.330217774004268	57.552896
nla-digbench-scaling/ps5-ll_unwindbound50.yml	false	false	0.435222	0.36717382300048484	56.766464	false	0.685195	0.5520546549996652	57.081856	false	0.660923	0.5284373059985228	57.675776	false	0.407688	0.3232368859971757	57.159680
nla-digbench-scaling/ps5-ll_valuebound1.yml	true	false	0.357448	0.28556447200026014	57.339904	false	0.68199	0.5390911569993477	57.475072	false	0.652491	0.5203736340008618	57.520128	false	0.420865	0.3438470879991655	57.262080
nla-digbench-scaling/ps5-ll_valuebound10.yml	true	false	0.365348	0.2871454270025424	57.745408	false	0.674031	0.5240923490018758	57.282560	false	0.644584	0.5122516609990271	58.044416	false	0.414849	0.3318671120068757	57.167872
nla-digbench-scaling/ps5-ll_valuebound100.yml	true	false	0.358314	0.28920935399946757	57.110528	false	0.690129	0.5488346819984145	56.881152	false	0.650821	0.5148363629996311	57.344000	false	0.41366	0.32284181000432	57.483264
nla-digbench-scaling/ps5-ll_valuebound2.yml	true	false	0.363392	0.2896135789997061	57.716736	false	0.686295	0.5373856039987004	57.225216	false	0.671138	0.5365153620005003	57.692160	false	0.406702	0.3226788000029046	57.360384
nla-digbench-scaling/ps5-ll_valuebound20.yml	true	false	0.366605	0.29478740400008974	57.876480	false	0.685125	0.5458916299976408	57.126912	false	0.653298	0.5215650700010883	57.417728	false	0.396209	0.31377312100084964	57.815040
nla-digbench-scaling/ps5-ll_valuebound5.yml	true	false	0.369549	0.29089639499943587	57.933824	false	0.684138	0.5475161929971364	57.688064	false	0.649711	0.51803271999961	57.114624	false	0.393216	0.3139151099967421	57.593856
nla-digbench-scaling/ps5-ll_valuebound50.yml	true	false	0.376628	0.30762154900003225	57.589760	false	0.672194	0.5335188659992127	57.040896	false	0.66429	0.5269744680008444	57.217024	false	0.383478	0.3060353819964803	58.007552
nla-digbench-scaling/ps6-ll_unwindbound1.yml	false	false	0.378777	0.29945407600098406	57.839616	false	0.693318	0.5466775090026204	57.053184	false	0.674245	0.5222398709993286	57.241600	false	0.43063	0.3421129979979014	57.360384
nla-digbench-scaling/ps6-ll_unwindbound10.yml	false	false	0.386664	0.3131901979977556	57.659392	false	0.677022	0.5444828920008149	56.999936	false	0.67683	0.5368081560009159	57.606144	false	0.46103	0.37614685599692166	58.077184
nla-digbench-scaling/ps6-ll_unwindbound100.yml	false	false	0.52001	0.43442010099897743	57.573376	false	0.698594	0.5582116160003352	57.217024	false	0.643209	0.5105134320001525	57.839616	false	0.456092	0.3745973370023421	57.344000
nla-digbench-scaling/ps6-ll_unwindbound2.yml	false	false	0.378251	0.30421380000188947	57.352192	false	0.719152	0.5781141439983912	57.139200	false	0.664723	0.5300434889977623	56.668160	false	0.415295	0.3447170029976405	57.491456
nla-digbench-scaling/ps6-ll_unwindbound20.yml	false	false	0.399498	0.3265378959986265	58.105856	false	0.702096	0.5657641420002619	57.057280	false	0.682516	0.5491369409974141	58.097664	false	0.460758	0.3793340190022718	57.167872
nla-digbench-scaling/ps6-ll_unwindbound5.yml	false	false	0.380947	0.2980392160025076	57.524224	false	0.688497	0.5480560149990197	56.913920	false	0.68721	0.5484010159998434	56.995840	false	0.400926	0.3217174029996386	57.389056
nla-digbench-scaling/ps6-ll_unwindbound50.yml	false	false	0.453177	0.3762015239990433	57.368576	false	0.670204	0.5373301760009781	57.434112	false	0.689327	0.554548068997974	57.118720	false	0.39322	0.31479288799891947	57.716736
nla-digbench-scaling/ps6-ll_valuebound1.yml	true	false	0.365258	0.2913493079977343	57.630720	false	0.671086	0.5373087059997488	57.094144	false	0.67007	0.5333080240015988	57.663488	false	0.392205	0.3119701140021789	57.716736
nla-digbench-scaling/ps6-ll_valuebound10.yml	true	false	0.376976	0.29306053099935525	57.954304	false	0.663213	0.5218910039984621	57.368576	false	0.668173	0.5388760230016487	57.692160	false	0.390879	0.31010728199908044	57.188352
nla-digbench-scaling/ps6-ll_valuebound100.yml	true	false	0.367417	0.287936474000162	57.745408	false	0.690625	0.5520030189982208	57.335808	false	0.650175	0.520237486998667	57.524224	false	0.391922	0.3076213509993977	58.081280
nla-digbench-scaling/ps6-ll_valuebound2.yml	true	false	0.357948	0.2911521490023006	57.786368	false	0.692364	0.5542287629978091	57.868288	false	0.662898	0.5238324259989895	57.581568	false	0.403783	0.32337658000324154	57.749504
nla-digbench-scaling/ps6-ll_valuebound20.yml	true	false	0.356256	0.2862729440021212	57.618432	false	0.671036	0.5292417549972015	57.790464	false	0.658147	0.5245884760006447	57.843712	false	0.404102	0.32473601200035773	57.606144
nla-digbench-scaling/ps6-ll_valuebound5.yml	true	false	0.368673	0.2879219809983624	57.344000	false	0.678215	0.5379381659986393	57.069568	false	0.656064	0.5215329439997731	57.630720	false	0.381676	0.30272691199934343	57.556992
nla-digbench-scaling/ps6-ll_valuebound50.yml	true	false	0.379472	0.2963916849985253	58.236928	false	0.690155	0.5531978819999495	57.286656	false	0.664821	0.5307465629994113	57.294848	false	0.392773	0.3182848889991874	57.888768
nla-digbench-scaling/sqrt1-ll_unwindbound1.yml	true	false	0.238329	0.20220344100016518	56.811520	false	0.445852	0.37395161099993857	56.750080	false	0.440002	0.3739359350001905	57.659392	false	0.261978	0.22453197399590863	57.376768
nla-digbench-scaling/sqrt1-ll_unwindbound10.yml	true	false	0.468835	0.4324987069994677	57.290752	false	0.480573	0.4127209230027802	57.413632	false	0.478836	0.4145863500016276	57.176064	false	0.278884	0.24272312600078294	57.651200
nla-digbench-scaling/sqrt1-ll_unwindbound100.yml	true	false	18.517451	18.488419469998917	175.091712	false	0.486131	0.4134275100004743	57.556992	false	0.460591	0.3967771299976448	56.934400	false	0.287752	0.24689270200178726	57.196544
nla-digbench-scaling/sqrt1-ll_unwindbound2.yml	true	false	0.256591	0.22143260599841597	58.118144	false	0.473083	0.4012420930012013	57.057280	false	0.452307	0.38719908200073405	57.737216	false	0.27869	0.237043316999916	57.479168
nla-digbench-scaling/sqrt1-ll_unwindbound20.yml	true	false	1.030211	0.9941261150015634	65.912832	false	0.461095	0.39667389999885927	56.877056	false	0.458338	0.3938509059989883	56.872960	false	0.266446	0.23184609600139083	57.315328
nla-digbench-scaling/sqrt1-ll_unwindbound5.yml	true	false	0.293685	0.25940273499873	56.545280	false	0.469465	0.40306745499765384	56.721408	false	0.461209	0.3947821349975129	57.929728	false	0.272376	0.2348265629989328	57.147392
nla-digbench-scaling/sqrt1-ll_unwindbound50.yml	true	false	0.866202	0.8247132750002493	61.566976	false	0.478056	0.40627230100290035	57.192448	false	0.461832	0.3983465230012371	57.765888	false	0.297431	0.25547404900135007	57.483264
nla-digbench-scaling/sqrt1-ll_valuebound1.yml	true	false	0.257923	0.2207208889994945	57.131008	false	0.440629	0.3753736479993677	56.872960	false	0.445076	0.3818429999992077	56.852480	false	0.257049	0.22134184800233925	56.881152
nla-digbench-scaling/sqrt1-ll_valuebound10.yml	true	false	0.242975	0.20659913399867946	57.647104	false	0.465613	0.4030098379989795	56.995840	false	0.424143	0.36093601700122235	57.376768	false	0.2668	0.23062941699754447	56.692736
nla-digbench-scaling/sqrt1-ll_valuebound100.yml	true	false	0.245141	0.20594094500120264	57.049088	false	0.460008	0.3954081039992161	56.827904	false	0.433033	0.3713877859991044	57.397248	false	0.260427	0.22332728400215274	56.778752
nla-digbench-scaling/sqrt1-ll_valuebound2.yml	true	false	0.249889	0.2128343880031025	57.303040	false	0.445811	0.38169774799825973	56.819712	false	0.42917	0.36594212199997855	56.983552	false	0.254419	0.21635264799988363	57.036800
nla-digbench-scaling/sqrt1-ll_valuebound20.yml	true	false	0.240699	0.2041544480016455	57.913344	false	0.454872	0.3895034039996972	56.709120	false	0.435836	0.369887690001633	57.466880	false	0.281837	0.24034706199745415	56.815616
nla-digbench-scaling/sqrt1-ll_valuebound5.yml	true	false	0.250907	0.2132374719985819	57.470976	false	0.445723	0.38335731100232806	56.909824	false	0.43484	0.3722997030017723	57.257984	false	0.278938	0.23795674099528696	56.987648
nla-digbench-scaling/sqrt1-ll_valuebound50.yml	true	false	0.239655	0.20363694700063206	57.749504	false	0.470223	0.402648835999571	57.012224	false	0.449467	0.3875070620015322	56.836096	false	0.260755	0.22468684599880362	57.225216
verifythis/duplets.yml	true	false	0.438348	0.3545556659992144	60.129280	false	0.82715	0.6698637600020447	59.691008	false	0.797106	0.6365910770000482	61.317120	false	0.851448	0.7666918720060494	67.305472
verifythis/elimination_max.yml	true	false	0.378054	0.29963070200028596	60.710912	false	0.69955	0.5531439400001545	59.707392	false	0.68163	0.5336767709995911	59.797504	false	0.466902	0.38058632900356315	59.707392
verifythis/lcp.yml	true	false	0.436833	0.35285078100059764	59.912192	false	0.797201	0.6444640090012399	59.764736	false	0.751435	0.6033086520001234	60.063744	false	0.669729	0.5701881400018465	75.108352
verifythis/prefixsum_iter.yml	true	false	0.478066	0.3855862659984268	61.116416	false	0.892574	0.7161920100006682	60.571648	false	0.85817	0.6772756350001146	60.858368	false	4.287551	4.175868424994405	140.861440
verifythis/tree_del_iter.yml	false	false	0.594461	0.49469792500167387	61.095936	false	1.0696	0.8876860790005594	60.616704	false	1.090255	0.9062430989979475	60.964864	false	17.676991	17.589907649999077	247.107584
verifythis/tree_del_iter_incorrect.yml	false	false	0.574979	0.4841832210004213	61.374464	false	1.096555	0.890698456998507	60.928000	false	1.03637	0.8526062199998705	61.079552	false	13.565326	13.465330717001052	198.971392
