tool	Projection of integer hull 1.0	Projection of integer hull 1.0	Projection of integer hull 1.0	Projection of integer hull 1.0	Projection of integer hull 1.0	Projection of integer hull 1.0	Projection of integer hull 1.0	Projection of integer hull 1.0	Projection of integer hull 1.0	Projection of integer hull 1.0	Projection of integer hull 1.0	Projection of integer hull 1.0	Projection of integer hull 1.0	Projection of integer hull 1.0	Projection of integer hull 1.0	Projection of integer hull 1.0
run set	[lira-convex-hull-pc.cra-monotone-svcomp; lira-convex-hull-pc.termination-monotone-svcomp]	[lira-convex-hull-pc.cra-monotone-svcomp; lira-convex-hull-pc.termination-monotone-svcomp]	[lira-convex-hull-pc.cra-monotone-svcomp; lira-convex-hull-pc.termination-monotone-svcomp]	[lira-convex-hull-pc.cra-monotone-svcomp; lira-convex-hull-pc.termination-monotone-svcomp]	[lira-convex-hull-pc-lplh.cra-monotone-svcomp; lira-convex-hull-pc-lplh.termination-monotone-svcomp]	[lira-convex-hull-pc-lplh.cra-monotone-svcomp; lira-convex-hull-pc-lplh.termination-monotone-svcomp]	[lira-convex-hull-pc-lplh.cra-monotone-svcomp; lira-convex-hull-pc-lplh.termination-monotone-svcomp]	[lira-convex-hull-pc-lplh.cra-monotone-svcomp; lira-convex-hull-pc-lplh.termination-monotone-svcomp]	[lira-convex-hull-real-relaxation-lw.cra-monotone-svcomp; lira-convex-hull-real-relaxation-lw.termination-monotone-svcomp]	[lira-convex-hull-real-relaxation-lw.cra-monotone-svcomp; lira-convex-hull-real-relaxation-lw.termination-monotone-svcomp]	[lira-convex-hull-real-relaxation-lw.cra-monotone-svcomp; lira-convex-hull-real-relaxation-lw.termination-monotone-svcomp]	[lira-convex-hull-real-relaxation-lw.cra-monotone-svcomp; lira-convex-hull-real-relaxation-lw.termination-monotone-svcomp]	[lira-convex-hull-real-relaxation-fmcad15.cra-monotone-svcomp; lira-convex-hull-real-relaxation-fmcad15.termination-monotone-svcomp]	[lira-convex-hull-real-relaxation-fmcad15.cra-monotone-svcomp; lira-convex-hull-real-relaxation-fmcad15.termination-monotone-svcomp]	[lira-convex-hull-real-relaxation-fmcad15.cra-monotone-svcomp; lira-convex-hull-real-relaxation-fmcad15.termination-monotone-svcomp]	[lira-convex-hull-real-relaxation-fmcad15.cra-monotone-svcomp; lira-convex-hull-real-relaxation-fmcad15.termination-monotone-svcomp]
/home/diagram/src/research/projects/duet/bench-nk-local-abstraction-popl-2025/popl-results/tasks/svcomp-2025/	status	cputime (s)	walltime (s)	memory (MB)	status	cputime (s)	walltime (s)	memory (MB)	status	cputime (s)	walltime (s)	memory (MB)	status	cputime (s)	walltime (s)	memory (MB)
svcomp2025-cra-monotone-hulls/loops/compact12196a.i---hull-10.yml	TIMEOUT	30.860932	30.872130448988173	363.966464	done	0.025902	0.028623892008909024	31.485952	done	0.027848	0.030443253010162152	31.223808	done	0.03352	0.036348013003589585	31.473664
svcomp2025-cra-monotone-hulls/loops/compact12196a.i---hull-11.yml	TIMEOUT	30.85746	30.868164965999313	364.556288	done	0.028495	0.030658511008368805	31.506432	done	0.031045	0.033527639010571875	31.477760	done	0.027542	0.02967672501108609	31.285248
svcomp2025-cra-monotone-hulls/loops/compact12196a.i---hull-2.yml	TIMEOUT	30.861543	30.87177498100209	535.920640	done	0.02736	0.030308774003060535	31.281152	done	0.027669	0.02974780798831489	31.260672	done	0.028693	0.03155757000786252	31.498240
svcomp2025-cra-monotone-hulls/loops/compact12196a.i---hull-3.yml	TIMEOUT	30.870937	30.87989349401323	535.252992	done	0.028282	0.03125017300772015	31.281152	done	0.027444	0.029730912996456027	31.518720	done	0.027657	0.030176062005921267	31.612928
svcomp2025-cra-monotone-hulls/loops/compact12196a.i---hull-4.yml	TIMEOUT	30.861164	30.87291740300134	516.960256	done	0.026159	0.028252631003852002	31.363072	done	0.026875	0.029384198001935147	31.346688	done	0.026792	0.029623818991240114	31.342592
svcomp2025-cra-monotone-hulls/loops/compact12196a.i---hull-5.yml	TIMEOUT	30.860988	30.873354961004225	516.898816	done	0.027583	0.030455947999143973	31.293440	done	0.028394	0.030138973001157865	31.477760	done	0.028614	0.030875504002324305	31.354880
svcomp2025-cra-monotone-hulls/loops/compact12196a.i---hull-8.yml	TIMEOUT	30.85872	30.872165095992386	368.041984	done	0.026937	0.029821777003235184	31.322112	done	0.026518	0.02878837399475742	31.625216	done	0.029077	0.0316364009922836	31.539200
svcomp2025-cra-monotone-hulls/loops/compact12196a.i---hull-9.yml	TIMEOUT	30.859326	30.870022324001184	366.661632	done	0.025093	0.027638634011964314	31.244288	done	0.027758	0.030889390996890143	31.334400	done	0.026871	0.029673957993509248	31.272960
svcomp2025-cra-monotone-hulls/loops/heavy-1458510.i---hull-10.yml	TIMEOUT	30.862723	30.87323600499076	448.946176	done	0.032346	0.034323989995755255	31.633408	done	0.02766	0.030015210999408737	31.711232	done	0.028468	0.03088464900793042	31.637504
svcomp2025-cra-monotone-hulls/loops/heavy-1458510.i---hull-11.yml	TIMEOUT	30.86362	30.873083245009184	446.930944	done	0.027198	0.0292301400040742	31.510528	done	0.029533	0.03267513800528832	31.424512	done	0.027862	0.03041135500825476	31.625216
svcomp2025-cra-monotone-hulls/loops/heavy-1458510.i---hull-14.yml	TIMEOUT	30.859998	30.870873856998514	484.646912	done	0.029762	0.032415768000646494	31.653888	done	0.028832	0.03186956400168128	31.449088	done	0.032083	0.03434561498579569	31.854592
svcomp2025-cra-monotone-hulls/loops/heavy-1458510.i---hull-15.yml	TIMEOUT	30.861529	30.87250523599505	484.343808	done	0.030134	0.03296503599267453	31.576064	done	0.028656	0.031457211007364094	31.518720	done	0.030033	0.03267275000689551	31.776768
svcomp2025-cra-monotone-hulls/loops/heavy-1458510.i---hull-16.yml	TIMEOUT	30.863572	30.874621290990035	474.386432	done	0.031538	0.0342378950008424	31.584256	done	0.029317	0.03236482500506099	31.764480	done	0.029771	0.03227406198857352	32.026624
svcomp2025-cra-monotone-hulls/loops/heavy-1458510.i---hull-17.yml	TIMEOUT	30.861114	30.878264478989877	471.138304	done	0.035892	0.038283215995761566	31.588352	done	0.031758	0.034269773997948505	31.481856	done	0.028745	0.03111254400573671	32.034816
svcomp2025-cra-monotone-hulls/loops/heavy-1458510.i---hull-2.yml	TIMEOUT	30.864469	30.874912863000645	449.368064	done	0.027512	0.030042052996577695	31.600640	done	0.027463	0.02959766300045885	31.391744	done	0.028939	0.031449032001546584	31.596544
svcomp2025-cra-monotone-hulls/loops/heavy-1458510.i---hull-3.yml	TIMEOUT	30.867571	30.88107879299787	445.853696	done	0.039473	0.0417322349967435	31.629312	done	0.028976	0.03131415099778678	31.404032	done	0.02695	0.02932326700829435	31.588352
svcomp2025-cra-monotone-hulls/loops/heavy-1458510.i---hull-4.yml	TIMEOUT	30.863606	30.876423480993253	581.599232	done	0.028583	0.030506327995681204	31.477760	done	0.029094	0.031869589001871645	31.387648	done	0.030741	0.03335276199504733	31.858688
svcomp2025-cra-monotone-hulls/loops/heavy-1458510.i---hull-5.yml	TIMEOUT	30.862484	30.877027779002674	581.398528	done	0.026952	0.029699561011511832	31.473664	done	0.029876	0.031485245999647304	31.399936	done	0.034721	0.037193731011939235	31.817728
svcomp2025-cra-monotone-hulls/loops/heavy-1458510.i---hull-8.yml	TIMEOUT	30.864081	30.876546283005155	455.622656	done	0.028112	0.03043213799537625	31.494144	done	0.029951	0.032702922995667905	31.756288	done	0.028107	0.03044566500466317	31.920128
svcomp2025-cra-monotone-hulls/loops/heavy-1458510.i---hull-9.yml	TIMEOUT	30.865538	30.877126049992512	456.564736	done	0.030517	0.032778442997368984	31.498240	done	0.029519	0.03202926699304953	31.526912	done	0.033913	0.03622574401379097	31.645696
svcomp2025-cra-monotone-hulls/loops/heavy-27a5a05.i---hull-10.yml	TIMEOUT	30.864117	30.87368408999464	447.963136	done	0.026961	0.028923869991558604	31.531008	done	0.03048	0.03406246399390511	31.731712	done	0.027523	0.030190026998752728	31.625216
svcomp2025-cra-monotone-hulls/loops/heavy-27a5a05.i---hull-11.yml	TIMEOUT	30.865354	30.87727916300355	447.627264	done	0.027355	0.029347985007916577	31.600640	done	0.033901	0.03617727699747775	31.424512	done	0.029779	0.03195735899498686	31.862784
svcomp2025-cra-monotone-hulls/loops/heavy-27a5a05.i---hull-14.yml	TIMEOUT	30.863627	30.873660530007328	484.237312	done	0.027166	0.02968645498913247	31.580160	done	0.027533	0.030502484005410224	31.571968	done	0.033471	0.03620825499820057	31.768576
svcomp2025-cra-monotone-hulls/loops/heavy-27a5a05.i---hull-15.yml	TIMEOUT	30.865704	30.87898797901289	485.285888	done	0.029173	0.03160398598993197	31.576064	done	0.028826	0.03178578900406137	31.436800	done	0.029424	0.031785614002728835	31.772672
svcomp2025-cra-monotone-hulls/loops/heavy-27a5a05.i---hull-16.yml	TIMEOUT	30.866459	30.875841291999677	471.814144	done	0.027911	0.029937778002931736	31.834112	done	0.028786	0.030958522998844273	31.678464	done	0.03044	0.033420608000596985	32.018432
svcomp2025-cra-monotone-hulls/loops/heavy-27a5a05.i---hull-17.yml	TIMEOUT	30.866727	30.8761049649911	472.285184	done	0.033812	0.03610978100914508	31.580160	done	0.033922	0.03664224500244018	31.485952	done	0.031435	0.03370098200684879	32.022528
svcomp2025-cra-monotone-hulls/loops/heavy-27a5a05.i---hull-2.yml	TIMEOUT	30.865656	30.875009648996638	444.780544	done	0.028317	0.031893906998448074	31.473664	done	0.028976	0.03138091499567963	31.457280	done	0.027939	0.030354064001585357	31.858688
svcomp2025-cra-monotone-hulls/loops/heavy-27a5a05.i---hull-3.yml	TIMEOUT	30.866119	30.876457326012314	448.790528	done	0.027504	0.030103276003501378	31.686656	done	0.028254	0.030921247001970187	31.395840	done	0.036231	0.03902431200549472	31.608832
svcomp2025-cra-monotone-hulls/loops/heavy-27a5a05.i---hull-4.yml	TIMEOUT	30.863582	30.87768570499611	581.275648	done	0.029774	0.03182848000142258	31.604736	done	0.03418	0.037430203999974765	31.551488	done	0.030973	0.033112545002950355	31.739904
svcomp2025-cra-monotone-hulls/loops/heavy-27a5a05.i---hull-5.yml	TIMEOUT	30.864305	30.87599668299663	444.284928	done	0.029009	0.03066687200043816	31.580160	done	0.0288	0.031261188007192686	31.404032	done	0.029036	0.031418568003573455	31.588352
svcomp2025-cra-monotone-hulls/loops/heavy-27a5a05.i---hull-8.yml	TIMEOUT	30.865433	30.877383971004747	457.981952	done	0.027124	0.029542044998379424	31.506432	done	0.028035	0.03064668299339246	31.662080	done	0.032222	0.03470273500715848	31.653888
svcomp2025-cra-monotone-hulls/loops/heavy-27a5a05.i---hull-9.yml	TIMEOUT	30.864358	30.87884469900746	458.498048	done	0.028088	0.03068353098933585	31.662080	done	0.028825	0.031399853993207216	31.408128	done	0.027976	0.03029373098979704	31.776768
svcomp2025-cra-monotone-hulls/loop-acceleration/functions_1-1f961c6.i---hull-2.yml	TIMEOUT	30.863819	30.871908679007902	462.385152	done	0.026342	0.02889145399967674	31.518720	done	0.029519	0.032002225998439826	31.485952	done	0.030532	0.03274471299664583	31.920128
svcomp2025-cra-monotone-hulls/loop-acceleration/functions_1-1f961c6.i---hull-3.yml	TIMEOUT	30.862358	30.874910861995886	469.061632	done	0.027882	0.02973435999592766	31.752192	done	0.031187	0.034059410987538286	31.555584	done	0.041079	0.044768162988475524	31.911936
svcomp2025-cra-monotone-hulls/loop-acceleration/functions_1-1f961c6.i---hull-4.yml	TIMEOUT	30.866648	30.875337085002684	459.370496	done	0.028106	0.030503736008540727	31.535104	done	0.027173	0.02937346500402782	31.465472	done	0.034073	0.03646950499387458	31.748096
svcomp2025-cra-monotone-hulls/loop-acceleration/functions_1-1f961c6.i---hull-5.yml	TIMEOUT	30.866862	30.873383942001965	461.037568	done	0.027621	0.03064530399569776	31.531008	done	0.028474	0.031336129002738744	31.461376	done	0.03087	0.033494557996164076	31.866880
svcomp2025-cra-monotone-hulls/loop-acceleration/functions_1-2b3aeeb.i---hull-2.yml	TIMEOUT	30.862932	30.872780196004896	469.884928	done	0.027999	0.030835721001494676	31.637504	done	0.02835	0.031562860996928066	31.477760	done	0.029204	0.03208892198745161	31.903744
svcomp2025-cra-monotone-hulls/loop-acceleration/functions_1-2b3aeeb.i---hull-3.yml	TIMEOUT	30.86352	30.872037388005992	467.603456	done	0.034243	0.03686023199406918	31.535104	done	0.029294	0.03245339498971589	31.776768	done	0.032522	0.035070911995717324	31.911936
svcomp2025-cra-monotone-hulls/loop-acceleration/functions_1-2b3aeeb.i---hull-4.yml	TIMEOUT	30.863498	30.874437247010064	463.831040	done	0.027886	0.030447247001575306	31.784960	done	0.028686	0.03091398200194817	31.481856	done	0.029332	0.031828370003495365	31.801344
svcomp2025-cra-monotone-hulls/loop-acceleration/functions_1-2b3aeeb.i---hull-5.yml	TIMEOUT	30.865068	30.875124522994156	462.655488	done	0.029661	0.032545135996770114	31.547392	done	0.029955	0.032314245007000864	31.477760	done	0.027917	0.030593960007536225	31.744000
svcomp2025-cra-monotone-hulls/loop-acceleration/nested_1-1d5a4d3.i---hull-10.yml	TIMEOUT	30.863988	30.87240665400168	385.646592	done	0.026508	0.02962072398804594	31.424512	done	0.028049	0.030331575995660387	31.449088	done	0.027081	0.029507012994145043	31.461376
svcomp2025-cra-monotone-hulls/loop-acceleration/nested_1-1d5a4d3.i---hull-11.yml	TIMEOUT	30.864774	30.873037077995832	389.177344	done	0.027852	0.029891718993894756	31.395840	done	0.030805	0.033113958008470945	31.342592	done	0.028163	0.030481383990263566	31.551488
svcomp2025-cra-monotone-hulls/loop-acceleration/nested_1-1d5a4d3.i---hull-8.yml	TIMEOUT	30.85991	30.873211181009538	391.073792	done	0.02777	0.030293987001641653	31.477760	done	0.030613	0.03238501399755478	31.444992	done	0.027221	0.02965327700076159	31.453184
svcomp2025-cra-monotone-hulls/loop-acceleration/nested_1-1d5a4d3.i---hull-9.yml	TIMEOUT	30.863036	30.873124089994235	390.905856	done	0.028964	0.031341972993686795	31.395840	done	0.031848	0.034445452998625115	31.338496	done	0.029399	0.0320242839952698	31.469568
svcomp2025-cra-monotone-hulls/loop-acceleration/nested_1-21bced6.i---hull-10.yml	TIMEOUT	30.862798	30.875552911005798	387.649536	done	0.03326	0.035511772002791986	31.420416	done	0.027504	0.029352211000514217	31.457280	done	0.027595	0.03051099598815199	31.465472
svcomp2025-cra-monotone-hulls/loop-acceleration/nested_1-21bced6.i---hull-11.yml	TIMEOUT	30.86207	30.872755999997025	386.449408	done	0.02991	0.03218079698854126	31.645696	done	0.027975	0.030735587992239743	31.338496	done	0.026917	0.029462620004778728	31.580160
svcomp2025-cra-monotone-hulls/loop-acceleration/nested_1-21bced6.i---hull-8.yml	TIMEOUT	30.863197	30.87619605999498	391.024640	done	0.034473	0.03729829500662163	31.420416	done	0.028475	0.030686662008520216	31.428608	done	0.034299	0.036398967989953235	31.637504
svcomp2025-cra-monotone-hulls/loop-acceleration/nested_1-21bced6.i---hull-9.yml	TIMEOUT	30.864079	30.872683274006704	390.230016	done	0.027332	0.02952068999002222	31.649792	done	0.028996	0.031428008995135315	31.346688	done	0.033762	0.03608419100055471	31.469568
svcomp2025-cra-monotone-hulls/loop-acceleration/phases_1-1b18d8d.i---hull-2.yml	TIMEOUT	30.856383	30.866199391006376	252.416000	done	0.027335	0.029479128992534243	31.330304	done	0.027385	0.029839568989700638	31.260672	done	0.028426	0.031304827993153594	31.502336
svcomp2025-cra-monotone-hulls/loop-acceleration/phases_1-1b18d8d.i---hull-3.yml	TIMEOUT	30.856539	30.86591870301345	252.903424	done	0.027903	0.029939864994958043	31.338496	done	0.02727	0.030308490997413173	32.010240	done	0.028799	0.031252504006261006	31.457280
svcomp2025-cra-monotone-hulls/loop-acceleration/phases_1-1b18d8d.i---hull-4.yml	TIMEOUT	30.860573	30.872357254993403	371.261440	done	0.029409	0.03102222000597976	31.412224	done	0.026902	0.029026093005086295	31.518720	done	0.032839	0.03547665200312622	31.420416
svcomp2025-cra-monotone-hulls/loop-acceleration/phases_1-1b18d8d.i---hull-5.yml	TIMEOUT	30.861103	30.873283426000853	371.597312	done	0.025284	0.0271435969916638	31.326208	done	0.028285	0.030800664011621848	31.264768	done	0.030398	0.03342120099114254	31.567872
svcomp2025-cra-monotone-hulls/loop-acceleration/phases_1-286dbd3.i---hull-2.yml	TIMEOUT	30.85578	30.867916071991203	253.136896	done	0.027824	0.03154035599436611	31.354880	done	0.028773	0.03114757899311371	31.322112	done	0.028693	0.03153906099032611	31.412224
svcomp2025-cra-monotone-hulls/loop-acceleration/phases_1-286dbd3.i---hull-3.yml	TIMEOUT	30.857733	30.86747118899075	252.121088	done	0.029546	0.03242925999802537	31.494144	done	0.027884	0.030648549989564344	31.277056	done	0.031078	0.033350833007716574	31.424512
svcomp2025-cra-monotone-hulls/loop-acceleration/phases_1-286dbd3.i---hull-4.yml	TIMEOUT	30.860961	30.87254999500874	371.621888	done	0.029965	0.03225614999246318	31.473664	done	0.028674	0.03155708899430465	31.367168	done	0.027591	0.030973208995419554	31.608832
svcomp2025-cra-monotone-hulls/loop-acceleration/phases_1-286dbd3.i---hull-5.yml	TIMEOUT	30.862483	30.874492828006623	372.031488	done	0.028875	0.031283926000469364	31.322112	done	0.026755	0.029186911997385323	31.260672	done	0.027202	0.02994246299203951	31.657984
svcomp2025-cra-monotone-hulls/loop-acceleration/simple_1-1ccc8ee.i---hull-2.yml	TIMEOUT	30.862278	30.872027058008825	366.710784	done	0.028981	0.030821168998954818	31.227904	done	0.027987	0.0302553889923729	31.207424	done	0.02803	0.030892135997419246	31.272960
svcomp2025-cra-monotone-hulls/loop-acceleration/simple_1-1ccc8ee.i---hull-3.yml	TIMEOUT	30.8581	30.871910361005575	365.002752	done	0.027143	0.02924495299521368	31.457280	done	0.027782	0.030513100005919114	31.211520	done	0.027386	0.03043259200057946	31.285248
svcomp2025-cra-monotone-hulls/loop-acceleration/simple_1-1ccc8ee.i---hull-4.yml	TIMEOUT	30.86006	30.871315465003136	363.974656	done	0.026076	0.028407285994035192	31.498240	done	0.032171	0.034459185000741854	31.551488	done	0.025953	0.028945990998181514	31.285248
svcomp2025-cra-monotone-hulls/loop-acceleration/simple_1-1ccc8ee.i---hull-5.yml	TIMEOUT	30.859428	30.87083810000331	362.569728	done	0.030313	0.0326085879933089	31.367168	done	0.030012	0.0323294529953273	31.211520	done	0.027189	0.02985605700814631	31.543296
svcomp2025-cra-monotone-hulls/loop-acceleration/simple_1-25dd335.i---hull-2.yml	TIMEOUT	30.861692	30.872646341988002	366.977024	done	0.026371	0.02841425900987815	31.232000	done	0.026536	0.028670354004134424	31.326208	done	0.027658	0.030816647005849518	31.281152
svcomp2025-cra-monotone-hulls/loop-acceleration/simple_1-25dd335.i---hull-3.yml	TIMEOUT	30.859097	30.87090389500372	367.513600	done	0.026048	0.028605952000361867	31.227904	done	0.027026	0.02979536700877361	31.465472	done	0.029854	0.03325419299653731	31.350784
svcomp2025-cra-monotone-hulls/loop-acceleration/simple_1-25dd335.i---hull-4.yml	TIMEOUT	30.858511	30.871202562004328	362.196992	done	0.025508	0.027871229001902975	31.240192	done	0.031381	0.03360616898862645	31.334400	done	0.029173	0.03208423499017954	31.547392
svcomp2025-cra-monotone-hulls/loop-acceleration/simple_1-25dd335.i---hull-5.yml	TIMEOUT	30.85869	30.871052016998874	362.774528	done	0.026809	0.028922860001330264	31.350784	done	0.028804	0.031414890006999485	31.223808	done	0.0286	0.0315403210115619	31.301632
svcomp2025-cra-monotone-hulls/loop-acceleration/simple_2-104863b.i---hull-2.yml	TIMEOUT	30.859514	30.87111881499004	367.624192	done	0.032225	0.034219676002976485	31.223808	done	0.034929	0.037749469993286766	31.469568	done	0.026993	0.029336881008930504	31.285248
svcomp2025-cra-monotone-hulls/loop-acceleration/simple_2-104863b.i---hull-3.yml	TIMEOUT	30.85927	30.871318010991672	367.357952	done	0.029588	0.03137162100756541	31.277056	done	0.027132	0.029787747000227682	31.215616	done	0.033034	0.03594003399484791	31.531008
svcomp2025-cra-monotone-hulls/loop-acceleration/simple_2-104863b.i---hull-4.yml	TIMEOUT	30.86019	30.869584549000137	364.572672	done	0.02654	0.028921461998834275	31.236096	done	0.027065	0.029331085010198876	31.703040	done	0.072516	0.07538149600441102	31.281152
svcomp2025-cra-monotone-hulls/loop-acceleration/simple_2-104863b.i---hull-5.yml	TIMEOUT	30.859072	30.872285956997075	363.601920	done	0.029753	0.031563091004500166	31.240192	done	0.028074	0.03029286600940395	31.383552	done	0.027853	0.03038257900334429	31.350784
svcomp2025-cra-monotone-hulls/loop-acceleration/simple_2-2a2e675.i---hull-2.yml	TIMEOUT	30.862987	30.874243896992994	367.525888	done	0.03805	0.03999367599317338	31.617024	done	0.028548	0.03184687500470318	31.531008	done	0.031799	0.03404437701101415	31.293440
svcomp2025-cra-monotone-hulls/loop-acceleration/simple_2-2a2e675.i---hull-3.yml	TIMEOUT	30.857678	30.870742054990842	367.849472	done	0.030985	0.03286769300757442	31.232000	done	0.030835	0.03328509099083021	31.199232	done	0.027012	0.02977627399377525	31.424512
svcomp2025-cra-monotone-hulls/loop-acceleration/simple_2-2a2e675.i---hull-4.yml	TIMEOUT	30.858879	30.87081110299914	362.856448	done	0.027693	0.029448007990140468	31.342592	done	0.02725	0.029744516999926418	31.207424	done	0.028914	0.031078262007213198	31.539200
svcomp2025-cra-monotone-hulls/loop-acceleration/simple_2-2a2e675.i---hull-5.yml	TIMEOUT	30.858384	30.871263594992342	363.446272	done	0.026671	0.029162864011595957	31.244288	done	0.028648	0.031339881010353565	31.285248	done	0.027645	0.029797377006616443	31.531008
svcomp2025-cra-monotone-hulls/loop-crafted/simple_array_index_value_4.i.v+lhb-reducer713520.i---hull-14.yml	TIMEOUT	30.853799	30.86448848800501	185.053184	done	0.039483	0.04130420199362561	31.789056	done	0.030821	0.03386487299576402	31.916032	done	0.031653	0.03440391999902204	32.022528
svcomp2025-cra-monotone-hulls/loop-crafted/simple_array_index_value_4.i.v+lhb-reducer713520.i---hull-15.yml	TIMEOUT	30.854121	30.864260212998488	185.397248	done	0.028785	0.03179499099496752	31.932416	done	0.028463	0.031015232001664117	31.584256	done	0.033766	0.036655767005868256	32.272384
svcomp2025-cra-monotone-hulls/loop-crafted/simple_array_index_value_4.i.v+lhb-reducer713520.i---hull-16.yml	TIMEOUT	30.853846	30.864934152996284	187.641856	done	0.027498	0.03035340699716471	31.678464	done	0.034226	0.037325198005419225	31.793152	done	0.030216	0.032590656002867036	31.965184
svcomp2025-cra-monotone-hulls/loop-crafted/simple_array_index_value_4.i.v+lhb-reducer713520.i---hull-17.yml	TIMEOUT	30.854207	30.86283090400684	185.843712	done	0.031146	0.033925930998520926	31.928320	done	0.029653	0.03225127600308042	31.789056	done	0.029232	0.031536505004623905	31.977472
svcomp2025-cra-monotone-hulls/loop-crafted/simple_array_index_value_4.i.v+lhb-reducer713520.i---hull-2.yml	TIMEOUT	30.859035	30.87089300400112	365.264896	done	0.027602	0.031041209993418306	31.494144	done	0.027207	0.030173598002875224	31.391744	done	0.026577	0.029171127011068165	31.256576
svcomp2025-cra-monotone-hulls/loop-crafted/simple_array_index_value_4.i.v+lhb-reducer713520.i---hull-3.yml	TIMEOUT	30.861772	30.87146321599721	366.952448	done	0.024979	0.027475176990265027	31.358976	done	0.027056	0.029697319012484513	31.293440	done	0.026547	0.029006601995206438	31.256576
svcomp2025-cra-monotone-hulls/loop-crafted/simple_array_index_value_4.i.v+lhb-reducer713520.i---hull-4.yml	TIMEOUT	30.858232	30.86985142499907	364.474368	done	0.025559	0.02875833900179714	31.494144	done	0.027852	0.030652607005322352	31.191040	done	0.028346	0.031069765987922437	31.285248
svcomp2025-cra-monotone-hulls/loop-crafted/simple_array_index_value_4.i.v+lhb-reducer713520.i---hull-5.yml	TIMEOUT	30.861039	30.87194613101019	364.703744	done	0.030539	0.033192882998264395	31.809536	done	0.029449	0.03238479500578251	31.191040	done	0.027636	0.03025209400220774	31.383552
svcomp2025-cra-monotone-hulls/loop-crafted/simple_array_index_value_4.i.v+nlh-reducer99c040.i---hull-14.yml	TIMEOUT	30.858313	30.871366464998573	367.202304	done	0.027287	0.029348058000323363	31.358976	done	0.026576	0.029435480988468044	31.191040	done	0.027005	0.030486463001579978	31.264768
svcomp2025-cra-monotone-hulls/loop-crafted/simple_array_index_value_4.i.v+nlh-reducer99c040.i---hull-15.yml	TIMEOUT	30.861286	30.871370895009022	367.321088	done	0.028044	0.029803654993884265	31.244288	done	0.027949	0.030559024002286606	31.444992	done	0.027374	0.03083152799808886	31.453184
svcomp2025-cra-monotone-hulls/loop-crafted/simple_array_index_value_4.i.v+nlh-reducer99c040.i---hull-16.yml	TIMEOUT	30.85993	30.86965544600389	362.983424	done	0.027829	0.03041499698883854	31.215616	done	0.027475	0.03042085299966857	31.469568	done	0.026655	0.029242246004287153	31.363072
svcomp2025-cra-monotone-hulls/loop-crafted/simple_array_index_value_4.i.v+nlh-reducer99c040.i---hull-17.yml	TIMEOUT	30.859554	30.870060868997825	362.934272	done	0.029414	0.03128493099939078	31.318016	done	0.029755	0.032679986994480714	31.461376	done	0.02691	0.03025658799742814	31.526912
svcomp2025-cra-monotone-hulls/loop-crafted/simple_array_index_value_42e29fe.i---hull-10.yml	TIMEOUT	30.858107	30.870347624004353	363.065344	done	0.031619	0.03405839599145111	31.240192	done	0.027669	0.030401313997572288	31.215616	done	0.027709	0.03018224700645078	31.547392
svcomp2025-cra-monotone-hulls/loop-crafted/simple_array_index_value_42e29fe.i---hull-11.yml	TIMEOUT	30.857657	30.869535555000766	364.204032	done	0.026192	0.028503125999122858	31.236096	done	0.028113	0.030706183999427594	31.444992	done	0.027988	0.03054052199877333	31.391744
svcomp2025-cra-monotone-hulls/loop-crafted/simple_array_index_value_42e29fe.i---hull-4.yml	TIMEOUT	30.856385	30.864192289998755	218.517504	done	0.027908	0.030432433006353676	31.522816	done	0.034582	0.036717383001814596	31.453184	done	0.03662	0.03924380100215785	31.629312
svcomp2025-cra-monotone-hulls/loop-crafted/simple_array_index_value_42e29fe.i---hull-5.yml	TIMEOUT	30.85884	30.86491883499548	218.783744	done	0.027332	0.029697744001168758	31.735808	done	0.031552	0.03356627000903245	31.584256	done	0.031143	0.03376947299693711	31.895552
svcomp2025-cra-monotone-hulls/loop-crafted/simple_array_index_value_42e29fe.i---hull-8.yml	TIMEOUT	30.859882	30.869268209993606	367.243264	done	0.026146	0.029981603001942858	31.580160	done	0.027803	0.03036589900148101	31.203328	done	0.02902	0.03118183699552901	31.272960
svcomp2025-cra-monotone-hulls/loop-crafted/simple_array_index_value_42e29fe.i---hull-9.yml	TIMEOUT	30.859533	30.868823816999793	365.772800	done	0.030526	0.0325470480020158	31.252480	done	0.029895	0.032385854006861337	31.309824	done	0.028058	0.030791236989898607	31.313920
svcomp2025-cra-monotone-hulls/loop-crafted/simple_vardep_12e314a.i---hull-2.yml	TIMEOUT	30.864492	30.872982087996206	457.658368	done	0.029689	0.031467679000343196	31.625216	done	0.027885	0.03063160300371237	31.399936	done	0.030321	0.033012825006153435	31.883264
svcomp2025-cra-monotone-hulls/loop-crafted/simple_vardep_12e314a.i---hull-3.yml	TIMEOUT	30.862488	30.872526966995792	457.932800	done	0.028184	0.030472352998913266	31.449088	done	0.027577	0.030088172003161162	31.502336	done	0.028706	0.031043666996993124	31.879168
svcomp2025-cra-monotone-hulls/loop-crafted/simple_vardep_12e314a.i---hull-4.yml	TIMEOUT	30.863978	30.873092997004278	457.531392	done	0.029115	0.0315108840004541	31.735808	done	0.028656	0.03162693000922445	31.404032	done	0.028008	0.030104981997283176	31.625216
svcomp2025-cra-monotone-hulls/loop-crafted/simple_vardep_12e314a.i---hull-5.yml	TIMEOUT	30.8638	30.872510966000846	461.516800	done	0.027775	0.030732701008673757	31.723520	done	0.031325	0.034031622009933926	31.645696	done	0.028531	0.03078558099514339	31.518720
svcomp2025-cra-monotone-hulls/loop-crafted/simple_vardep_2150c93.i---hull-2.yml	TIMEOUT	30.862965	30.872806411993224	498.733056	done	0.028566	0.031853128006332554	31.789056	done	0.030846	0.033479951991466805	31.707136	done	0.038422	0.041212027994333766	31.891456
svcomp2025-cra-monotone-hulls/loop-crafted/simple_vardep_2150c93.i---hull-3.yml	TIMEOUT	30.864027	30.872007412006496	498.601984	done	0.029966	0.032709838997107	31.526912	done	0.028316	0.030850859999191016	31.547392	done	0.030621	0.03381898399675265	31.965184
svcomp2025-cra-monotone-hulls/loop-crafted/simple_vardep_2150c93.i---hull-4.yml	TIMEOUT	30.86408	30.87304294599744	488.845312	done	0.029213	0.03193616500357166	31.797248	done	0.029797	0.03250100000877865	31.805440	done	0.0281	0.02993410700582899	31.748096
svcomp2025-cra-monotone-hulls/loop-crafted/simple_vardep_2150c93.i---hull-5.yml	TIMEOUT	30.866086	30.87455307399796	488.960000	done	0.028702	0.03179337999608833	31.551488	done	0.028843	0.032450540995341726	31.440896	done	0.030882	0.03364528599195182	31.633408
svcomp2025-cra-monotone-hulls/loop-invgen/fragtest_simple7ec4f9.i---hull-10.yml	TIMEOUT	30.862488	30.872561570999096	424.976384	done	0.028375	0.030834004006464966	31.485952	done	0.030528	0.03328515400062315	31.371264	done	0.028965	0.03138279399718158	31.502336
svcomp2025-cra-monotone-hulls/loop-invgen/fragtest_simple7ec4f9.i---hull-11.yml	TIMEOUT	30.863026	30.872558354007197	423.886848	done	0.029731	0.03204298499622382	31.490048	done	0.030879	0.03391891399223823	31.412224	done	0.029022	0.03171032000682317	31.608832
svcomp2025-cra-monotone-hulls/loop-invgen/fragtest_simple7ec4f9.i---hull-14.yml	TIMEOUT	30.862424	30.875922947001527	541.405184	done	0.030381	0.032613155999570154	31.281152	done	0.027368	0.030693910011905245	31.252480	done	0.02854	0.03116713700001128	31.473664
svcomp2025-cra-monotone-hulls/loop-invgen/fragtest_simple7ec4f9.i---hull-15.yml	TIMEOUT	30.863633	30.87305487500271	541.278208	done	0.027061	0.029875064006773755	31.289344	done	0.028246	0.03092107200063765	31.322112	done	0.031869	0.034014377000858076	31.354880
svcomp2025-cra-monotone-hulls/loop-invgen/fragtest_simple7ec4f9.i---hull-16.yml	TIMEOUT	30.864285	30.872861415002262	393.064448	done	0.02952	0.032659079995937645	31.330304	done	0.027217	0.030161619011778384	31.256576	done	0.05539	0.05783836300543044	31.465472
svcomp2025-cra-monotone-hulls/loop-invgen/fragtest_simple7ec4f9.i---hull-17.yml	TIMEOUT	30.862665	30.8716009369964	393.748480	done	0.030208	0.03275808000762481	31.473664	done	0.030491	0.03363297300529666	31.641600	done	0.02824	0.03173884699936025	31.465472
svcomp2025-cra-monotone-hulls/loop-invgen/fragtest_simple7ec4f9.i---hull-8.yml	TIMEOUT	30.863632	30.87469645899546	556.470272	done	0.028476	0.030733546009287238	31.404032	done	0.031837	0.03428161500778515	31.297536	done	0.031035	0.034019397004158236	31.596544
svcomp2025-cra-monotone-hulls/loop-invgen/fragtest_simple7ec4f9.i---hull-9.yml	TIMEOUT	30.865331	30.875384862010833	556.294144	done	0.026894	0.029385010013356805	31.408128	done	0.031872	0.034507033007685095	31.297536	done	0.027779	0.03044728199893143	31.473664
svcomp2025-cra-monotone-hulls/loop-invgen/string_concat-noarr805fd3.i---hull-10.yml	TIMEOUT	30.860883	30.870659606007393	392.785920	done	0.026852	0.02930833600112237	31.354880	done	0.027296	0.029934060003142804	31.481856	done	0.027375	0.02944879001006484	31.449088
svcomp2025-cra-monotone-hulls/loop-invgen/string_concat-noarr805fd3.i---hull-11.yml	TIMEOUT	30.860197	30.87347462400794	394.416128	done	0.028774	0.03081349199055694	31.379456	done	0.029994	0.032403192002675496	31.260672	done	0.027825	0.030659447991638444	31.571968
svcomp2025-cra-monotone-hulls/loop-invgen/string_concat-noarr805fd3.i---hull-2.yml	TIMEOUT	30.861668	30.873915064992616	427.790336	done	0.03025	0.031988825008738786	31.363072	done	0.02721	0.029965256006107666	31.272960	done	0.030196	0.03289240899903234	31.444992
svcomp2025-cra-monotone-hulls/loop-invgen/string_concat-noarr805fd3.i---hull-3.yml	TIMEOUT	30.860871	30.87538252599188	428.204032	done	0.028487	0.030559171995264478	31.350784	done	0.027097	0.029963537002913654	31.387648	done	0.027475	0.02985097700729966	31.539200
svcomp2025-cra-monotone-hulls/loop-invgen/string_concat-noarr805fd3.i---hull-4.yml	TIMEOUT	30.86485	30.87299244699534	416.665600	done	0.028009	0.029981925996253267	31.432704	done	0.030621	0.03416081999603193	31.490048	done	0.034588	0.037287569997715764	31.498240
svcomp2025-cra-monotone-hulls/loop-invgen/string_concat-noarr805fd3.i---hull-5.yml	TIMEOUT	30.861451	30.874109344003955	418.676736	done	0.032273	0.03491168899927288	31.698944	done	0.029956	0.032324660001904704	31.375360	done	0.027893	0.030969461004133336	31.764480
svcomp2025-cra-monotone-hulls/loop-invgen/string_concat-noarr805fd3.i---hull-8.yml	TIMEOUT	30.862554	30.87532561700209	541.245440	done	0.027784	0.030445696000242606	31.465472	done	0.027784	0.029956975995446555	31.236096	done	0.02765	0.02937020899844356	31.473664
svcomp2025-cra-monotone-hulls/loop-invgen/string_concat-noarr805fd3.i---hull-9.yml	TIMEOUT	30.862263	30.87397973399493	541.675520	done	0.027119	0.03087532499921508	31.293440	done	0.027754	0.03073921699251514	31.506432	done	0.028601	0.03139075498620514	31.363072
svcomp2025-cra-monotone-hulls/loop-lit/css20037da860.i---hull-0.yml	TIMEOUT	30.863555	30.87694833999558	514.781184	done	0.037344	0.03974531899439171	31.682560	done	0.036682	0.03884416499931831	31.645696	done	0.029851	0.032537197999772616	31.846400
svcomp2025-cra-monotone-hulls/loop-lit/css20037da860.i---hull-1.yml	TIMEOUT	30.863827	30.873589463008102	514.748416	done	0.033338	0.03571983599977102	31.629312	done	0.030421	0.032288058995618485	31.617024	done	0.075052	0.07933036000758875	31.944704
svcomp2025-cra-monotone-hulls/loop-lit/css20037da860.i---hull-2.yml	TIMEOUT	30.851863	30.860887736998848	139.735040	done	0.036209	0.039044153003487736	31.629312	done	0.03395	0.036372540998854674	31.637504	done	0.029767	0.032362857993575744	31.662080
svcomp2025-cra-monotone-hulls/loop-lit/css20037da860.i---hull-3.yml	TIMEOUT	30.852623	30.86097932200937	139.870208	done	0.028709	0.030619754994404502	31.551488	done	0.032765	0.03506929399736691	31.744000	done	0.029405	0.03174570501141716	31.780864
svcomp2025-cra-monotone-hulls/loop-lit/css20037da860.i---hull-4.yml	TIMEOUT	30.852668	30.864293271995848	205.119488	done	0.030263	0.03302874699875247	31.592448	done	0.030772	0.032694977009668946	31.576064	done	0.030863	0.033091258999775164	31.715328
svcomp2025-cra-monotone-hulls/loop-lit/css20037da860.i---hull-5.yml	TIMEOUT	30.855538	30.86509850200673	204.185600	done	0.032998	0.035775931988609955	31.617024	done	0.03163	0.03406795900082216	31.576064	done	0.028737	0.03127015399513766	31.707136
svcomp2025-cra-monotone-hulls/loop-new/count_by_1_variant26a8e5.i---hull-2.yml	TIMEOUT	30.860539	30.871099021998816	366.047232	done	0.030089	0.03272431700315792	31.346688	done	0.02716	0.02990207298716996	31.223808	done	0.027311	0.029835342997102998	31.506432
svcomp2025-cra-monotone-hulls/loop-new/count_by_1_variant26a8e5.i---hull-3.yml	TIMEOUT	30.860439	30.873333013994852	366.145536	done	0.027046	0.029022005997831002	31.350784	done	0.027831	0.03049346098850947	31.219712	done	0.028385	0.03076379600679502	31.293440
svcomp2025-cra-monotone-hulls/loop-new/count_by_1_variant26a8e5.i---hull-4.yml	TIMEOUT	30.860563	30.869999478003592	361.975808	done	0.030785	0.03322035000019241	31.494144	done	0.028577	0.031001694995211437	31.215616	done	0.028027	0.030611351001425646	31.293440
svcomp2025-cra-monotone-hulls/loop-new/count_by_1_variant26a8e5.i---hull-5.yml	TIMEOUT	30.85941	30.87124229798792	363.913216	done	0.026634	0.029232654997031204	31.244288	done	0.027363	0.029795030000968836	31.223808	done	0.029787	0.032144316006451845	31.293440
svcomp2025-cra-monotone-hulls/loop-new/count_by_1b675f7.i---hull-2.yml	TIMEOUT	30.860253	30.87072647700552	367.263744	done	0.027409	0.030475149003905244	31.346688	done	0.036256	0.03856233299302403	31.383552	done	0.040981	0.04408401700493414	31.277056
svcomp2025-cra-monotone-hulls/loop-new/count_by_1b675f7.i---hull-3.yml	TIMEOUT	30.859219	30.870780428987928	367.710208	done	0.02753	0.029672028991626576	31.330304	done	0.027076	0.029511172004276887	31.223808	done	0.033532	0.035805552994133905	31.576064
svcomp2025-cra-monotone-hulls/loop-new/count_by_1b675f7.i---hull-4.yml	TIMEOUT	30.861808	30.872468857996864	361.594880	done	0.030062	0.032270978001179174	31.346688	done	0.027082	0.029360239001107402	31.211520	done	0.028479	0.030824703004327603	31.277056
svcomp2025-cra-monotone-hulls/loop-new/count_by_1b675f7.i---hull-5.yml	TIMEOUT	30.859588	30.869568782989518	362.393600	done	0.027444	0.03033639800560195	31.498240	done	0.027453	0.030084283993346617	31.211520	done	0.028117	0.03040639999380801	31.686656
svcomp2025-cra-monotone-hulls/loop-new/count_by_2d3e001.i---hull-2.yml	TIMEOUT	30.857973	30.870816477006883	366.198784	done	0.028306	0.030810165000730194	31.297536	done	0.030567	0.03310835300362669	31.211520	done	0.027483	0.029733719013165683	31.326208
svcomp2025-cra-monotone-hulls/loop-new/count_by_2d3e001.i---hull-3.yml	TIMEOUT	30.859541	30.87093104000087	367.300608	done	0.031163	0.03297635600029025	31.420416	done	0.028297	0.03134554599819239	31.481856	done	0.02625	0.029624457994941622	31.719424
svcomp2025-cra-monotone-hulls/loop-new/count_by_2d3e001.i---hull-4.yml	TIMEOUT	30.863505	30.871525780996308	363.016192	done	0.026612	0.0292023829970276	31.219712	done	0.03372	0.03608778800116852	31.240192	done	0.034035	0.03642432499327697	31.342592
svcomp2025-cra-monotone-hulls/loop-new/count_by_2d3e001.i---hull-5.yml	TIMEOUT	30.859089	30.87277450200054	364.240896	done	0.027907	0.03040045700618066	31.506432	done	0.034972	0.03760570600570645	31.301632	done	0.027332	0.029646630006027408	31.268864
svcomp2025-cra-monotone-hulls/loop-new/count_by_k1a7e0d.i---hull-2.yml	done	0.043213	0.045711375001701526	32.079872	TIMEOUT	30.866352	30.876219482001034	426.344448	done	0.027518	0.03010263699979987	31.358976	done	0.03055	0.03307222500734497	31.338496
svcomp2025-cra-monotone-hulls/loop-new/count_by_k1a7e0d.i---hull-3.yml	done	0.042338	0.044962147003388964	32.182272	TIMEOUT	30.864697	30.875296231999528	425.627648	done	0.027745	0.030296602999442257	31.309824	done	0.027871	0.030957900002249517	31.326208
svcomp2025-cra-monotone-hulls/loop-new/count_by_nondetf7a177.i---hull-0.yml	TIMEOUT	30.863628	30.872169422000297	409.198592	done	0.029362	0.032548882998526096	31.698944	done	0.028578	0.030936848997953348	31.346688	done	0.028067	0.030721511007868685	31.490048
svcomp2025-cra-monotone-hulls/loop-new/count_by_nondetf7a177.i---hull-1.yml	TIMEOUT	30.862144	30.873319937003544	413.839360	done	0.028938	0.031660673004807904	31.674368	done	0.02929	0.03199369600042701	31.350784	done	0.03214	0.034773467006743886	31.670272
svcomp2025-cra-monotone-hulls/loop-new/count_by_nondetf7a177.i---hull-2.yml	TIMEOUT	30.862907	30.873881527004414	428.924928	done	0.027206	0.029277402005391195	31.379456	done	0.027939	0.03087738399335649	31.264768	done	0.032455	0.03530307998880744	31.436800
svcomp2025-cra-monotone-hulls/loop-new/count_by_nondetf7a177.i---hull-3.yml	TIMEOUT	30.86344	30.872634295999887	428.584960	done	0.028671	0.03191541899286676	31.383552	done	0.02645	0.02901558300072793	31.264768	done	0.026808	0.02944951299286913	31.698944
svcomp2025-cra-monotone-hulls/loop-new/count_by_nondetf7a177.i---hull-4.yml	TIMEOUT	30.852747	30.86199385400687	149.684224	done	0.025376	0.027417826000601053	31.514624	done	0.029718	0.032948046005913056	31.408128	done	0.030271	0.03268243500497192	31.576064
svcomp2025-cra-monotone-hulls/loop-new/count_by_nondetf7a177.i---hull-5.yml	TIMEOUT	30.852666	30.86174185400887	148.246528	done	0.027666	0.030733747000340372	31.416320	done	0.029494	0.03289288700034376	31.297536	done	0.027464	0.030074176989728585	31.563776
svcomp2025-cra-monotone-hulls/loop-industry-pattern/nested-391066e.i---hull-2.yml	TIMEOUT	30.854033	30.864120793004986	191.606784	done	0.029496	0.03154066400020383	31.932416	done	0.030235	0.03272612299770117	31.379456	done	0.03229	0.03479634899122175	31.666176
svcomp2025-cra-monotone-hulls/loop-industry-pattern/nested-391066e.i---hull-3.yml	TIMEOUT	30.856734	30.867255596996984	190.689280	done	0.029906	0.032355553994420916	31.764480	done	0.030001	0.03216382999380585	31.371264	done	0.031298	0.03429510100977495	31.793152
svcomp2025-cra-monotone-hulls/loop-industry-pattern/nested-391066e.i---hull-4.yml	TIMEOUT	30.856086	30.86306299798889	210.284544	done	0.029096	0.032093351997900754	31.768576	done	0.036004	0.03822767600649968	31.416320	done	0.030062	0.03208741100388579	31.961088
svcomp2025-cra-monotone-hulls/loop-industry-pattern/nested-391066e.i---hull-5.yml	TIMEOUT	30.854056	30.86386735700944	211.828736	done	0.028656	0.03112992898968514	31.502336	done	0.028741	0.03082291099417489	31.408128	done	0.072286	0.07725679200666491	31.821824
svcomp2025-cra-monotone-hulls/loop-industry-pattern/ofuf_1d5f2f7.i---hull-26.yml	done	12.969973	12.97537909699895	124.420096	done	0.755374	0.758123321007588	53.932032	done	0.282636	0.2860638470010599	52.092928	TIMEOUT	30.865367	30.872335816005943	450.068480
svcomp2025-cra-monotone-hulls/loop-industry-pattern/ofuf_1d5f2f7.i---hull-27.yml	done	12.576224	12.581179316999624	124.592128	done	0.745586	0.748730601000716	54.259712	done	0.262052	0.26478799599863123	52.289536	TIMEOUT	30.865297	30.872677528997883	450.084864
svcomp2025-cra-monotone-hulls/loop-industry-pattern/ofuf_1d5f2f7.i---hull-28.yml	done	19.266517	19.272480264000478	169.771008	done	0.775836	0.7790993620001245	55.156736	done	0.222251	0.22598124199430458	50.618368	TIMEOUT	30.853465	30.862224073993275	400.891904
svcomp2025-cra-monotone-hulls/loop-industry-pattern/ofuf_1d5f2f7.i---hull-29.yml	done	18.835751	18.84355706900533	169.418752	done	0.767558	0.7711523280013353	55.390208	done	0.218732	0.22133466799277812	50.737152	TIMEOUT	30.854281	30.86084040100104	400.416768
svcomp2025-cra-monotone-hulls/loop-industry-pattern/ofuf_27195b2.i---hull-26.yml	done	11.973931	11.978862496005604	124.596224	done	0.777507	0.780755620013224	53.927936	done	0.241216	0.24498387599305715	51.425280	TIMEOUT	30.866656	30.87557008001022	449.769472
svcomp2025-cra-monotone-hulls/loop-industry-pattern/ofuf_27195b2.i---hull-27.yml	done	12.972968	12.979838132989244	124.936192	done	0.756795	0.7598836079996545	54.050816	done	0.249263	0.25202136000734754	51.068928	TIMEOUT	30.864444	30.873588596004993	449.773568
svcomp2025-cra-monotone-hulls/loop-industry-pattern/ofuf_27195b2.i---hull-28.yml	done	0.655439	0.6587653249880532	52.887552	done	0.435156	0.43739597901003435	51.630080	done	0.221998	0.22516881600313354	50.450432	TIMEOUT	30.868891	30.877112961985404	399.400960
svcomp2025-cra-monotone-hulls/loop-industry-pattern/ofuf_27195b2.i---hull-29.yml	done	0.651708	0.6553343240084359	52.944896	done	0.444875	0.4474111070012441	51.646464	done	0.218397	0.2215347320016008	50.610176	TIMEOUT	30.863001	30.87278476098436	399.433728
svcomp2025-cra-monotone-hulls/loop-industry-pattern/ofuf_38d9e41.i---hull-26.yml	done	12.728786	12.73421932500787	124.698624	done	0.838395	0.8417747179919388	54.136832	done	0.256686	0.259885559004033	51.097600	TIMEOUT	30.862151	30.875570677017095	450.035712
svcomp2025-cra-monotone-hulls/loop-industry-pattern/ofuf_38d9e41.i---hull-27.yml	done	12.387283	12.394177177993697	124.698624	done	0.832652	0.8353224079910433	53.932032	done	0.252314	0.25475162800285034	51.064832	TIMEOUT	30.864182	30.876884995988803	449.781760
svcomp2025-cra-monotone-hulls/loop-industry-pattern/ofuf_38d9e41.i---hull-28.yml	done	0.627339	0.6296014770050533	53.047296	done	0.524299	0.5273486770020099	51.666944	done	0.211892	0.21526999700290617	50.442240	TIMEOUT	30.865859	30.876907723984914	399.704064
svcomp2025-cra-monotone-hulls/loop-industry-pattern/ofuf_38d9e41.i---hull-29.yml	done	0.625511	0.6280998840084067	53.104640	done	0.441144	0.44359260000055656	51.744768	done	0.227164	0.23007045401027426	50.565120	TIMEOUT	30.865705	30.877815482002916	399.568896
svcomp2025-cra-monotone-hulls/loop-industry-pattern/ofuf_4a8b1f6.i---hull-26.yml	done	12.877159	12.88469930399151	124.981248	done	0.765472	0.7684543200011831	54.247424	done	0.260879	0.2642398400057573	51.044352	TIMEOUT	30.863318	30.87444496000535	449.773568
svcomp2025-cra-monotone-hulls/loop-industry-pattern/ofuf_4a8b1f6.i---hull-27.yml	done	12.277659	12.282569545990555	124.833792	done	0.771491	0.774104088995955	54.165504	done	0.270575	0.2736844699975336	51.552256	TIMEOUT	30.866134	30.876519178011222	449.859584
svcomp2025-cra-monotone-hulls/loop-industry-pattern/ofuf_4a8b1f6.i---hull-28.yml	done	0.633409	0.6360677299962845	53.129216	done	0.467599	0.47017664699524175	51.609600	done	0.226871	0.2305582749977475	50.651136	TIMEOUT	30.864283	30.87534021900501	399.433728
svcomp2025-cra-monotone-hulls/loop-industry-pattern/ofuf_4a8b1f6.i---hull-29.yml	done	0.62138	0.6248942199890735	52.957184	done	0.4382	0.44094422498892527	51.904512	done	0.218375	0.22104354400653392	50.749440	TIMEOUT	30.858527	30.868905635987176	399.388672
svcomp2025-cra-monotone-hulls/loop-industry-pattern/ofuf_503d11a.i---hull-26.yml	done	12.296383	12.301421655996819	124.538880	done	0.780252	0.7829548800073098	53.903360	done	0.245714	0.24809203699987847	51.433472	TIMEOUT	30.863813	30.875601326988544	450.039808
svcomp2025-cra-monotone-hulls/loop-industry-pattern/ofuf_503d11a.i---hull-27.yml	done	12.474118	12.479407160994015	124.518400	done	0.776912	0.7791781679989072	53.899264	done	0.245567	0.248270224998123	51.064832	TIMEOUT	30.863046	30.875631739996606	450.039808
svcomp2025-cra-monotone-hulls/loop-industry-pattern/ofuf_503d11a.i---hull-28.yml	done	0.676085	0.6792974419950042	52.981760	done	0.447132	0.4489755570102716	51.662848	done	0.215188	0.21823624600074254	50.716672	TIMEOUT	30.864637	30.87598919897573	399.724544
svcomp2025-cra-monotone-hulls/loop-industry-pattern/ofuf_503d11a.i---hull-29.yml	done	0.618831	0.6219619220064487	53.047296	done	0.441963	0.4449973879964091	51.695616	done	0.213831	0.21709970699157566	50.470912	TIMEOUT	30.862328	30.87278645299375	399.720448
svcomp2025-cra-monotone-hulls/loops-crafted-1/Mono1_1-103c391.i---hull-2.yml	TIMEOUT	30.85423	30.865247579000425	249.925632	done	0.028234	0.031140655002673157	31.358976	done	0.028864	0.03188389701244887	31.277056	done	0.030454	0.03255374700529501	31.526912
svcomp2025-cra-monotone-hulls/loops-crafted-1/Mono1_1-103c391.i---hull-3.yml	TIMEOUT	30.855139	30.865215181998792	250.032128	done	0.031382	0.0340327339945361	31.330304	done	0.0275	0.030101516007562168	31.272960	done	0.033515	0.03613072200096212	31.674368
svcomp2025-cra-monotone-hulls/loops-crafted-1/Mono1_1-103c391.i---hull-4.yml	TIMEOUT	30.858767	30.870819931995356	370.458624	done	0.028028	0.030788158008363098	31.453184	done	0.028203	0.031221549012116157	31.514624	done	0.027834	0.030380548007087782	31.481856
svcomp2025-cra-monotone-hulls/loops-crafted-1/Mono1_1-103c391.i---hull-5.yml	TIMEOUT	30.860316	30.87188373701065	370.683904	done	0.032114	0.03488084800483193	31.338496	done	0.029197	0.03203969600144774	31.412224	done	0.031207	0.03362847398966551	31.674368
svcomp2025-cra-monotone-hulls/loops-crafted-1/Mono1_1-2a9d4b4.i---hull-2.yml	TIMEOUT	30.855781	30.866456037998432	249.241600	done	0.027712	0.030384826008230448	31.322112	done	0.028242	0.03152344698901288	31.309824	done	0.031707	0.03362700800062157	31.412224
svcomp2025-cra-monotone-hulls/loops-crafted-1/Mono1_1-2a9d4b4.i---hull-3.yml	TIMEOUT	30.855627	30.865808802001993	249.372672	done	0.028232	0.030517171006067656	31.326208	done	0.028244	0.0309258229972329	31.260672	done	0.029897	0.03244543800246902	31.416320
svcomp2025-cra-monotone-hulls/loops-crafted-1/Mono1_1-2a9d4b4.i---hull-4.yml	TIMEOUT	30.85966	30.871158847003244	371.896320	done	0.027191	0.02961542399134487	31.330304	done	0.028201	0.03104688999883365	31.518720	done	0.030833	0.033893749001435935	31.531008
svcomp2025-cra-monotone-hulls/loops-crafted-1/Mono1_1-2a9d4b4.i---hull-5.yml	TIMEOUT	30.8593	30.87178797600791	370.638848	done	0.027714	0.030776611994951963	31.588352	done	0.028893	0.03174566599773243	31.363072	done	0.027182	0.029070741002215073	31.678464
svcomp2025-cra-monotone-hulls/loops-crafted-1/Mono3_130f93a.i---hull-2.yml	TIMEOUT	30.853105	30.86506727199594	204.328960	done	0.027502	0.030468898999970406	31.358976	done	0.033621	0.037049562990432605	31.350784	done	0.0308	0.033123578992672265	31.449088
svcomp2025-cra-monotone-hulls/loops-crafted-1/Mono3_130f93a.i---hull-3.yml	TIMEOUT	30.85483	30.86380179299158	203.980800	done	0.027326	0.029360400993027724	31.449088	done	0.027365	0.029497366995201446	31.350784	done	0.031711	0.033966103015700355	31.559680
svcomp2025-cra-monotone-hulls/loops-crafted-1/Mono3_130f93a.i---hull-4.yml	TIMEOUT	30.855237	30.864430606001406	210.841600	done	0.029444	0.03136218299914617	31.358976	done	0.032812	0.03537461199448444	31.346688	done	0.031976	0.034436899004504085	31.567872
svcomp2025-cra-monotone-hulls/loops-crafted-1/Mono3_130f93a.i---hull-5.yml	TIMEOUT	30.85398	30.86492119700415	211.972096	done	0.03461	0.03705845099466387	31.535104	done	0.029154	0.031405002999235876	31.334400	done	0.029057	0.03182050000759773	31.563776
svcomp2025-cra-monotone-hulls/loops-crafted-1/Mono4_1a79981.i---hull-2.yml	TIMEOUT	30.857289	30.872382268004003	379.330560	done	0.029604	0.03169058699859306	31.358976	done	0.028084	0.03155045700259507	31.338496	done	0.029946	0.032595611992292106	31.453184
svcomp2025-cra-monotone-hulls/loops-crafted-1/Mono4_1a79981.i---hull-3.yml	TIMEOUT	30.859869	30.871945967010106	379.084800	done	0.032602	0.035507075997884385	31.432704	done	0.028263	0.03076304600108415	31.346688	done	0.028672	0.030485077004414052	31.461376
svcomp2025-cra-monotone-hulls/loops-crafted-1/Mono4_1a79981.i---hull-4.yml	TIMEOUT	30.853738	30.865293385009863	203.153408	done	0.027252	0.02974034300132189	31.363072	done	0.027851	0.03093328200338874	31.596544	done	0.028845	0.03148131998023018	31.469568
svcomp2025-cra-monotone-hulls/loops-crafted-1/Mono4_1a79981.i---hull-5.yml	TIMEOUT	30.855348	30.863494178003748	202.817536	done	0.025814	0.028126867997343652	31.379456	done	0.030028	0.032896987002459355	31.354880	done	0.037527	0.0399303290178068	31.457280
svcomp2025-cra-monotone-hulls/loops-crafted-1/Mono5_18af774.i---hull-2.yml	TIMEOUT	30.856392	30.86615549000271	262.766592	done	0.030808	0.03428663100930862	31.580160	done	0.029546	0.032310588998370804	31.387648	done	0.02946	0.03221766499336809	31.612928
svcomp2025-cra-monotone-hulls/loops-crafted-1/Mono5_18af774.i---hull-3.yml	TIMEOUT	30.856027	30.868987066991394	263.450624	done	0.027724	0.03030829699127935	31.457280	done	0.028528	0.030845462999423034	31.461376	done	0.030829	0.03307759601739235	31.735808
svcomp2025-cra-monotone-hulls/loops-crafted-1/Mono5_18af774.i---hull-4.yml	TIMEOUT	30.854624	30.867581537997467	216.313856	done	0.031516	0.033524437007145025	31.461376	done	0.031269	0.033900629001436755	31.719424	done	0.031015	0.034334129974013194	31.731712
svcomp2025-cra-monotone-hulls/loops-crafted-1/Mono5_18af774.i---hull-5.yml	TIMEOUT	30.85408	30.86448222400213	214.466560	done	0.03098	0.03325468899856787	31.477760	done	0.029929	0.032499815002665855	31.367168	done	0.030661	0.033091302000684664	31.875072
svcomp2025-cra-monotone-hulls/loops-crafted-1/Mono6_1b426ab.i---hull-2.yml	TIMEOUT	30.85518	30.864275226995233	219.615232	done	0.030711	0.03351700000348501	31.477760	done	0.0278	0.030807868999545462	31.383552	done	0.028395	0.030731757986359298	31.629312
svcomp2025-cra-monotone-hulls/loops-crafted-1/Mono6_1b426ab.i---hull-3.yml	TIMEOUT	30.854608	30.863739223001176	218.304512	done	0.034325	0.03616270200291183	31.473664	done	0.03368	0.03638387699902523	31.383552	done	0.030587	0.03318386399769224	31.690752
svcomp2025-cra-monotone-hulls/loops-crafted-1/Mono6_1b426ab.i---hull-4.yml	TIMEOUT	30.856362	30.868145084998105	276.795392	done	0.031044	0.03307123600097839	31.481856	done	0.029376	0.03222257499874104	31.768576	done	0.029468	0.03262922598514706	31.645696
svcomp2025-cra-monotone-hulls/loops-crafted-1/Mono6_1b426ab.i---hull-5.yml	TIMEOUT	30.855667	30.86546457700024	276.619264	done	0.029999	0.0323637260007672	31.473664	done	0.034059	0.03734615400026087	31.600640	done	0.03334	0.035866785008693114	31.780864
svcomp2025-cra-monotone-hulls/loops-crafted-1/loopv31d7ffa.i---hull-2.yml	TIMEOUT	30.861558	30.87362225400284	536.440832	done	0.027718	0.030464320007013157	31.305728	done	0.027289	0.03026728899567388	31.248384	done	0.029166	0.03202302599675022	31.543296
svcomp2025-cra-monotone-hulls/loops-crafted-1/loopv31d7ffa.i---hull-3.yml	TIMEOUT	30.863449	30.872945655995863	536.322048	done	0.02791	0.0306837620009901	31.301632	done	0.034498	0.036909311995259486	31.277056	done	0.029819	0.03241051299846731	31.514624
svcomp2025-cra-monotone-hulls/loops-crafted-1/loopv31d7ffa.i---hull-4.yml	TIMEOUT	30.862109	30.872120569008985	506.523648	done	0.032013	0.03510588899371214	31.608832	done	0.030261	0.03291417800937779	31.891456	done	0.029177	0.0315249249979388	31.449088
svcomp2025-cra-monotone-hulls/loops-crafted-1/loopv31d7ffa.i---hull-5.yml	TIMEOUT	30.861049	30.873575717996573	506.941440	done	0.031309	0.03307824301009532	31.342592	done	0.033311	0.03647425799863413	31.395840	done	0.028076	0.03163786500226706	31.580160
svcomp2025-cra-monotone-hulls/loops-crafted-1/mono-crafted_107f2a9a.i---hull-2.yml	TIMEOUT	30.854747	30.86591980799858	219.054080	done	0.030144	0.0326836370077217	31.649792	done	0.02963	0.03267866400710773	31.375360	done	0.029892	0.03259255600278266	31.674368
svcomp2025-cra-monotone-hulls/loops-crafted-1/mono-crafted_107f2a9a.i---hull-3.yml	TIMEOUT	30.853977	30.864753130997997	218.300416	done	0.029167	0.03200824900704902	31.465472	done	0.029196	0.03212275600526482	31.387648	done	0.030749	0.0330733550072182	32.043008
svcomp2025-cra-monotone-hulls/loops-crafted-1/mono-crafted_107f2a9a.i---hull-4.yml	TIMEOUT	30.857048	30.866174636990763	276.766720	done	0.028736	0.031173837996902876	31.731712	done	0.034772	0.03779666099580936	31.436800	done	0.032813	0.0348879229859449	31.649792
svcomp2025-cra-monotone-hulls/loops-crafted-1/mono-crafted_107f2a9a.i---hull-5.yml	TIMEOUT	30.856176	30.865268346999073	277.012480	done	0.027998	0.030082537996349856	31.473664	done	0.028032	0.03011686200625263	31.641600	done	0.036495	0.038505486998474225	31.731712
svcomp2025-cra-monotone-hulls/loops-crafted-1/mono-crafted_11b7e320.i---hull-2.yml	TIMEOUT	30.855113	30.865296659001615	249.458688	done	0.029188	0.03210910499910824	31.330304	done	0.029499	0.03224598499946296	31.285248	done	0.031492	0.034395833004964516	31.543296
svcomp2025-cra-monotone-hulls/loops-crafted-1/mono-crafted_11b7e320.i---hull-3.yml	TIMEOUT	30.853726	30.866327307012398	249.430016	done	0.032498	0.034550142008811235	31.334400	done	0.030374	0.03265228199597914	31.260672	done	0.033711	0.03642580399173312	31.690752
svcomp2025-cra-monotone-hulls/loops-crafted-1/mono-crafted_11b7e320.i---hull-4.yml	TIMEOUT	30.86126	30.873012041003676	371.396608	done	0.026864	0.02896127599524334	31.326208	done	0.026459	0.029158955003367737	31.260672	done	0.029557	0.03218002698849887	31.641600
svcomp2025-cra-monotone-hulls/loops-crafted-1/mono-crafted_11b7e320.i---hull-5.yml	TIMEOUT	30.858761	30.87233376299264	370.077696	done	0.028625	0.03118280899070669	31.313920	done	0.027468	0.030162028007907793	31.256576	done	0.029448	0.03239277299144305	31.576064
svcomp2025-cra-monotone-hulls/loops-crafted-1/mono-crafted_1206b17c.i---hull-2.yml	TIMEOUT	30.854715	30.866005970994593	219.095040	done	0.028478	0.030347991996677592	31.461376	done	0.03072	0.0331133569998201	31.375360	done	0.032528	0.03511533301207237	31.633408
svcomp2025-cra-monotone-hulls/loops-crafted-1/mono-crafted_1206b17c.i---hull-3.yml	TIMEOUT	30.855834	30.865458911008318	219.615232	done	0.037832	0.040382789011346176	31.481856	done	0.029762	0.0320417730108602	31.490048	done	0.028157	0.030754669976886362	31.895552
svcomp2025-cra-monotone-hulls/loops-crafted-1/mono-crafted_1206b17c.i---hull-4.yml	TIMEOUT	30.855528	30.864888787997188	194.768896	done	0.028471	0.030498731997795403	31.531008	done	0.030641	0.033100665008532815	31.670272	done	0.035263	0.03780832400661893	31.641600
svcomp2025-cra-monotone-hulls/loops-crafted-1/mono-crafted_1206b17c.i---hull-5.yml	TIMEOUT	30.853877	30.864015646002372	195.104768	done	0.02982	0.03144558500207495	31.506432	done	0.029304	0.032213390004471876	31.375360	done	0.032948	0.03580639499705285	31.637504
svcomp2025-cra-monotone-hulls/loops-crafted-1/mono-crafted_1337d0f7.i---hull-10.yml	TIMEOUT	30.856675	30.866012072001467	248.741888	done	0.027654	0.03020692098652944	31.477760	done	0.030004	0.032940083008725196	31.641600	done	0.029781	0.032810022006742656	31.727616
svcomp2025-cra-monotone-hulls/loops-crafted-1/mono-crafted_1337d0f7.i---hull-11.yml	TIMEOUT	30.85551	30.86624120399938	248.655872	done	0.029611	0.03165596700273454	31.469568	done	0.028809	0.03165209700819105	31.752192	done	0.032524	0.034891425020759925	31.629312
svcomp2025-cra-monotone-hulls/loops-crafted-1/mono-crafted_1337d0f7.i---hull-8.yml	TIMEOUT	30.858501	30.87020130599558	389.230592	done	0.025331	0.028066568993381225	31.461376	done	0.030834	0.032931384004768915	31.371264	done	0.032771	0.035195559001294896	31.637504
svcomp2025-cra-monotone-hulls/loops-crafted-1/mono-crafted_1337d0f7.i---hull-9.yml	TIMEOUT	30.861767	30.871038186000078	388.038656	done	0.029163	0.031817032999242656	31.727616	done	0.03364	0.03662560701195616	31.498240	done	0.028591	0.03187656999216415	31.612928
svcomp2025-cra-monotone-hulls/loops-crafted-1/mono-crafted_141c3c12.i---hull-10.yml	TIMEOUT	30.855096	30.864243627991527	201.752576	done	0.028264	0.030312014001538046	31.469568	done	0.033648	0.03620804299134761	31.535104	done	0.029706	0.033293850981863216	31.719424
svcomp2025-cra-monotone-hulls/loops-crafted-1/mono-crafted_141c3c12.i---hull-11.yml	TIMEOUT	30.854072	30.86461937299464	202.854400	done	0.027795	0.03033006700570695	31.379456	done	0.028033	0.0308975389925763	31.580160	done	0.029897	0.03226231300504878	31.469568
svcomp2025-cra-monotone-hulls/loops-crafted-1/mono-crafted_141c3c12.i---hull-8.yml	TIMEOUT	30.859648	30.87167248901096	376.741888	done	0.027973	0.0300446259934688	31.387648	done	0.029704	0.03268596899579279	31.776768	done	0.030014	0.032768887002021074	31.580160
svcomp2025-cra-monotone-hulls/loops-crafted-1/mono-crafted_141c3c12.i---hull-9.yml	TIMEOUT	30.859004	30.870851881001727	375.013376	done	0.028233	0.030742900009499863	31.354880	done	0.028801	0.0316206519928528	31.379456	done	0.029489	0.03183596002054401	31.485952
svcomp2025-cra-monotone-hulls/loops-crafted-1/mono-crafted_1d149d8.i---hull-10.yml	TIMEOUT	30.8536	30.864206549013034	204.140544	done	0.028937	0.03173786899424158	31.637504	done	0.038307	0.040657457007910125	31.846400	done	0.030177	0.03309313300997019	31.506432
svcomp2025-cra-monotone-hulls/loops-crafted-1/mono-crafted_1d149d8.i---hull-11.yml	TIMEOUT	30.853752	30.864114037001855	204.001280	done	0.028714	0.031206264000502415	31.379456	done	0.030612	0.03287049799109809	31.354880	done	0.031088	0.03352912800619379	31.461376
svcomp2025-cra-monotone-hulls/loops-crafted-1/mono-crafted_1d149d8.i---hull-8.yml	TIMEOUT	30.859028	30.870959464999032	378.683392	done	0.029153	0.03247743799875025	31.883264	done	0.035797	0.037720612992416136	31.346688	done	0.028266	0.03081802898668684	31.449088
svcomp2025-cra-monotone-hulls/loops-crafted-1/mono-crafted_1d149d8.i---hull-9.yml	TIMEOUT	30.85992	30.86925952200545	378.519552	done	0.027659	0.030218353000236675	31.375360	done	0.032365	0.03474159700272139	31.617024	done	0.028314	0.030561782012227923	31.465472
svcomp2025-cra-monotone-hulls/loops-crafted-1/mono-crafted_376bd52.i---hull-10.yml	TIMEOUT	30.851239	30.865841626000474	202.395648	done	0.02765	0.030510768003296107	31.674368	done	0.029445	0.03224545100238174	31.363072	done	0.03348	0.03633733600145206	31.469568
svcomp2025-cra-monotone-hulls/loops-crafted-1/mono-crafted_376bd52.i---hull-11.yml	TIMEOUT	30.85321	30.8654401590029	203.018240	done	0.031395	0.0341583669942338	31.735808	done	0.028464	0.030652978995931335	31.342592	done	0.028209	0.031003181007690728	31.715328
svcomp2025-cra-monotone-hulls/loops-crafted-1/mono-crafted_376bd52.i---hull-8.yml	TIMEOUT	30.861525	30.869988003993058	375.971840	done	0.02937	0.031800284996279515	31.363072	done	0.029447	0.031881417002296075	31.334400	done	0.029313	0.03210774701437913	31.461376
svcomp2025-cra-monotone-hulls/loops-crafted-1/mono-crafted_376bd52.i---hull-9.yml	TIMEOUT	30.860418	30.871344636005233	374.812672	done	0.029232	0.03194771701237187	31.375360	done	0.031418	0.03411007300019264	31.457280	done	0.0274	0.03019685999606736	31.461376
svcomp2025-cra-monotone-hulls/loops-crafted-1/mono-crafted_6001556.i---hull-2.yml	TIMEOUT	30.860346	30.872321648988873	405.585920	done	0.028823	0.031547352991765365	31.485952	done	0.028455	0.031082935005542822	31.526912	done	0.029403	0.03194705900386907	31.698944
svcomp2025-cra-monotone-hulls/loops-crafted-1/mono-crafted_6001556.i---hull-3.yml	TIMEOUT	30.859374	30.871142108007916	406.007808	done	0.028443	0.031776702002389356	31.535104	done	0.029553	0.03211612701124977	31.690752	done	0.029453	0.03164270200068131	31.797248
svcomp2025-cra-monotone-hulls/loops-crafted-1/mono-crafted_6001556.i---hull-4.yml	TIMEOUT	30.85305	30.86675318700145	206.102528	done	0.029248	0.03265399800147861	31.784960	done	0.02927	0.03164113200909924	31.526912	done	0.028846	0.03088618302717805	31.887360
svcomp2025-cra-monotone-hulls/loops-crafted-1/mono-crafted_6001556.i---hull-5.yml	TIMEOUT	30.855044	30.865432420992875	204.251136	done	0.029288	0.03223290099413134	31.526912	done	0.028536	0.03151709999656305	31.768576	done	0.030311	0.03289271201356314	31.875072
svcomp2025-cra-monotone-hulls/loops-crafted-1/mono-crafted_769167d.i---hull-10.yml	TIMEOUT	30.856047	30.865224869994563	203.956224	done	0.034924	0.03789438398962375	31.694848	done	0.031945	0.034918025994556956	31.584256	done	0.0306	0.033267216000240296	31.920128
svcomp2025-cra-monotone-hulls/loops-crafted-1/mono-crafted_769167d.i---hull-11.yml	TIMEOUT	30.853979	30.863782991989865	204.017664	done	0.033141	0.03520643900264986	31.375360	done	0.029839	0.032813804995385	31.354880	done	0.031683	0.033632502978434786	31.473664
svcomp2025-cra-monotone-hulls/loops-crafted-1/mono-crafted_769167d.i---hull-8.yml	TIMEOUT	30.858282	30.872319380010595	378.826752	done	0.02846	0.031268593011191115	31.485952	done	0.030338	0.032388803985668346	31.342592	done	0.027299	0.0296196450071875	31.383552
svcomp2025-cra-monotone-hulls/loops-crafted-1/mono-crafted_769167d.i---hull-9.yml	TIMEOUT	30.860009	30.871244288005983	378.839040	done	0.029496	0.03226063599868212	31.625216	done	0.027842	0.0302293720014859	31.354880	done	0.028307	0.03051195599255152	31.571968
svcomp2025-cra-monotone-hulls/loops-crafted-1/mono-crafted_8519fc5.i---hull-2.yml	TIMEOUT	30.856291	30.865999967005337	261.943296	done	0.030466	0.03277981100836769	31.453184	done	0.028804	0.03174488100921735	31.789056	done	0.029327	0.03160956100327894	31.617024
svcomp2025-cra-monotone-hulls/loops-crafted-1/mono-crafted_8519fc5.i---hull-3.yml	TIMEOUT	30.855013	30.86565329298901	262.049792	done	0.029943	0.032968029991025105	31.600640	done	0.028118	0.030833045006147586	31.477760	done	0.03181	0.03427553499932401	31.965184
svcomp2025-cra-monotone-hulls/loops-crafted-1/mono-crafted_8519fc5.i---hull-4.yml	TIMEOUT	30.853379	30.86560014000861	215.093248	done	0.03592	0.038640579994535074	31.457280	done	0.032769	0.03519279799365904	31.617024	done	0.029385	0.03159592000884004	31.821824
svcomp2025-cra-monotone-hulls/loops-crafted-1/mono-crafted_8519fc5.i---hull-5.yml	TIMEOUT	30.853745	30.865904193007736	215.367680	done	0.029346	0.03181259000848513	31.592448	done	0.031543	0.03465016400150489	31.612928	done	0.030291	0.03267930299625732	31.621120
svcomp2025-cra-monotone-hulls/loops-crafted-1/mono-crafted_97406b9.i---hull-2.yml	TIMEOUT	30.860836	30.87105063200579	379.224064	done	0.028927	0.031475473995669745	31.375360	done	0.032547	0.03512010900885798	31.465472	done	0.029999	0.03275994001887739	31.723520
svcomp2025-cra-monotone-hulls/loops-crafted-1/mono-crafted_97406b9.i---hull-3.yml	TIMEOUT	30.858593	30.870453465002356	383.143936	done	0.026591	0.028944093006430194	31.596544	done	0.028043	0.03045400499831885	31.469568	done	0.030734	0.0326500240189489	31.461376
svcomp2025-cra-monotone-hulls/loops-crafted-1/mono-crafted_97406b9.i---hull-4.yml	TIMEOUT	30.855398	30.864535236993106	202.940416	done	0.027568	0.02984498700243421	31.510528	done	0.029401	0.0319198469951516	31.367168	done	0.030961	0.03360488198813982	31.584256
svcomp2025-cra-monotone-hulls/loops-crafted-1/mono-crafted_97406b9.i---hull-5.yml	TIMEOUT	30.852628	30.864408738998463	202.502144	done	0.028513	0.031403796005179174	31.363072	done	0.029275	0.03199401400343049	31.350784	done	0.029985	0.03281578898895532	31.723520
svcomp2025-cra-monotone-hulls/loops-crafted-1/nested3-13dbe06.i---hull-10.yml	TIMEOUT	30.863317	30.87604452999949	419.999744	done	0.029332	0.031221308003296144	31.518720	done	0.033307	0.03608641799655743	31.424512	done	0.02884	0.03141480099293403	31.596544
svcomp2025-cra-monotone-hulls/loops-crafted-1/nested3-13dbe06.i---hull-11.yml	TIMEOUT	30.862045	30.87361593901005	418.295808	done	0.032996	0.035223828002926894	31.846400	done	0.027247	0.029504605001420714	31.420416	done	0.031639	0.033819339994806796	31.850496
svcomp2025-cra-monotone-hulls/loops-crafted-1/nested3-13dbe06.i---hull-14.yml	TIMEOUT	30.863237	30.873158233007416	461.303808	done	0.032772	0.03525448300933931	31.711232	done	0.030976	0.033359271998051554	31.506432	done	0.031732	0.03385784398415126	32.079872
svcomp2025-cra-monotone-hulls/loops-crafted-1/nested3-13dbe06.i---hull-15.yml	TIMEOUT	30.863612	30.874070484002004	462.569472	done	0.029124	0.03171387399197556	31.727616	done	0.029657	0.03226410299248528	31.887360	done	0.030179	0.03305223101051524	31.821824
svcomp2025-cra-monotone-hulls/loops-crafted-1/nested3-13dbe06.i---hull-16.yml	TIMEOUT	30.862298	30.874666522999178	467.386368	done	0.031711	0.03330864300369285	31.617024	done	0.033333	0.03639368400035892	31.510528	done	0.033421	0.035860612988471985	31.825920
svcomp2025-cra-monotone-hulls/loops-crafted-1/nested3-13dbe06.i---hull-17.yml	TIMEOUT	30.861388	30.874254241003655	466.128896	done	0.031139	0.033703766006510705	31.617024	done	0.033145	0.035416640996118076	31.797248	done	0.028926	0.030945350998081267	31.813632
svcomp2025-cra-monotone-hulls/loops-crafted-1/nested3-13dbe06.i---hull-2.yml	TIMEOUT	30.859313	30.870553767992533	364.945408	done	0.029798	0.03290494000248145	31.506432	done	0.031713	0.03470016499341	31.510528	done	0.027084	0.029439512989483774	31.277056
svcomp2025-cra-monotone-hulls/loops-crafted-1/nested3-13dbe06.i---hull-3.yml	TIMEOUT	30.860346	30.87141732800228	366.985216	done	0.025831	0.02772461400309112	31.227904	done	0.033211	0.03618902699963655	31.236096	done	0.026827	0.029484896978829056	31.498240
svcomp2025-cra-monotone-hulls/loops-crafted-1/nested3-13dbe06.i---hull-4.yml	TIMEOUT	30.859116	30.870906395008205	363.048960	done	0.03093	0.03345556500426028	31.227904	done	0.027581	0.03019552399928216	31.510528	done	0.028714	0.031015729997307062	31.301632
svcomp2025-cra-monotone-hulls/loops-crafted-1/nested3-13dbe06.i---hull-5.yml	TIMEOUT	30.858564	30.86997116699058	363.552768	done	0.028073	0.030517633000272326	31.350784	done	0.028489	0.03123917400080245	31.211520	done	0.03238	0.035618088993942365	31.399936
svcomp2025-cra-monotone-hulls/loops-crafted-1/nested3-13dbe06.i---hull-8.yml	TIMEOUT	30.862069	30.872787503991276	421.330944	done	0.02851	0.031499995006015524	31.535104	done	0.029899	0.03252656900440343	31.531008	done	0.029463	0.031674725003540516	31.604736
svcomp2025-cra-monotone-hulls/loops-crafted-1/nested3-13dbe06.i---hull-9.yml	TIMEOUT	30.859655	30.873960065990104	423.731200	done	0.027955	0.031166600005235523	31.563776	done	0.028364	0.030894700990756974	31.899648	done	0.029705	0.03206309201777913	31.686656
svcomp2025-cra-monotone-hulls/loops-crafted-1/nested3-1_abstractedc5cd7f.i---hull-10.yml	TIMEOUT	30.86301	30.872927474003518	440.365056	done	0.028426	0.030532210003002547	31.592448	done	0.029678	0.03277866600546986	31.830016	done	0.03133	0.03335465199779719	31.809536
svcomp2025-cra-monotone-hulls/loops-crafted-1/nested3-1_abstractedc5cd7f.i---hull-11.yml	TIMEOUT	30.861867	30.87438060400018	443.412480	done	0.039066	0.042343125998741016	31.715328	done	0.028755	0.0316068819956854	31.551488	done	0.028934	0.031210292014293373	32.055296
svcomp2025-cra-monotone-hulls/loops-crafted-1/nested3-1_abstractedc5cd7f.i---hull-2.yml	TIMEOUT	30.859818	30.873905415995978	421.208064	done	0.029539	0.03236727000330575	31.748096	done	0.028536	0.030843097003526054	31.551488	done	0.031218	0.034495991974836215	31.645696
svcomp2025-cra-monotone-hulls/loops-crafted-1/nested3-1_abstractedc5cd7f.i---hull-3.yml	TIMEOUT	30.862809	30.871935151997604	419.950592	done	0.028184	0.030616814008681104	31.518720	done	0.030137	0.03203248500358313	31.707136	done	0.027799	0.030351018998771906	31.625216
svcomp2025-cra-monotone-hulls/loops-crafted-1/nested3-1_abstractedc5cd7f.i---hull-4.yml	TIMEOUT	30.863364	30.873753840001882	427.913216	done	0.027816	0.029718135003349744	31.641600	done	0.029828	0.03249407799739856	31.698944	done	0.029875	0.03278196702012792	31.649792
svcomp2025-cra-monotone-hulls/loops-crafted-1/nested3-1_abstractedc5cd7f.i---hull-5.yml	TIMEOUT	30.864283	30.87356558200554	428.273664	done	0.029596	0.03186402699793689	31.514624	done	0.028514	0.030653590001747943	31.567872	done	0.028732	0.03178306602058001	31.629312
svcomp2025-cra-monotone-hulls/loops-crafted-1/nested3-1_abstractedc5cd7f.i---hull-8.yml	TIMEOUT	30.86138	30.87480640001013	457.953280	done	0.029306	0.032072076995973475	31.612928	done	0.031115	0.03375779799534939	31.498240	done	0.029219	0.03127361700171605	31.817728
svcomp2025-cra-monotone-hulls/loops-crafted-1/nested3-1_abstractedc5cd7f.i---hull-9.yml	TIMEOUT	30.865075	30.87463488400681	462.249984	done	0.029056	0.03143268800340593	31.653888	done	0.028523	0.03165217299829237	31.666176	done	0.032579	0.03508478801813908	31.989760
svcomp2025-cra-monotone-hulls/loops-crafted-1/nested3-2216ff9.i---hull-2.yml	TIMEOUT	30.858884	30.87022079799499	366.735360	done	0.025639	0.027958966995356604	31.227904	done	0.02596	0.028398573005688377	31.313920	done	0.028811	0.031460622005397454	31.391744
svcomp2025-cra-monotone-hulls/loops-crafted-1/nested3-2216ff9.i---hull-3.yml	TIMEOUT	30.858667	30.870090408003307	365.043712	done	0.027555	0.029629344993736595	31.236096	done	0.033631	0.036466698002186604	31.485952	done	0.028352	0.03101277200039476	31.277056
svcomp2025-cra-monotone-hulls/loops-crafted-1/nested3-2216ff9.i---hull-4.yml	TIMEOUT	30.858379	30.871286246998352	364.154880	done	0.027974	0.030616071991971694	31.342592	done	0.028763	0.03157324199855793	31.514624	done	0.02921	0.03104574600001797	31.662080
svcomp2025-cra-monotone-hulls/loops-crafted-1/nested3-2216ff9.i---hull-5.yml	TIMEOUT	30.859562	30.870315273001324	361.902080	done	0.025652	0.028386777004925534	31.227904	done	0.029034	0.031197129996144213	31.203328	done	0.028137	0.03052903400384821	31.285248
svcomp2025-cra-monotone-hulls/loops-crafted-1/nested5-13f6f6a.i---hull-26.yml	TIMEOUT	30.862516	30.873036136996234	487.567360	done	0.033826	0.035958262989879586	31.907840	done	0.02842	0.030514329992001876	31.629312	done	0.034085	0.036337099998490885	32.133120
svcomp2025-cra-monotone-hulls/loops-crafted-1/nested5-13f6f6a.i---hull-27.yml	TIMEOUT	30.861949	30.872208931003115	489.541632	done	0.033353	0.03554379500565119	31.633408	done	0.030582	0.033479250996606424	31.625216	done	0.038375	0.04093328898306936	31.961088
svcomp2025-cra-monotone-hulls/loops-crafted-1/nested5-13f6f6a.i---hull-28.yml	TIMEOUT	30.861694	30.87389343501127	481.742848	done	0.031835	0.03406164598709438	31.645696	done	0.027947	0.03040356800192967	31.657984	done	0.030439	0.03288877199520357	31.961088
svcomp2025-cra-monotone-hulls/loops-crafted-1/nested5-13f6f6a.i---hull-29.yml	TIMEOUT	30.859712	30.872720218001632	480.747520	done	0.030761	0.03306185299879871	31.633408	done	0.036497	0.039174560995888896	31.850496	done	0.030152	0.03271819598739967	31.961088
svcomp2025-cra-monotone-hulls/loops-crafted-1/nested5-230ece3.i---hull-2.yml	TIMEOUT	30.859736	30.872609014011687	365.514752	done	0.027063	0.029175609000958502	31.236096	done	0.028509	0.03073064399359282	31.473664	done	0.026969	0.029428952984744683	31.272960
svcomp2025-cra-monotone-hulls/loops-crafted-1/nested5-230ece3.i---hull-3.yml	TIMEOUT	30.859255	30.869360808996134	366.002176	done	0.028243	0.030529598996508867	31.494144	done	0.027648	0.03031775599811226	31.211520	done	0.029635	0.03229097800794989	31.281152
svcomp2025-cra-monotone-hulls/loops-crafted-1/nested5-230ece3.i---hull-4.yml	TIMEOUT	30.860688	30.86978727999667	362.897408	done	0.027638	0.029506052000215277	31.232000	done	0.026766	0.029155808995710686	31.211520	done	0.026824	0.028997376008192077	31.281152
svcomp2025-cra-monotone-hulls/loops-crafted-1/nested5-230ece3.i---hull-5.yml	TIMEOUT	30.860024	30.86870733500109	362.364928	done	0.025665	0.028048355001374148	31.354880	done	0.02944	0.03168346801248845	31.330304	done	0.030811	0.03302264600642957	31.281152
svcomp2025-cra-monotone-hulls/loops-crafted-1/nested_delay_nd25f37e.i---hull-2.yml	TIMEOUT	30.854548	30.862450043990975	168.284160	done	0.028493	0.030735170003026724	31.543296	done	0.034888	0.037722687993664294	31.928320	done	0.03022	0.03264808299718425	31.854592
svcomp2025-cra-monotone-hulls/loops-crafted-1/nested_delay_nd25f37e.i---hull-3.yml	TIMEOUT	30.852945	30.862855531988316	168.714240	done	0.030242	0.03279054099402856	31.526912	done	0.027423	0.030487847005133517	31.670272	done	0.030655	0.033122799010016024	31.731712
svcomp2025-cra-monotone-hulls/loops-crafted-1/nested_delay_nd25f37e.i---hull-4.yml	TIMEOUT	30.854551	30.86245828498795	179.220480	done	0.030299	0.032606451990432106	31.793152	done	0.028642	0.030803426998318173	31.535104	done	0.0301	0.0322491780098062	31.846400
svcomp2025-cra-monotone-hulls/loops-crafted-1/nested_delay_nd25f37e.i---hull-5.yml	TIMEOUT	30.853505	30.862921858002665	179.011584	done	0.02846	0.03134425400639884	31.576064	done	0.042174	0.04690999200101942	31.412224	done	0.036082	0.03813509698375128	31.760384
svcomp2025-cra-monotone-hulls/loops-crafted-1/nested_delay_nd25f37e.i---hull-8.yml	TIMEOUT	30.859252	30.8670395030058	220.352512	done	0.046582	0.04970191098982468	32.882688	done	0.03714	0.04003002699755598	32.415744	done	0.057375	0.05961236701114103	33.431552
svcomp2025-cra-monotone-hulls/loops-crafted-1/nested_delay_nd25f37e.i---hull-9.yml	TIMEOUT	30.857022	30.865041801007465	220.860416	done	0.046781	0.04958308799541555	32.894976	done	0.040173	0.04306748299859464	32.804864	done	0.065833	0.0688804569945205	33.542144
svcomp2025-cra-monotone-hulls/loops-crafted-1/sum_natnum3b0db6.i---hull-0.yml	TIMEOUT	30.862136	30.872256212998764	526.381056	done	0.029201	0.0318843239947455	31.322112	done	0.029524	0.0319017379952129	31.383552	done	0.026765	0.029540404008002952	31.354880
svcomp2025-cra-monotone-hulls/loops-crafted-1/sum_natnum3b0db6.i---hull-1.yml	TIMEOUT	30.862715	30.8727036860073	526.737408	done	0.027494	0.03007068400620483	31.309824	done	0.032291	0.03450178100320045	31.404032	done	0.027041	0.029449925990775228	31.371264
svcomp2025-cra-monotone-hulls/loops-crafted-1/sum_natnum3b0db6.i---hull-2.yml	TIMEOUT	30.860009	30.87238424300449	415.383552	done	0.027254	0.030085796999628656	31.297536	done	0.029809	0.032021699007600546	31.301632	done	0.029194	0.03216206099023111	31.531008
svcomp2025-cra-monotone-hulls/loops-crafted-1/sum_natnum3b0db6.i---hull-3.yml	TIMEOUT	30.862436	30.872905334996176	414.867456	done	0.031104	0.03379069801303558	31.490048	done	0.0291	0.03217860400036443	31.346688	done	0.027311	0.029713862983044237	31.657984
svcomp2025-cra-monotone-hulls/loops-crafted-1/sum_natnum3b0db6.i---hull-4.yml	TIMEOUT	30.854987	30.865639315001317	230.875136	done	0.02986	0.03192179399775341	31.313920	done	0.029954	0.032247440991341136	31.268864	done	0.033924	0.036440402996959165	31.625216
svcomp2025-cra-monotone-hulls/loops-crafted-1/sum_natnum3b0db6.i---hull-5.yml	TIMEOUT	30.855635	30.865101999996114	231.591936	done	0.030059	0.032275553996441886	31.387648	done	0.029073	0.0314377709873952	31.449088	done	0.030973	0.033577447989955544	31.379456
svcomp2025-cra-monotone-hulls/loops-crafted-1/sumt8450278.i---hull-4.yml	TIMEOUT	30.849767	30.85862523499236	73.330688	TIMEOUT	30.849876	30.859887402009917	72.409088	done	0.064757	0.06750698800897226	34.922496	done	0.283313	0.28611603000899777	41.119744
svcomp2025-cra-monotone-hulls/loops-crafted-1/sumt8450278.i---hull-5.yml	TIMEOUT	30.849862	30.85928112801048	73.641984	TIMEOUT	30.852952	30.86285752299591	72.261632	done	0.06764	0.06968894600868225	35.401728	done	0.278265	0.2815598779998254	40.800256
svcomp2025-cra-monotone-hulls/loops-crafted-1/sumt9f7aa0a.i---hull-2.yml	TIMEOUT	30.85165	30.860213562002173	117.530624	TIMEOUT	30.848889	30.85920681200514	76.939264	done	0.045407	0.04870501298864838	34.152448	done	0.084945	0.0884713169944007	40.521728
svcomp2025-cra-monotone-hulls/loops-crafted-1/sumt9f7aa0a.i---hull-3.yml	TIMEOUT	30.851613	30.86186801599979	117.878784	TIMEOUT	30.848385	30.859500271995785	75.395072	done	0.040328	0.04254610800126102	34.287616	done	0.080813	0.08342242200160399	40.443904
svcomp2025-cra-monotone-hulls/loop-simple/deep-nestede762b5.i---hull-10.yml	TIMEOUT	30.863443	30.871741576003842	437.997568	done	0.029329	0.03163053801108617	31.694848	done	0.033803	0.03622641900437884	31.834112	done	0.028851	0.031071467994479463	31.731712
svcomp2025-cra-monotone-hulls/loop-simple/deep-nestede762b5.i---hull-11.yml	TIMEOUT	30.862144	30.871379575997707	436.977664	done	0.029276	0.031939485008479096	31.551488	done	0.029893	0.032595690005109645	31.477760	done	0.032745	0.03545799100538716	31.973376
svcomp2025-cra-monotone-hulls/loop-simple/deep-nestede762b5.i---hull-14.yml	TIMEOUT	30.863714	30.872036992004723	491.237376	done	0.029462	0.03184916499594692	31.682560	done	0.028978	0.031823103010538034	31.449088	done	0.032482	0.03560328599996865	32.071680
svcomp2025-cra-monotone-hulls/loop-simple/deep-nestede762b5.i---hull-15.yml	TIMEOUT	30.86341	30.87280729098711	492.769280	done	0.041884	0.04492772500088904	31.797248	done	0.031751	0.03419459899305366	31.453184	done	0.032229	0.035619084985228255	31.879168
svcomp2025-cra-monotone-hulls/loop-simple/deep-nestede762b5.i---hull-16.yml	TIMEOUT	30.863901	30.87105063299532	469.209088	done	0.027664	0.03025117800279986	31.719424	done	0.028684	0.0317245490005007	31.698944	done	0.029866	0.03220386602333747	31.825920
svcomp2025-cra-monotone-hulls/loop-simple/deep-nestede762b5.i---hull-17.yml	TIMEOUT	30.861759	30.87247972098703	479.371264	done	0.032377	0.03504420700483024	31.608832	done	0.030327	0.03319116399507038	31.494144	done	0.030546	0.032755071006249636	32.096256
svcomp2025-cra-monotone-hulls/loop-simple/deep-nestede762b5.i---hull-2.yml	TIMEOUT	30.854666	30.86409155500587	196.952064	done	0.036896	0.03986152399738785	32.075776	done	0.030042	0.03239152699825354	31.928320	done	0.03419	0.03690459701465443	32.092160
svcomp2025-cra-monotone-hulls/loop-simple/deep-nestede762b5.i---hull-20.yml	TIMEOUT	30.863142	30.87161092700262	461.660160	done	0.030757	0.033161676008603536	31.858688	done	0.028654	0.03144637700461317	31.510528	done	0.034761	0.03710239098290913	32.059392
svcomp2025-cra-monotone-hulls/loop-simple/deep-nestede762b5.i---hull-21.yml	TIMEOUT	30.861595	30.870418653008528	458.833920	done	0.032902	0.03565089000039734	31.576064	done	0.030022	0.0324366779968841	31.502336	done	0.033513	0.03655004099709913	32.129024
svcomp2025-cra-monotone-hulls/loop-simple/deep-nestede762b5.i---hull-22.yml	TIMEOUT	30.860933	30.871186086995294	458.211328	done	0.030186	0.03297247200680431	31.596544	done	0.031464	0.03392383299069479	31.657984	done	0.031847	0.0347216039954219	32.014336
svcomp2025-cra-monotone-hulls/loop-simple/deep-nestede762b5.i---hull-23.yml	TIMEOUT	30.861406	30.87182203300472	457.904128	done	0.031595	0.034238384003401734	31.686656	done	0.030144	0.032994580004015006	31.805440	done	0.029256	0.03150830900995061	31.887360
svcomp2025-cra-monotone-hulls/loop-simple/deep-nestede762b5.i---hull-26.yml	TIMEOUT	30.861033	30.872551027990994	495.104000	done	0.032217	0.034307503010495566	31.748096	done	0.030066	0.03275164699880406	31.735808	done	0.031647	0.03421012402395718	31.961088
svcomp2025-cra-monotone-hulls/loop-simple/deep-nestede762b5.i---hull-27.yml	TIMEOUT	30.859969	30.872600599002908	492.879872	done	0.029087	0.03166961400711443	31.621120	done	0.033762	0.03681804399820976	31.596544	done	0.029524	0.03233266601455398	32.321536
svcomp2025-cra-monotone-hulls/loop-simple/deep-nestede762b5.i---hull-28.yml	TIMEOUT	30.861822	30.87182227600715	481.103872	done	0.027346	0.030337288000737317	31.657984	done	0.035672	0.03899259600439109	31.821824	done	0.037183	0.039263307000510395	31.977472
svcomp2025-cra-monotone-hulls/loop-simple/deep-nestede762b5.i---hull-29.yml	TIMEOUT	30.863019	30.87161833400023	478.486528	done	0.032015	0.03382415999658406	31.666176	done	0.031154	0.033835387002909556	31.895552	done	0.030131	0.03255096700740978	31.973376
svcomp2025-cra-monotone-hulls/loop-simple/deep-nestede762b5.i---hull-3.yml	TIMEOUT	30.853288	30.86385517200688	196.591616	done	0.042754	0.044645057001616806	32.333824	done	0.030526	0.033047121003619395	31.772672	done	0.033861	0.03610266000032425	32.342016
svcomp2025-cra-monotone-hulls/loop-simple/deep-nestede762b5.i---hull-8.yml	TIMEOUT	30.862693	30.871685513993725	443.387904	done	0.028224	0.030233191995648667	31.678464	done	0.028053	0.0317323019989999	31.711232	done	0.033061	0.03557197900954634	32.235520
svcomp2025-cra-monotone-hulls/loop-simple/deep-nestede762b5.i---hull-9.yml	TIMEOUT	30.860639	30.872073888996965	443.744256	done	0.028656	0.03135948099952657	31.559680	done	0.03387	0.03656261500145774	31.457280	done	0.032301	0.03483668601256795	32.047104
svcomp2025-termination-monotone-hulls/loops/compactdd45f6.i---hull-0.yml	TIMEOUT	30.858563	30.87465532499482	517.545984	done	0.03199	0.03482455899938941	31.424512	done	0.027856	0.030320758000016212	31.244288	done	0.027998	0.030534412973793224	31.453184
svcomp2025-termination-monotone-hulls/loops/compactdd45f6.i---hull-1.yml	TIMEOUT	30.864038	30.8747000900039	517.259264	done	0.028393	0.03081283500068821	31.395840	done	0.029324	0.0322150620049797	31.735808	done	0.029274	0.03185543799190782	31.612928
svcomp2025-termination-monotone-hulls/loops/compactdd45f6.i---hull-10.yml	TIMEOUT	30.862985	30.873306716996012	363.507712	done	0.028096	0.03085778499371372	31.232000	done	0.031024	0.03322168200975284	31.322112	done	0.027453	0.03047175199026242	31.281152
svcomp2025-termination-monotone-hulls/loops/compactdd45f6.i---hull-11.yml	TIMEOUT	30.861305	30.872156169003574	364.703744	done	0.028157	0.030745297990506515	31.346688	done	0.029125	0.03170853399205953	31.318016	done	0.027727	0.030642621975857764	31.285248
svcomp2025-termination-monotone-hulls/loops/compactdd45f6.i---hull-12.yml	TIMEOUT	30.859556	30.868964610999683	367.046656	done	0.027978	0.03067199100041762	31.477760	done	0.028083	0.030734907020814717	31.461376	done	0.027883	0.030207450006855652	31.539200
svcomp2025-termination-monotone-hulls/loops/compactdd45f6.i---hull-13.yml	TIMEOUT	30.858143	30.869053964997875	366.923776	done	0.034432	0.03659169000457041	31.227904	done	0.035412	0.0381911380100064	31.309824	done	0.0298	0.03244707200792618	31.363072
svcomp2025-termination-monotone-hulls/loops/compactdd45f6.i---hull-8.yml	TIMEOUT	30.859567	30.87216599599924	365.576192	done	0.03095	0.03397526501794346	31.252480	done	0.029126	0.03178921100334264	31.465472	done	0.031512	0.03378989201155491	31.551488
svcomp2025-termination-monotone-hulls/loops/compactdd45f6.i---hull-9.yml	TIMEOUT	30.858995	30.87035603701952	365.801472	done	0.033292	0.036298238002927974	31.346688	done	0.029329	0.03232450399082154	31.293440	done	0.028994	0.032064206985523924	31.285248
svcomp2025-termination-monotone-hulls/loops/heavy-1b343bd.i---hull-0.yml	TIMEOUT	30.863047	30.874123332003364	446.525440	done	0.038255	0.040764244011370465	31.477760	done	0.028549	0.03108074000920169	31.416320	done	0.030373	0.03289929698803462	31.969280
svcomp2025-termination-monotone-hulls/loops/heavy-1b343bd.i---hull-1.yml	TIMEOUT	30.863157	30.87447969801724	446.377984	done	0.034257	0.03678879598737694	31.485952	done	0.028843	0.031165266002062708	31.395840	done	0.030361	0.03229786898009479	31.690752
svcomp2025-termination-monotone-hulls/loops/heavy-1b343bd.i---hull-10.yml	TIMEOUT	30.862776	30.873438137001358	581.685248	done	0.030367	0.033235148002859205	31.703040	done	0.029539	0.03198174200952053	31.645696	done	0.029229	0.03189583300263621	31.596544
svcomp2025-termination-monotone-hulls/loops/heavy-1b343bd.i---hull-11.yml	TIMEOUT	30.862508	30.874250523018418	443.846656	done	0.030411	0.03312561599886976	31.535104	done	0.03712	0.039938869973411784	31.391744	done	0.033941	0.03683715499937534	31.592448
svcomp2025-termination-monotone-hulls/loops/heavy-1b343bd.i---hull-14.yml	TIMEOUT	30.864407	30.87386787199648	456.196096	done	0.030773	0.03343065400258638	31.760384	done	0.031668	0.033774886978790164	31.399936	done	0.028783	0.030885668995324522	31.662080
svcomp2025-termination-monotone-hulls/loops/heavy-1b343bd.i---hull-15.yml	TIMEOUT	30.85814	30.875659560988424	458.002432	done	0.032481	0.03536509699188173	31.817728	done	0.029728	0.031880917988019064	31.436800	done	0.030967	0.03336328599834815	31.760384
svcomp2025-termination-monotone-hulls/loops/heavy-1b343bd.i---hull-16.yml	TIMEOUT	30.861705	30.873351688991534	448.651264	done	0.03144	0.03447938899626024	31.522816	done	0.032106	0.03430609600036405	31.404032	done	0.030766	0.033062736998545006	31.629312
svcomp2025-termination-monotone-hulls/loops/heavy-1b343bd.i---hull-17.yml	TIMEOUT	30.862043	30.87129694101168	442.675200	done	0.035169	0.037368464982137084	32.133120	done	0.030007	0.03212380697368644	31.453184	done	0.029187	0.032217447995208204	31.698944
svcomp2025-termination-monotone-hulls/loops/heavy-1b343bd.i---hull-18.yml	TIMEOUT	30.867393	30.878452921984717	457.388032	done	0.03204	0.0346337869996205	31.514624	done	0.03188	0.03477821502019651	31.666176	done	0.032244	0.03447646400309168	31.662080
svcomp2025-termination-monotone-hulls/loops/heavy-1b343bd.i---hull-19.yml	TIMEOUT	30.864111	30.874392549012555	455.929856	done	0.03191	0.0341672100184951	31.772672	done	0.031548	0.034232882026117295	31.404032	done	0.03009	0.03262432900373824	31.920128
svcomp2025-termination-monotone-hulls/loops/heavy-1b343bd.i---hull-26.yml	TIMEOUT	30.862778	30.87361992400838	484.200448	done	0.038234	0.040703990001929924	31.703040	done	0.029374	0.031784610997419804	31.563776	done	0.030838	0.0335383010096848	31.764480
svcomp2025-termination-monotone-hulls/loops/heavy-1b343bd.i---hull-27.yml	TIMEOUT	30.863916	30.87383835099172	483.401728	done	0.031069	0.03369409200968221	31.576064	done	0.029555	0.03247073999955319	31.432704	done	0.036364	0.03867055001319386	31.772672
svcomp2025-termination-monotone-hulls/loops/heavy-1b343bd.i---hull-28.yml	TIMEOUT	30.865049	30.872819990006974	467.783680	done	0.030443	0.03260485699865967	31.576064	done	0.029562	0.03192868997575715	31.526912	done	0.035522	0.03793925902573392	31.760384
svcomp2025-termination-monotone-hulls/loops/heavy-1b343bd.i---hull-29.yml	TIMEOUT	30.862438	30.873848724993877	474.062848	done	0.032509	0.03459698901860975	31.940608	done	0.030297	0.03311759201460518	31.862784	done	0.036885	0.0390332649985794	32.010240
svcomp2025-termination-monotone-hulls/loops/heavy-1b343bd.i---hull-30.yml	TIMEOUT	30.861342	30.872649793018354	480.256000	done	0.036704	0.039457189006498083	31.617024	done	0.03143	0.03401747200405225	31.440896	done	0.034842	0.03779319699970074	31.924224
svcomp2025-termination-monotone-hulls/loops/heavy-1b343bd.i---hull-31.yml	TIMEOUT	30.864027	30.874035301996628	480.325632	done	0.035291	0.03773647200432606	31.834112	done	0.030231	0.033223076025024056	31.436800	done	0.032693	0.03512939199572429	31.879168
svcomp2025-termination-monotone-hulls/loops/heavy-1b343bd.i---hull-8.yml	TIMEOUT	30.862334	30.873822358989855	446.058496	done	0.034559	0.0370648640091531	31.469568	done	0.028671	0.031248516985215247	31.510528	done	0.029859	0.0326596749946475	31.604736
svcomp2025-termination-monotone-hulls/loops/heavy-1b343bd.i---hull-9.yml	TIMEOUT	30.860723	30.87565108499257	445.272064	done	0.029414	0.03194279197487049	31.477760	done	0.029465	0.031751974020153284	31.395840	done	0.031776	0.034101918019587174	31.600640
svcomp2025-termination-monotone-hulls/loops/heavy-26f222e.i---hull-0.yml	TIMEOUT	30.860153	30.874319746973924	446.640128	done	0.029773	0.032351478992495686	31.465472	done	0.031228	0.03397527101333253	31.637504	done	0.032236	0.03469610499450937	31.596544
svcomp2025-termination-monotone-hulls/loops/heavy-26f222e.i---hull-1.yml	TIMEOUT	30.862588	30.873688852996565	445.706240	done	0.030962	0.033556645998032764	31.494144	done	0.028746	0.03126006500679068	31.383552	done	0.032767	0.0352943729958497	31.686656
svcomp2025-termination-monotone-hulls/loops/heavy-26f222e.i---hull-10.yml	TIMEOUT	30.864483	30.872868619975634	440.803328	done	0.029103	0.03211198697681539	31.469568	done	0.032621	0.03512493000016548	31.887360	done	0.029553	0.03177260802476667	31.604736
svcomp2025-termination-monotone-hulls/loops/heavy-26f222e.i---hull-11.yml	TIMEOUT	30.863405	30.872991860989714	444.055552	done	0.032165	0.03506487398408353	31.469568	done	0.03551	0.037890651990892366	31.719424	done	0.060311	0.06283655401784927	31.600640
svcomp2025-termination-monotone-hulls/loops/heavy-26f222e.i---hull-14.yml	TIMEOUT	30.86226	30.872126021014992	449.974272	done	0.029865	0.03257939699687995	31.756288	done	0.030544	0.03358419498545118	31.408128	done	0.032285	0.03447932601557113	31.653888
svcomp2025-termination-monotone-hulls/loops/heavy-26f222e.i---hull-15.yml	TIMEOUT	30.862504	30.874540916993283	453.050368	done	0.03098	0.03403986000921577	31.535104	done	0.032527	0.034474302985472605	31.715328	done	0.032426	0.03475589299341664	31.862784
svcomp2025-termination-monotone-hulls/loops/heavy-26f222e.i---hull-16.yml	TIMEOUT	30.86224	30.87589605699759	448.376832	done	0.031059	0.033722336986102164	31.772672	done	0.030805	0.033463839994510636	31.404032	done	0.032119	0.034800583991454914	32.120832
svcomp2025-termination-monotone-hulls/loops/heavy-26f222e.i---hull-17.yml	TIMEOUT	30.861327	30.874814196984516	446.644224	done	0.031569	0.03487013201811351	31.899648	done	0.029244	0.03162936100852676	31.531008	done	0.030303	0.03296803802368231	31.625216
svcomp2025-termination-monotone-hulls/loops/heavy-26f222e.i---hull-18.yml	TIMEOUT	30.860826	30.874601688003168	457.637888	done	0.029902	0.03271830698940903	31.764480	done	0.030438	0.033408802992198616	31.666176	done	0.031762	0.03415832397877239	31.911936
svcomp2025-termination-monotone-hulls/loops/heavy-26f222e.i---hull-19.yml	TIMEOUT	30.863942	30.874198159988737	460.161024	done	0.029009	0.03162527797394432	31.596544	done	0.031204	0.03358838500571437	31.399936	done	0.033038	0.03526428301120177	31.657984
svcomp2025-termination-monotone-hulls/loops/heavy-26f222e.i---hull-26.yml	TIMEOUT	30.863116	30.875918279023608	485.154816	done	0.032177	0.034092022018739954	31.584256	done	0.029723	0.03215905398246832	31.637504	done	0.030999	0.03411647802568041	31.772672
svcomp2025-termination-monotone-hulls/loops/heavy-26f222e.i---hull-27.yml	TIMEOUT	30.863498	30.874478041019756	480.878592	done	0.031805	0.03434710597502999	31.805440	done	0.036855	0.03912645700620487	31.449088	done	0.035149	0.03794422201463021	31.780864
svcomp2025-termination-monotone-hulls/loops/heavy-26f222e.i---hull-28.yml	TIMEOUT	30.863387	30.873607466026442	469.680128	done	0.030718	0.033045331976609305	31.666176	done	0.034753	0.03723550899303518	31.473664	done	0.029989	0.03294882699265145	32.018432
svcomp2025-termination-monotone-hulls/loops/heavy-26f222e.i---hull-29.yml	TIMEOUT	30.867912	30.87688735499978	468.844544	done	0.031676	0.03500321399769746	31.580160	done	0.030507	0.032700910000130534	31.739904	done	0.030124	0.03299766199779697	31.760384
svcomp2025-termination-monotone-hulls/loops/heavy-26f222e.i---hull-30.yml	TIMEOUT	30.862843	30.871931878005853	475.115520	done	0.04014	0.04252854600781575	31.580160	done	0.029628	0.0320819080225192	31.436800	done	0.030364	0.03316301997983828	31.776768
svcomp2025-termination-monotone-hulls/loops/heavy-26f222e.i---hull-31.yml	TIMEOUT	30.866149	30.874808282998856	477.007872	done	0.030631	0.03343593399040401	31.670272	done	0.034118	0.03640226001152769	31.432704	done	0.031149	0.03360435998183675	31.784960
svcomp2025-termination-monotone-hulls/loops/heavy-26f222e.i---hull-8.yml	TIMEOUT	30.861303	30.874161896004807	444.563456	done	0.035956	0.038628523994702846	31.739904	done	0.029967	0.032510988996364176	31.502336	done	0.03167	0.0344317709968891	31.862784
svcomp2025-termination-monotone-hulls/loops/heavy-26f222e.i---hull-9.yml	TIMEOUT	30.86334	30.873215525003616	442.396672	done	0.033412	0.03552387599484064	31.473664	done	0.03095	0.03379941699677147	31.399936	done	0.029757	0.032529804011574015	31.866880
svcomp2025-termination-monotone-hulls/loop-acceleration/functions_1-158a9ee.i---hull-0.yml	TIMEOUT	30.861444	30.871494221995817	464.261120	done	0.030743	0.033286174992099404	31.514624	done	0.034209	0.036903592001181096	31.580160	done	0.032301	0.035104542010230944	32.059392
svcomp2025-termination-monotone-hulls/loop-acceleration/functions_1-158a9ee.i---hull-1.yml	TIMEOUT	30.862754	30.870644349983195	465.227776	done	0.029983	0.0329863170045428	31.600640	done	0.029597	0.03191441702074371	31.461376	done	0.031444	0.03449690097477287	32.190464
svcomp2025-termination-monotone-hulls/loop-acceleration/functions_1-2638ff6.i---hull-0.yml	TIMEOUT	30.861448	30.870905570976902	467.476480	done	0.030001	0.03303341902210377	31.535104	done	0.031286	0.033772044989746064	31.465472	done	0.030522	0.03281583098578267	32.006144
svcomp2025-termination-monotone-hulls/loop-acceleration/functions_1-2638ff6.i---hull-1.yml	TIMEOUT	30.858227	30.872291310020955	468.774912	done	0.032949	0.03570464800577611	31.793152	done	0.030298	0.033174707990838215	31.772672	done	0.032561	0.03502103500068188	31.903744
svcomp2025-termination-monotone-hulls/loop-acceleration/nested_1-1edf93c.i---hull-14.yml	TIMEOUT	30.861626	30.871105430007447	391.385088	done	0.028624	0.03149660100461915	31.494144	done	0.029601	0.03191162599250674	31.326208	done	0.031203	0.03369606897467747	31.551488
svcomp2025-termination-monotone-hulls/loop-acceleration/nested_1-1edf93c.i---hull-15.yml	TIMEOUT	30.858665	30.871854731987696	391.663616	done	0.02998	0.03225950201158412	31.485952	done	0.035983	0.03856875200290233	31.428608	done	0.028873	0.03189921798184514	31.453184
svcomp2025-termination-monotone-hulls/loop-acceleration/nested_1-1edf93c.i---hull-16.yml	TIMEOUT	30.860835	30.869993011991028	386.404352	done	0.030664	0.03316834699944593	31.498240	done	0.033154	0.03593015798833221	31.367168	done	0.032415	0.03493224800331518	31.715328
svcomp2025-termination-monotone-hulls/loop-acceleration/nested_1-1edf93c.i---hull-17.yml	TIMEOUT	30.861926	30.870454132003943	386.818048	done	0.036351	0.03969358600443229	31.502336	done	0.036302	0.039021881006192416	31.342592	done	0.02844	0.03068903199164197	31.461376
svcomp2025-termination-monotone-hulls/loop-acceleration/nested_1-1edf93c.i---hull-18.yml	TIMEOUT	30.86049	30.87080999999307	391.499776	done	0.029888	0.03231628600042313	31.645696	done	0.029874	0.032501495006727055	31.588352	done	0.030442	0.033439505990827456	31.571968
svcomp2025-termination-monotone-hulls/loop-acceleration/nested_1-1edf93c.i---hull-19.yml	TIMEOUT	30.858586	30.87084664599388	391.606272	done	0.029815	0.03286407099221833	31.395840	done	0.029373	0.03216823699767701	31.350784	done	0.030095	0.03246416398906149	31.449088
svcomp2025-termination-monotone-hulls/loop-acceleration/nested_1-28d526e.i---hull-14.yml	TIMEOUT	30.861649	30.870752771006664	389.660672	done	0.033164	0.03528874498442747	31.485952	done	0.029158	0.031902707007247955	31.432704	done	0.035894	0.038340316008543596	31.543296
svcomp2025-termination-monotone-hulls/loop-acceleration/nested_1-28d526e.i---hull-15.yml	TIMEOUT	30.861412	30.872995408979477	391.811072	done	0.029432	0.031743283005198464	31.399936	done	0.030449	0.032975278998492286	31.334400	done	0.031203	0.03429296499234624	31.813632
svcomp2025-termination-monotone-hulls/loop-acceleration/nested_1-28d526e.i---hull-16.yml	TIMEOUT	30.860809	30.871240439999383	387.244032	done	0.031362	0.034282389999134466	31.436800	done	0.03191	0.03464366399566643	31.608832	done	0.029866	0.03289091901388019	31.485952
svcomp2025-termination-monotone-hulls/loop-acceleration/nested_1-28d526e.i---hull-17.yml	TIMEOUT	30.860943	30.869270816998323	387.649536	done	0.081764	0.0875435910129454	31.457280	done	0.029225	0.03169552100007422	31.633408	done	0.028582	0.031182690989226103	31.461376
svcomp2025-termination-monotone-hulls/loop-acceleration/nested_1-28d526e.i---hull-18.yml	TIMEOUT	30.858791	30.871957005001605	391.634944	done	0.030569	0.033462929975939915	31.739904	done	0.029692	0.031962670997017995	31.322112	done	0.02946	0.03299971701926552	31.453184
svcomp2025-termination-monotone-hulls/loop-acceleration/nested_1-28d526e.i---hull-19.yml	TIMEOUT	30.859032	30.87157709299936	391.536640	done	0.029916	0.03268071200000122	31.395840	done	0.029427	0.03175007499521598	31.322112	done	0.030616	0.03394999899319373	31.727616
svcomp2025-termination-monotone-hulls/loop-acceleration/phases_1-1e918eb.i---hull-0.yml	TIMEOUT	30.856729	30.866974426986417	253.661184	done	0.029239	0.031588440004270524	31.469568	done	0.031892	0.03438200801610947	31.252480	done	0.029362	0.031892236991552636	31.408128
svcomp2025-termination-monotone-hulls/loop-acceleration/phases_1-1e918eb.i---hull-1.yml	TIMEOUT	30.855552	30.864783801021986	252.989440	done	0.028735	0.030984209006419405	31.318016	done	0.029503	0.0323397769825533	31.256576	done	0.028355	0.030869501002598554	31.416320
svcomp2025-termination-monotone-hulls/loop-acceleration/phases_1-20ead11.i---hull-0.yml	TIMEOUT	30.853423	30.865328656014754	252.825600	done	0.035259	0.03749022597912699	31.318016	done	0.029514	0.031746204011142254	31.612928	done	0.029852	0.0329980950045865	31.682560
svcomp2025-termination-monotone-hulls/loop-acceleration/phases_1-20ead11.i---hull-1.yml	TIMEOUT	30.8567	30.865114109008573	252.395520	done	0.02942	0.03210640899487771	31.330304	done	0.032183	0.034942826023325324	31.608832	done	0.029288	0.03210328900604509	31.768576
svcomp2025-termination-monotone-hulls/loop-acceleration/simple_1-1da6b2c.i---hull-0.yml	TIMEOUT	30.857416	30.868584662996	366.391296	done	0.036019	0.03807745798258111	31.248384	done	0.029104	0.03207121399464086	31.207424	done	0.030351	0.033242712990613654	31.289344
svcomp2025-termination-monotone-hulls/loop-acceleration/simple_1-1da6b2c.i---hull-1.yml	TIMEOUT	30.859432	30.8706511319906	366.764032	done	0.03007	0.03265270698466338	31.297536	done	0.029957	0.032493657985469326	31.223808	done	0.033001	0.03560959399328567	31.272960
svcomp2025-termination-monotone-hulls/loop-acceleration/simple_1-243cf51.i---hull-0.yml	TIMEOUT	30.858615	30.870075415994506	365.187072	done	0.029394	0.031518013012828305	31.232000	done	0.027961	0.030332409020047635	31.465472	done	0.032904	0.035712368990061805	31.379456
svcomp2025-termination-monotone-hulls/loop-acceleration/simple_1-243cf51.i---hull-1.yml	TIMEOUT	30.860341	30.870319637993816	365.920256	done	0.029498	0.031765866006026044	31.232000	done	0.030858	0.0335030080168508	31.469568	done	0.030838	0.03378960597910918	31.285248
svcomp2025-termination-monotone-hulls/loop-acceleration/simple_2-1031d4e.i---hull-0.yml	TIMEOUT	30.856582	30.873170014005154	365.608960	done	0.029933	0.032397016999311745	31.498240	done	0.029034	0.03188365598907694	31.227904	done	0.03331	0.035957254003733397	31.559680
svcomp2025-termination-monotone-hulls/loop-acceleration/simple_2-1031d4e.i---hull-1.yml	TIMEOUT	30.860727	30.87179457998718	364.552192	done	0.028665	0.03062624399899505	31.240192	done	0.029962	0.032937211013631895	31.313920	done	0.030544	0.03321734300698154	31.531008
svcomp2025-termination-monotone-hulls/loop-acceleration/simple_2-2d3a313.i---hull-0.yml	TIMEOUT	30.855824	30.869660372001817	365.490176	done	0.036738	0.03877682500751689	31.444992	done	0.028972	0.03135367200593464	31.338496	done	0.02839	0.03142864297842607	31.309824
svcomp2025-termination-monotone-hulls/loop-acceleration/simple_2-2d3a313.i---hull-1.yml	TIMEOUT	30.856522	30.869724326010328	365.744128	done	0.029658	0.03194125500158407	31.236096	done	0.02807	0.030279089987743646	31.461376	done	0.029364	0.031150255992542952	31.399936
svcomp2025-termination-monotone-hulls/loop-crafted/simple_array_index_value_4.i.v+lhb-reducer1b009d.i---hull-0.yml	TIMEOUT	30.850954	30.859505720000016	95.424512	done	0.032993	0.035631386999739334	31.780864	done	0.036461	0.03946213400922716	31.707136	done	0.030438	0.03314010100439191	32.030720
svcomp2025-termination-monotone-hulls/loop-crafted/simple_array_index_value_4.i.v+lhb-reducer1b009d.i---hull-1.yml	TIMEOUT	30.850424	30.860014176985715	94.883840	done	0.031931	0.03416573000140488	31.670272	done	0.029972	0.03246070200111717	31.596544	done	0.037824	0.04018986099981703	32.038912
svcomp2025-termination-monotone-hulls/loop-crafted/simple_array_index_value_4.i.v+lhb-reducer1b009d.i---hull-16.yml	TIMEOUT	30.852643	30.861983949987916	159.526912	done	0.031358	0.0345548780169338	31.674368	done	0.030613	0.03339162698830478	31.600640	done	0.030321	0.03254998900229111	32.026624
svcomp2025-termination-monotone-hulls/loop-crafted/simple_array_index_value_4.i.v+lhb-reducer1b009d.i---hull-17.yml	TIMEOUT	30.854212	30.862705184990773	159.375360	done	0.037931	0.040094349009450525	31.694848	done	0.030496	0.03282837799633853	31.531008	done	0.031411	0.03399683700990863	32.342016
svcomp2025-termination-monotone-hulls/loop-crafted/simple_array_index_value_4.i.v+lhb-reducer1b009d.i---hull-20.yml	TIMEOUT	30.858009	30.869637736992445	366.862336	done	0.034674	0.03695730201434344	31.227904	done	0.030469	0.03273939699283801	31.199232	done	0.031482	0.034508726006606594	31.379456
svcomp2025-termination-monotone-hulls/loop-crafted/simple_array_index_value_4.i.v+lhb-reducer1b009d.i---hull-21.yml	TIMEOUT	30.857793	30.86996762600029	364.929024	done	0.030821	0.0336386339913588	31.240192	done	0.032917	0.03537683197646402	31.191040	done	0.030871	0.03280388601706363	31.768576
svcomp2025-termination-monotone-hulls/loop-crafted/simple_array_index_value_4.i.v+lhb-reducer1b009d.i---hull-22.yml	TIMEOUT	30.85845	30.87074251298327	362.389504	done	0.033217	0.03574180099531077	31.350784	done	0.034847	0.03749131699441932	31.207424	done	0.029272	0.031762614991748706	31.268864
svcomp2025-termination-monotone-hulls/loop-crafted/simple_array_index_value_4.i.v+lhb-reducer1b009d.i---hull-23.yml	TIMEOUT	30.857955	30.869245739013422	363.114496	done	0.028101	0.030529648007359356	31.469568	done	0.028625	0.030982030992163345	31.313920	done	0.033493	0.03633604699280113	31.531008
svcomp2025-termination-monotone-hulls/loop-crafted/simple_array_index_value_4.i.v+lhb-reducer1b009d.i---hull-24.yml	TIMEOUT	30.860498	30.869492425001226	367.026176	done	0.030415	0.03257416401174851	31.494144	done	0.033159	0.035860806005075574	31.498240	done	0.030248	0.0328522750060074	31.371264
svcomp2025-termination-monotone-hulls/loop-crafted/simple_array_index_value_4.i.v+lhb-reducer1b009d.i---hull-25.yml	TIMEOUT	30.859992	30.868919709988404	367.337472	done	0.028609	0.03117890199064277	31.211520	done	0.031609	0.03405824297806248	31.686656	done	0.027291	0.0302354019950144	31.268864
svcomp2025-termination-monotone-hulls/loop-crafted/simple_array_index_value_4.i.v+nlh-reducerf2c032.i---hull-12.yml	TIMEOUT	30.849307	30.858771115978016	62.562304	done	0.03267	0.03530958402552642	31.731712	done	0.03023	0.033017558977007866	31.584256	done	0.031462	0.03360891601187177	32.296960
svcomp2025-termination-monotone-hulls/loop-crafted/simple_array_index_value_4.i.v+nlh-reducerf2c032.i---hull-13.yml	TIMEOUT	30.850011	30.85813845897792	62.488576	done	0.035041	0.037819166987901554	31.670272	done	0.03235	0.03502699299133383	31.690752	done	0.034243	0.03697170500527136	32.534528
svcomp2025-termination-monotone-hulls/loop-crafted/simple_array_index_value_4.i.v+nlh-reducerf2c032.i---hull-20.yml	TIMEOUT	30.861019	30.870627329015406	367.902720	done	0.029677	0.032160810980712995	31.219712	done	0.032009	0.03433651800150983	31.203328	done	0.035324	0.03809402900515124	31.264768
svcomp2025-termination-monotone-hulls/loop-crafted/simple_array_index_value_4.i.v+nlh-reducerf2c032.i---hull-21.yml	TIMEOUT	30.857871	30.870519693009555	367.144960	done	0.030458	0.03261093600303866	31.125504	done	0.028605	0.030973381974035874	31.199232	done	0.03365	0.03604619100224227	31.252480
svcomp2025-termination-monotone-hulls/loop-crafted/simple_array_index_value_4.i.v+nlh-reducerf2c032.i---hull-22.yml	TIMEOUT	30.86103	30.87044820500887	363.409408	done	0.062075	0.0667237410089001	31.227904	done	0.027934	0.03023142900201492	31.305728	done	0.033286	0.035894986998755485	31.420416
svcomp2025-termination-monotone-hulls/loop-crafted/simple_array_index_value_4.i.v+nlh-reducerf2c032.i---hull-23.yml	TIMEOUT	30.857651	30.869707856996683	362.844160	done	0.03594	0.03810040699318051	31.240192	done	0.027866	0.030490753997582942	31.203328	done	0.030601	0.03341596602695063	31.522816
svcomp2025-termination-monotone-hulls/loop-crafted/simple_array_index_value_4.i.v+nlh-reducerf2c032.i---hull-24.yml	TIMEOUT	30.859642	30.868287107005017	364.032000	done	0.03026	0.03287766600260511	31.338496	done	0.036114	0.038884750014403835	31.547392	done	0.030249	0.03245300400885753	31.457280
svcomp2025-termination-monotone-hulls/loop-crafted/simple_array_index_value_4.i.v+nlh-reducerf2c032.i---hull-25.yml	TIMEOUT	30.859153	30.87050671299221	366.665728	done	0.029347	0.03200935298809782	31.387648	done	0.041573	0.04396516201086342	31.203328	done	0.028534	0.03176348298438825	31.760384
svcomp2025-termination-monotone-hulls/loop-crafted/simple_array_index_value_4fbec52.i---hull-10.yml	TIMEOUT	30.85879	30.8685156829888	154.304512	done	0.031237	0.034414433990605175	31.526912	done	0.029705	0.03213814500486478	31.424512	done	0.031059	0.033810430992161855	31.764480
svcomp2025-termination-monotone-hulls/loop-crafted/simple_array_index_value_4fbec52.i---hull-11.yml	TIMEOUT	30.853467	30.862032056989847	154.071040	done	0.033383	0.03602614998817444	31.539200	done	0.029404	0.03211601698421873	31.436800	done	0.034935	0.03772463198401965	31.760384
svcomp2025-termination-monotone-hulls/loop-crafted/simple_array_index_value_4fbec52.i---hull-20.yml	TIMEOUT	30.858304	30.86957386499853	367.042560	done	0.03105	0.033664171991404146	31.330304	done	0.029913	0.03230672798235901	31.260672	done	0.038892	0.04136172600556165	31.281152
svcomp2025-termination-monotone-hulls/loop-crafted/simple_array_index_value_4fbec52.i---hull-21.yml	TIMEOUT	30.861416	30.87042969200411	366.104576	done	0.033149	0.035748295980738476	31.453184	done	0.031347	0.03399240999715403	31.277056	done	0.029344	0.031970532989362255	31.756288
svcomp2025-termination-monotone-hulls/loop-crafted/simple_array_index_value_4fbec52.i---hull-22.yml	TIMEOUT	30.857918	30.870066608011257	362.221568	done	0.031351	0.0337296360230539	31.358976	done	0.02982	0.03211325500160456	31.236096	done	0.028896	0.03185530297923833	31.547392
svcomp2025-termination-monotone-hulls/loop-crafted/simple_array_index_value_4fbec52.i---hull-23.yml	TIMEOUT	30.857381	30.869806000991957	362.213376	done	0.03425	0.03657296800520271	31.240192	done	0.029577	0.03220395202515647	31.432704	done	0.030075	0.03268733998993412	31.428608
svcomp2025-termination-monotone-hulls/loop-crafted/simple_array_index_value_4fbec52.i---hull-24.yml	TIMEOUT	30.859516	30.870420071005356	365.092864	done	0.028927	0.030873125011567026	31.236096	done	0.029378	0.03176441800314933	31.391744	done	0.029752	0.0317161180137191	31.264768
svcomp2025-termination-monotone-hulls/loop-crafted/simple_array_index_value_4fbec52.i---hull-25.yml	TIMEOUT	30.858138	30.8697138960124	366.239744	done	0.028443	0.03097521502058953	31.240192	done	0.031108	0.033503702987218276	31.215616	done	0.028542	0.03148967798915692	31.391744
svcomp2025-termination-monotone-hulls/loop-crafted/simple_vardep_1ed4014.i---hull-0.yml	TIMEOUT	30.860933	30.872725343011552	457.666560	done	0.030696	0.03367256000638008	31.571968	done	0.030783	0.03310840600170195	31.485952	done	0.034464	0.03802924099727534	31.522816
svcomp2025-termination-monotone-hulls/loop-crafted/simple_vardep_1ed4014.i---hull-1.yml	TIMEOUT	30.861563	30.872452367999358	456.888320	done	0.02883	0.0312439400004223	31.453184	done	0.029597	0.0322279860265553	31.391744	done	0.035779	0.03801215399289504	31.895552
svcomp2025-termination-monotone-hulls/loop-crafted/simple_vardep_2ca4147.i---hull-0.yml	TIMEOUT	30.863042	30.871037397999316	496.492544	done	0.029245	0.03306348298792727	31.666176	done	0.03057	0.032748359022662044	31.453184	done	0.029536	0.032402014010585845	31.645696
svcomp2025-termination-monotone-hulls/loop-crafted/simple_vardep_2ca4147.i---hull-1.yml	TIMEOUT	30.864005	30.87343618000159	496.087040	done	0.031016	0.0337788219912909	31.567872	done	0.030353	0.03355675801867619	31.895552	done	0.030512	0.0324262380017899	31.756288
svcomp2025-termination-monotone-hulls/loop-invgen/fragtest_simple8de101.i---hull-10.yml	TIMEOUT	30.862035	30.872178295976482	422.055936	done	0.030863	0.033828604995505884	31.784960	done	0.031026	0.03319772897521034	31.481856	done	0.032134	0.03484860301250592	31.567872
svcomp2025-termination-monotone-hulls/loop-invgen/fragtest_simple8de101.i---hull-11.yml	TIMEOUT	30.863022	30.872076906001894	423.235584	done	0.029825	0.03201325100963004	31.485952	done	0.031129	0.033717426005750895	31.387648	done	0.030426	0.03289061301620677	31.772672
svcomp2025-termination-monotone-hulls/loop-invgen/fragtest_simple8de101.i---hull-12.yml	TIMEOUT	30.862504	30.872726734000025	548.614144	done	0.029727	0.03244936399278231	31.522816	done	0.032416	0.035111137985950336	31.817728	done	0.030622	0.03362358998856507	31.477760
svcomp2025-termination-monotone-hulls/loop-invgen/fragtest_simple8de101.i---hull-13.yml	TIMEOUT	30.861149	30.872016065986827	548.044800	done	0.029605	0.032068183994852006	31.490048	done	0.028553	0.03111672299564816	31.391744	done	0.029749	0.03264718799619004	31.592448
svcomp2025-termination-monotone-hulls/loop-invgen/fragtest_simple8de101.i---hull-20.yml	TIMEOUT	30.86302	30.873858498001937	541.175808	done	0.029546	0.032289380003931	31.547392	done	0.029336	0.03211654201732017	31.412224	done	0.036769	0.039097673987271264	31.350784
svcomp2025-termination-monotone-hulls/loop-invgen/fragtest_simple8de101.i---hull-21.yml	TIMEOUT	30.862533	30.87376752399723	541.605888	done	0.028714	0.03094053899985738	31.395840	done	0.031831	0.03423151600873098	31.383552	done	0.031263	0.03408661199500784	31.350784
svcomp2025-termination-monotone-hulls/loop-invgen/fragtest_simple8de101.i---hull-22.yml	TIMEOUT	30.861438	30.871636724012205	394.088448	done	0.029936	0.03216000797692686	31.449088	done	0.030834	0.03299264097586274	31.514624	done	0.029408	0.0312859550176654	31.559680
svcomp2025-termination-monotone-hulls/loop-invgen/fragtest_simple8de101.i---hull-23.yml	TIMEOUT	30.859841	30.872863333992427	393.318400	done	0.029693	0.03216206398792565	31.338496	done	0.031768	0.03441075299633667	31.580160	done	0.033356	0.03604861599160358	31.461376
svcomp2025-termination-monotone-hulls/loop-invgen/fragtest_simple8de101.i---hull-24.yml	TIMEOUT	30.859486	30.87568661000114	523.259904	done	0.028303	0.030352281988598406	31.281152	done	0.028965	0.032353907998185605	31.293440	done	0.033791	0.03715823800303042	31.608832
svcomp2025-termination-monotone-hulls/loop-invgen/fragtest_simple8de101.i---hull-25.yml	TIMEOUT	30.863329	30.873334638017695	523.096064	done	0.029756	0.032083580998005345	31.281152	done	0.032031	0.03465454900288023	31.391744	done	0.029224	0.03174301201943308	31.358976
svcomp2025-termination-monotone-hulls/loop-invgen/fragtest_simple8de101.i---hull-8.yml	TIMEOUT	30.862636	30.8763084730017	556.728320	done	0.085211	0.090627071011113	31.416320	done	0.030391	0.03287456100224517	31.285248	done	0.03221	0.03467598601127975	31.739904
svcomp2025-termination-monotone-hulls/loop-invgen/fragtest_simple8de101.i---hull-9.yml	TIMEOUT	30.861896	30.873870540002827	556.584960	done	0.029566	0.03183947200886905	31.412224	done	0.038405	0.04077705700183287	31.506432	done	0.030962	0.03383643800043501	31.596544
svcomp2025-termination-monotone-hulls/loop-invgen/string_concat-noarr80945b.i---hull-10.yml	TIMEOUT	30.86635	30.87450734799495	424.792064	done	0.029711	0.0324488109908998	31.358976	done	0.037037	0.03982921500573866	31.281152	done	0.03279	0.035059378016740084	31.428608
svcomp2025-termination-monotone-hulls/loop-invgen/string_concat-noarr80945b.i---hull-11.yml	TIMEOUT	30.862212	30.872132172022248	562.241536	done	0.030076	0.03276497998740524	31.350784	done	0.029467	0.03218224999727681	31.318016	done	0.030624	0.033291411004029214	31.547392
svcomp2025-termination-monotone-hulls/loop-invgen/string_concat-noarr80945b.i---hull-18.yml	TIMEOUT	30.862704	30.872529991989722	541.622272	done	0.034716	0.037205377011559904	31.551488	done	0.028964	0.03156273401691578	31.248384	done	0.061494	0.06686756398994476	31.354880
svcomp2025-termination-monotone-hulls/loop-invgen/string_concat-noarr80945b.i---hull-19.yml	TIMEOUT	30.862287	30.874988293013303	541.724672	done	0.030302	0.033096960018156096	31.285248	done	0.028583	0.03111782399355434	31.346688	done	0.031139	0.03419818799011409	31.473664
svcomp2025-termination-monotone-hulls/loop-invgen/string_concat-noarr80945b.i---hull-20.yml	TIMEOUT	30.861699	30.87195506101125	393.695232	done	0.032312	0.03495870501501486	31.342592	done	0.040693	0.04393175299628638	31.461376	done	0.032421	0.035104012000374496	31.469568
svcomp2025-termination-monotone-hulls/loop-invgen/string_concat-noarr80945b.i---hull-21.yml	TIMEOUT	30.860596	30.870790237997426	393.867264	done	0.030932	0.03317458400852047	31.436800	done	0.029064	0.031994469987694174	31.629312	done	0.030477	0.033214756986126304	31.698944
svcomp2025-termination-monotone-hulls/loop-invgen/string_concat-noarr80945b.i---hull-22.yml	TIMEOUT	30.861903	30.873707104008645	522.805248	done	0.030644	0.03345523099415004	31.285248	done	0.031495	0.03391217201715335	31.248384	done	0.029614	0.03214734999346547	31.617024
svcomp2025-termination-monotone-hulls/loop-invgen/string_concat-noarr80945b.i---hull-23.yml	TIMEOUT	30.862229	30.87465030400199	522.633216	done	0.028924	0.03231313300784677	31.289344	done	0.029781	0.0320432230073493	31.240192	done	0.029368	0.031672515004174784	31.350784
svcomp2025-termination-monotone-hulls/loop-invgen/string_concat-noarr80945b.i---hull-6.yml	TIMEOUT	30.861837	30.871619526995346	426.532864	done	0.031782	0.03397800101083703	31.649792	done	0.030199	0.032957045012153685	31.285248	done	0.029755	0.03222942698630504	31.432704
svcomp2025-termination-monotone-hulls/loop-invgen/string_concat-noarr80945b.i---hull-7.yml	TIMEOUT	30.859038	30.872568667982705	426.496000	done	0.029786	0.032226951996563	31.473664	done	0.034638	0.037321490002796054	31.293440	done	0.030413	0.033343779999995604	31.420416
svcomp2025-termination-monotone-hulls/loop-invgen/string_concat-noarr80945b.i---hull-8.yml	TIMEOUT	30.861208	30.87272293298156	415.678464	done	0.029838	0.03291552499285899	31.436800	done	0.029472	0.03172363800695166	31.358976	done	0.030719	0.03360554701066576	31.776768
svcomp2025-termination-monotone-hulls/loop-invgen/string_concat-noarr80945b.i---hull-9.yml	TIMEOUT	30.859976	30.873311998002464	419.131392	done	0.030432	0.033023191994288936	31.502336	done	0.031131	0.03386676899390295	31.363072	done	0.034289	0.0368376380065456	31.748096
svcomp2025-termination-monotone-hulls/loop-lit/css20038785af.i---hull-0.yml	TIMEOUT	30.851699	30.860957975994097	103.948288	done	0.030957	0.03343031700933352	31.539200	done	0.031094	0.03357670898549259	31.449088	done	0.028427	0.03037409298121929	31.813632
svcomp2025-termination-monotone-hulls/loop-lit/css20038785af.i---hull-1.yml	TIMEOUT	30.856412	30.864885629998753	103.882752	done	0.03055	0.032983043987769634	31.612928	done	0.034464	0.03726989298593253	31.576064	done	0.034645	0.03769291998469271	31.997952
svcomp2025-termination-monotone-hulls/loop-lit/css20038785af.i---hull-2.yml	TIMEOUT	30.860641	30.873212562000845	523.788288	done	0.032551	0.03543074501794763	31.985664	done	0.030943	0.03318178799236193	31.793152	done	0.037916	0.0405161349917762	31.698944
svcomp2025-termination-monotone-hulls/loop-lit/css20038785af.i---hull-3.yml	TIMEOUT	30.861748	30.87296982598491	523.730944	done	0.032777	0.035226931009674445	31.965184	done	0.031395	0.033628038014285266	31.576064	done	0.040954	0.043484199995873496	31.768576
svcomp2025-termination-monotone-hulls/loop-lit/gcnr200813ce36.i---hull-2.yml	TIMEOUT	30.893715	30.9018035470217	1670.213632	done	0.045085	0.04764340602559969	32.137216	done	0.032967	0.03541079501155764	31.956992	done	0.043435	0.045870275993365794	32.755712
svcomp2025-termination-monotone-hulls/loop-lit/gcnr200813ce36.i---hull-3.yml	TIMEOUT	30.890235	30.8995596949826	1708.081152	done	0.046169	0.048822919983649626	32.067584	done	0.035958	0.03942917799577117	32.157696	done	0.045612	0.04791292600566521	32.792576
svcomp2025-termination-monotone-hulls/loop-new/count_by_1_variante55e6b.i---hull-0.yml	TIMEOUT	30.859487	30.869534979981836	365.613056	done	0.031424	0.033833541005151346	31.731712	done	0.030423	0.033071384008508176	31.227904	done	0.030497	0.03330527700018138	31.305728
svcomp2025-termination-monotone-hulls/loop-new/count_by_1_variante55e6b.i---hull-1.yml	TIMEOUT	30.860115	30.869703728996683	365.142016	done	0.028153	0.031232657987857237	31.363072	done	0.035647	0.038111395988380536	31.277056	done	0.038863	0.041363523981999606	31.514624
svcomp2025-termination-monotone-hulls/loop-new/count_by_1c20557.i---hull-0.yml	TIMEOUT	30.860597	30.869828185008373	366.137344	done	0.026801	0.0297286230197642	31.498240	done	0.032027	0.034286939015146345	31.309824	done	0.032188	0.034442314004991204	31.379456
svcomp2025-termination-monotone-hulls/loop-new/count_by_1c20557.i---hull-1.yml	TIMEOUT	30.858298	30.869873523974093	366.276608	done	0.030876	0.0333299649937544	31.244288	done	0.032618	0.03562375300680287	31.367168	done	0.0303	0.03272764102439396	31.559680
svcomp2025-termination-monotone-hulls/loop-new/count_by_22bdbc1.i---hull-0.yml	TIMEOUT	30.858983	30.87056643300457	364.949504	done	0.034547	0.03692883299663663	31.236096	done	0.030142	0.032206709001911804	31.199232	done	0.029336	0.03202109900303185	31.539200
svcomp2025-termination-monotone-hulls/loop-new/count_by_22bdbc1.i---hull-1.yml	TIMEOUT	30.858209	30.869597687997157	365.686784	done	0.028446	0.031166625005425885	31.232000	done	0.029358	0.03191708101076074	31.211520	done	0.034476	0.03720853599952534	31.383552
svcomp2025-termination-monotone-hulls/loop-new/count_by_k3ddcb0.i---hull-0.yml	done	0.04741	0.05004773099790327	32.186368	TIMEOUT	30.859841	30.870755479001673	424.542208	done	0.029105	0.031782930018380284	31.334400	done	0.028673	0.0312463799782563	31.326208
svcomp2025-termination-monotone-hulls/loop-new/count_by_k3ddcb0.i---hull-1.yml	done	0.044421	0.047415524983080104	32.075776	TIMEOUT	30.859252	30.868492909998167	422.072320	done	0.029229	0.031864728982327506	31.240192	done	0.028831	0.03102181397844106	31.322112
svcomp2025-termination-monotone-hulls/loop-new/count_by_nondet12e228.i---hull-0.yml	TIMEOUT	30.864094	30.872812862013234	565.219328	done	0.035323	0.03776307898806408	31.391744	done	0.028696	0.030918153992388397	31.383552	done	0.030726	0.03396127899759449	31.686656
svcomp2025-termination-monotone-hulls/loop-new/count_by_nondet12e228.i---hull-1.yml	TIMEOUT	30.861694	30.871396492002532	427.487232	done	0.035667	0.03796093200799078	31.510528	done	0.03064	0.03317578599671833	31.383552	done	0.030021	0.032438273017760366	31.440896
svcomp2025-termination-monotone-hulls/loop-new/count_by_nondet12e228.i---hull-2.yml	TIMEOUT	30.86294	30.873474859981798	558.956544	done	0.030403	0.032586921006441116	31.424512	done	0.032326	0.03429311900981702	31.338496	done	0.030342	0.03251739498227835	31.731712
svcomp2025-termination-monotone-hulls/loop-new/count_by_nondet12e228.i---hull-3.yml	TIMEOUT	30.861442	30.873040463018697	559.198208	done	0.03337	0.035809193999739364	31.698944	done	0.030149	0.033041702990885824	31.371264	done	0.031012	0.034261831024196	31.768576
svcomp2025-termination-monotone-hulls/loop-industry-pattern/nested-382a76c.i---hull-0.yml	TIMEOUT	30.853745	30.865890892018797	208.592896	done	0.031272	0.0337989249965176	31.633408	done	0.030061	0.03282739900168963	31.662080	done	0.031271	0.033476429991424084	31.825920
svcomp2025-termination-monotone-hulls/loop-industry-pattern/nested-382a76c.i---hull-1.yml	TIMEOUT	30.857712	30.86529431300005	207.904768	done	0.033837	0.03666554199298844	31.518720	done	0.031481	0.03421451599569991	31.416320	done	0.031295	0.033720551000442356	31.944704
svcomp2025-termination-monotone-hulls/loop-industry-pattern/nested-382a76c.i---hull-10.yml	TIMEOUT	30.854159	30.864236789988354	211.267584	done	0.031213	0.034356554999249056	31.752192	done	0.033865	0.03678498600493185	31.412224	done	0.031907	0.034232089994475245	32.088064
svcomp2025-termination-monotone-hulls/loop-industry-pattern/nested-382a76c.i---hull-11.yml	TIMEOUT	30.854254	30.86397130700061	211.132416	done	0.030025	0.03273635799996555	31.608832	done	0.03224	0.034660215984331444	31.555584	done	0.03475	0.03700043697608635	31.936512
svcomp2025-termination-monotone-hulls/loop-industry-pattern/nested-382a76c.i---hull-8.yml	TIMEOUT	30.853284	30.86258478698437	190.459904	done	0.031181	0.03302397599327378	31.760384	done	0.030941	0.032732020976254717	31.379456	done	0.034222	0.03693741900497116	32.141312
svcomp2025-termination-monotone-hulls/loop-industry-pattern/nested-382a76c.i---hull-9.yml	TIMEOUT	30.854748	30.86310019501252	190.660608	done	0.031457	0.033803968981374055	31.490048	done	0.031057	0.033744940999895334	31.719424	done	0.031831	0.03483917299308814	31.928320
svcomp2025-termination-monotone-hulls/loop-industry-pattern/ofuf_124a27b.i---hull-26.yml	done	12.781234	12.786735970003065	124.338176	done	0.746236	0.7493268419930246	53.981184	done	0.277509	0.28020738597842865	52.207616	TIMEOUT	30.864728	30.875475438020658	449.994752
svcomp2025-termination-monotone-hulls/loop-industry-pattern/ofuf_124a27b.i---hull-27.yml	done	12.769186	12.774949127982836	124.375040	done	0.771976	0.7747798839991447	53.932032	done	0.26727	0.2697814319981262	52.187136	TIMEOUT	30.86592	30.874502932012547	450.031616
svcomp2025-termination-monotone-hulls/loop-industry-pattern/ofuf_124a27b.i---hull-28.yml	done	19.324931	19.33117793299607	169.238528	done	0.766808	0.7698121489956975	55.111680	done	0.234259	0.23708639899268746	50.667520	TIMEOUT	30.860013	30.87373582998407	400.404480
svcomp2025-termination-monotone-hulls/loop-industry-pattern/ofuf_124a27b.i---hull-29.yml	done	18.884026	18.890046332002385	169.627648	done	0.735609	0.7390383410092909	55.181312	done	0.234611	0.23753028200007975	50.667520	TIMEOUT	30.866683	30.87551110200002	399.859712
svcomp2025-termination-monotone-hulls/loop-industry-pattern/ofuf_124a27b.i---hull-62.yml	done	1.18929	1.1919802429911215	58.413056	done	0.443624	0.4461519469914492	52.551680	done	0.220642	0.22389761297381483	50.724864	TIMEOUT	30.862117	30.873777178989258	449.667072
svcomp2025-termination-monotone-hulls/loop-industry-pattern/ofuf_124a27b.i---hull-63.yml	done	1.218697	1.2227079750155099	58.486784	done	0.443769	0.4476980509934947	52.559872	done	0.232829	0.2357375179999508	50.823168	TIMEOUT	30.867894	30.876705906004645	449.630208
svcomp2025-termination-monotone-hulls/loop-industry-pattern/ofuf_2e26a7f.i---hull-26.yml	done	12.170394	12.174867368012201	124.751872	done	0.753119	0.7559388969966676	54.050816	done	0.26631	0.2696615229942836	51.077120	TIMEOUT	30.871958	30.882871468988014	449.781760
svcomp2025-termination-monotone-hulls/loop-industry-pattern/ofuf_2e26a7f.i---hull-27.yml	done	13.172563	13.177097932988545	124.514304	done	0.770778	0.7745207869738806	54.018048	done	0.250302	0.2526205239992123	51.101696	TIMEOUT	30.867679	30.877219964022515	449.789952
svcomp2025-termination-monotone-hulls/loop-industry-pattern/ofuf_2e26a7f.i---hull-28.yml	done	0.66224	0.6660141900065355	52.994048	done	0.433754	0.43664312100736424	51.675136	done	0.216763	0.21992598098586313	50.552832	TIMEOUT	30.851966	30.860287230985705	399.446016
svcomp2025-termination-monotone-hulls/loop-industry-pattern/ofuf_2e26a7f.i---hull-29.yml	done	0.642266	0.6453377469733823	52.850688	done	0.460282	0.4630610720196273	51.617792	done	0.218136	0.221063311008038	50.405376	TIMEOUT	30.856839	30.86620351599413	399.376384
svcomp2025-termination-monotone-hulls/loop-industry-pattern/ofuf_2e26a7f.i---hull-62.yml	done	1.254555	1.258076608995907	58.408960	done	0.424817	0.4275192579953	52.674560	done	0.225293	0.22852710098959506	50.806784	TIMEOUT	30.869427	30.878543255996192	422.797312
svcomp2025-termination-monotone-hulls/loop-industry-pattern/ofuf_2e26a7f.i---hull-63.yml	done	1.213853	1.2169474890106358	58.687488	done	0.427142	0.4297417100169696	52.449280	done	0.231191	0.23421651200624183	50.745344	TIMEOUT	30.863733	30.872973446006654	422.731776
svcomp2025-termination-monotone-hulls/loop-industry-pattern/ofuf_3e395ee.i---hull-26.yml	done	12.45055	12.456451088015456	124.592128	done	0.728864	0.7316040029982105	53.886976	done	0.260447	0.2640560769941658	51.118080	TIMEOUT	30.864757	30.87458575499477	449.773568
svcomp2025-termination-monotone-hulls/loop-industry-pattern/ofuf_3e395ee.i---hull-27.yml	done	12.326867	12.333100145013304	124.432384	done	0.750972	0.7537422160094138	54.214656	done	0.246772	0.24956401402596384	51.081216	TIMEOUT	30.873948	30.88236678400426	449.798144
svcomp2025-termination-monotone-hulls/loop-industry-pattern/ofuf_3e395ee.i---hull-28.yml	done	0.679854	0.6828836039931048	53.030912	done	0.434383	0.4379628699971363	51.748864	done	0.215677	0.21915455101407133	50.450432	TIMEOUT	30.870924	30.87813247399754	399.220736
svcomp2025-termination-monotone-hulls/loop-industry-pattern/ofuf_3e395ee.i---hull-29.yml	done	0.67991	0.6824063139792997	53.006336	done	0.432255	0.43570929602719843	51.675136	done	0.216146	0.2192096990183927	50.503680	TIMEOUT	30.855513	30.864519157999894	399.429632
svcomp2025-termination-monotone-hulls/loop-industry-pattern/ofuf_3e395ee.i---hull-62.yml	done	1.187614	1.190302814997267	58.535936	done	0.421925	0.42510610702447593	52.453376	done	0.240145	0.2432884179870598	51.077120	TIMEOUT	30.863747	30.873809609998716	422.551552
svcomp2025-termination-monotone-hulls/loop-industry-pattern/ofuf_3e395ee.i---hull-63.yml	done	1.202803	1.206238423998002	58.372096	done	0.456146	0.4594350009865593	52.432896	done	0.224403	0.2273164639773313	50.802688	TIMEOUT	30.865091	30.872901713009924	422.588416
svcomp2025-termination-monotone-hulls/loop-industry-pattern/ofuf_4e80f52.i---hull-26.yml	done	13.083962	13.089092765992973	124.620800	done	0.778476	0.7822862250031903	53.932032	done	0.257563	0.2607325849821791	51.318784	TIMEOUT	30.866938	30.875230797973927	449.830912
svcomp2025-termination-monotone-hulls/loop-industry-pattern/ofuf_4e80f52.i---hull-27.yml	done	12.452558	12.458175642997958	124.633088	done	0.721281	0.7241099580132868	54.050816	done	0.246807	0.24961790701490827	51.216384	TIMEOUT	30.866357	30.8745446659741	450.048000
svcomp2025-termination-monotone-hulls/loop-industry-pattern/ofuf_4e80f52.i---hull-28.yml	done	0.685615	0.6883033030026127	53.116928	done	0.462391	0.46533766499487683	51.798016	done	0.214374	0.2172074839763809	50.413568	TIMEOUT	30.853414	30.85968400700949	399.523840
svcomp2025-termination-monotone-hulls/loop-industry-pattern/ofuf_4e80f52.i---hull-29.yml	done	0.657715	0.660486401990056	53.014528	done	0.433209	0.4362551989906933	51.757056	done	0.222884	0.22507825901266187	50.487296	TIMEOUT	30.871307	30.877528867014917	398.888960
svcomp2025-termination-monotone-hulls/loop-industry-pattern/ofuf_4e80f52.i---hull-62.yml	done	1.273477	1.2769493869855069	58.298368	done	0.452704	0.4560772550175898	52.670464	done	0.243988	0.24718777200905606	50.970624	TIMEOUT	30.866072	30.873405026999535	422.551552
svcomp2025-termination-monotone-hulls/loop-industry-pattern/ofuf_4e80f52.i---hull-63.yml	done	1.207665	1.211565450008493	58.413056	done	0.423705	0.4271979269979056	52.715520	done	0.229788	0.231962410005508	50.827264	TIMEOUT	30.870461	30.878006341023138	422.576128
svcomp2025-termination-monotone-hulls/loop-industry-pattern/ofuf_58abe66.i---hull-26.yml	done	12.758323	12.765640248020645	124.669952	done	0.712292	0.7156355449988041	54.054912	done	0.24421	0.24651397299021482	51.310592	TIMEOUT	30.867071	30.875283154979115	449.839104
svcomp2025-termination-monotone-hulls/loop-industry-pattern/ofuf_58abe66.i---hull-27.yml	done	12.688821	12.693997271999251	124.981248	done	0.768505	0.7717006349994335	53.919744	done	0.258557	0.261854043987114	51.068928	TIMEOUT	30.866617	30.874438400991494	449.802240
svcomp2025-termination-monotone-hulls/loop-industry-pattern/ofuf_58abe66.i---hull-28.yml	done	0.659927	0.6627642270177603	52.932608	done	0.442089	0.4454494229867123	51.658752	done	0.21925	0.22278508299496025	50.413568	TIMEOUT	30.852771	30.860462967015337	399.441920
svcomp2025-termination-monotone-hulls/loop-industry-pattern/ofuf_58abe66.i---hull-29.yml	done	0.656359	0.659078602999216	53.354496	done	0.430205	0.43333747499855235	51.662848	done	0.22112	0.2241937950020656	50.483200	TIMEOUT	30.852748	30.861419855995337	399.613952
svcomp2025-termination-monotone-hulls/loop-industry-pattern/ofuf_58abe66.i---hull-62.yml	done	1.233464	1.2363382779876702	58.306560	done	0.440041	0.4421848430065438	52.707328	done	0.232638	0.23578759699012153	50.782208	TIMEOUT	30.868627	30.87698198200087	422.756352
svcomp2025-termination-monotone-hulls/loop-industry-pattern/ofuf_58abe66.i---hull-63.yml	done	1.204728	1.208021603000816	58.601472	done	0.432068	0.4358844020171091	52.482048	done	0.225831	0.2291248050169088	51.142656	TIMEOUT	30.869544	30.876570224994794	422.551552
svcomp2025-termination-monotone-hulls/loops-crafted-1/Mono1_1-15bfb63.i---hull-0.yml	TIMEOUT	30.855712	30.867005996988155	249.503744	done	0.030958	0.03348012699279934	31.326208	done	0.035188	0.037610814004438	31.272960	done	0.03052	0.0328748730244115	31.428608
svcomp2025-termination-monotone-hulls/loops-crafted-1/Mono1_1-15bfb63.i---hull-1.yml	TIMEOUT	30.857987	30.86606390000088	247.750656	done	0.03547	0.038218708999920636	31.797248	done	0.029231	0.03146596398437396	31.272960	done	0.032392	0.03489687800174579	31.420416
svcomp2025-termination-monotone-hulls/loops-crafted-1/Mono1_1-2efb446.i---hull-0.yml	TIMEOUT	30.856859	30.865062602999387	247.681024	done	0.030616	0.033770800015190616	31.571968	done	0.028921	0.03252976998919621	31.322112	done	0.030494	0.03378596602124162	31.408128
svcomp2025-termination-monotone-hulls/loops-crafted-1/Mono1_1-2efb446.i---hull-1.yml	TIMEOUT	30.857231	30.866085792978993	247.730176	done	0.035422	0.037971762008965015	31.326208	done	0.030001	0.03273468601400964	31.383552	done	0.035713	0.0385058950050734	31.641600
svcomp2025-termination-monotone-hulls/loops-crafted-1/Mono3_17a5877.i---hull-0.yml	TIMEOUT	30.85278	30.86653948298772	203.788288	done	0.029938	0.0332265600154642	31.350784	done	0.031388	0.03499369099154137	31.453184	done	0.032877	0.035369816003367305	31.461376
svcomp2025-termination-monotone-hulls/loops-crafted-1/Mono3_17a5877.i---hull-1.yml	TIMEOUT	30.85419	30.86663965001935	204.476416	done	0.032373	0.03450046599027701	31.350784	done	0.035105	0.03798331299913116	31.350784	done	0.030435	0.032955399015918374	31.543296
svcomp2025-termination-monotone-hulls/loops-crafted-1/Mono4_1748c2c.i---hull-0.yml	TIMEOUT	30.859454	30.872424767003395	379.437056	done	0.034604	0.03700088997720741	31.641600	done	0.03018	0.032781082001747563	31.346688	done	0.030787	0.033417183003621176	31.461376
svcomp2025-termination-monotone-hulls/loops-crafted-1/Mono4_1748c2c.i---hull-1.yml	TIMEOUT	30.861201	30.874342471011914	377.847808	done	0.030965	0.033320760005153716	31.363072	done	0.031443	0.03372418798971921	31.678464	done	0.032255	0.03507071398780681	31.797248
svcomp2025-termination-monotone-hulls/loops-crafted-1/Mono5_1740664.i---hull-0.yml	TIMEOUT	30.856764	30.869183428003453	263.057408	done	0.036323	0.03933747098199092	31.555584	done	0.029769	0.03195526299532503	31.363072	done	0.040217	0.04271417000563815	31.731712
svcomp2025-termination-monotone-hulls/loops-crafted-1/Mono5_1740664.i---hull-1.yml	TIMEOUT	30.85549	30.868880997993983	262.930432	done	0.030885	0.03398562199436128	31.461376	done	0.041161	0.043942986987531185	31.473664	done	0.031565	0.034314995020395145	31.612928
svcomp2025-termination-monotone-hulls/loops-crafted-1/Mono6_195b3dd.i---hull-0.yml	TIMEOUT	30.854249	30.866587570984848	218.800128	done	0.034827	0.037709402007749304	31.559680	done	0.039034	0.04135360801592469	31.371264	done	0.030572	0.03308845701394603	31.637504
svcomp2025-termination-monotone-hulls/loops-crafted-1/Mono6_195b3dd.i---hull-1.yml	TIMEOUT	30.854995	30.867875583004206	219.136000	done	0.031743	0.03442685099435039	31.457280	done	0.033886	0.03601872199214995	31.649792	done	0.030035	0.03279157399083488	31.719424
svcomp2025-termination-monotone-hulls/loops-crafted-1/loopv353aed8.i---hull-0.yml	TIMEOUT	30.859191	30.87428590899799	512.753664	done	0.0296	0.03153412201208994	31.354880	done	0.029003	0.03146771600586362	31.264768	done	0.029339	0.03208548799739219	31.629312
svcomp2025-termination-monotone-hulls/loops-crafted-1/loopv353aed8.i---hull-1.yml	TIMEOUT	30.859108	30.87377976399148	512.937984	done	0.029949	0.03242372800013982	31.940608	done	0.032664	0.035097954008961096	31.526912	done	0.030912	0.033947935997275636	31.424512
svcomp2025-termination-monotone-hulls/loops-crafted-1/mono-crafted_10a86cbe.i---hull-0.yml	TIMEOUT	30.855407	30.86647086701123	218.710016	done	0.032934	0.035724595974897966	31.600640	done	0.03228	0.03494636798859574	31.379456	done	0.032559	0.03488872299203649	31.633408
svcomp2025-termination-monotone-hulls/loops-crafted-1/mono-crafted_10a86cbe.i---hull-1.yml	TIMEOUT	30.854485	30.866730635985732	218.509312	done	0.031292	0.033888701000250876	31.731712	done	0.031634	0.034436150977853686	31.375360	done	0.032134	0.03462061198661104	31.637504
svcomp2025-termination-monotone-hulls/loops-crafted-1/mono-crafted_11411084.i---hull-0.yml	TIMEOUT	30.853541	30.865979000984225	249.724928	done	0.032247	0.035290835017804056	31.621120	done	0.030222	0.03276410000398755	31.518720	done	0.029472	0.032675314985681325	31.408128
svcomp2025-termination-monotone-hulls/loops-crafted-1/mono-crafted_11411084.i---hull-1.yml	TIMEOUT	30.856256	30.866168863984058	248.680448	done	0.038071	0.04019932702067308	31.457280	done	0.029126	0.031855631998041645	31.260672	done	0.030923	0.03353367999079637	31.416320
svcomp2025-termination-monotone-hulls/loops-crafted-1/mono-crafted_12fa8d2a.i---hull-0.yml	TIMEOUT	30.855295	30.864195853995625	217.649152	done	0.032232	0.034269183001015335	31.735808	done	0.030053	0.032474470004672185	31.588352	done	0.034812	0.03741395997349173	31.637504
svcomp2025-termination-monotone-hulls/loops-crafted-1/mono-crafted_12fa8d2a.i---hull-1.yml	TIMEOUT	30.853988	30.865396281995345	216.780800	done	0.030762	0.03331015899311751	31.477760	done	0.030188	0.032715279987314716	31.506432	done	0.033451	0.036215843982063234	31.637504
svcomp2025-termination-monotone-hulls/loops-crafted-1/mono-crafted_139414f2.i---hull-10.yml	TIMEOUT	30.855968	30.865863325016107	248.832000	done	0.030054	0.03264719300204888	31.477760	done	0.031579	0.03459151301649399	31.387648	done	0.039295	0.04239571499056183	31.645696
svcomp2025-termination-monotone-hulls/loops-crafted-1/mono-crafted_139414f2.i---hull-11.yml	TIMEOUT	30.854423	30.865975207998417	249.057280	done	0.031417	0.03419407398905605	31.473664	done	0.037378	0.03991618502186611	31.526912	done	0.035261	0.037614082015352324	31.760384
svcomp2025-termination-monotone-hulls/loops-crafted-1/mono-crafted_139414f2.i---hull-12.yml	TIMEOUT	30.86027	30.873335833020974	386.174976	done	0.032167	0.034479418012779206	31.715328	done	0.02988	0.032681370998034254	31.420416	done	0.03005	0.032531795994145796	31.711232
svcomp2025-termination-monotone-hulls/loops-crafted-1/mono-crafted_139414f2.i---hull-13.yml	TIMEOUT	30.86169	30.872068331984337	389.455872	done	0.030485	0.0333351620065514	31.559680	done	0.033788	0.03609991699340753	31.481856	done	0.031056	0.03438027200172655	31.764480
svcomp2025-termination-monotone-hulls/loops-crafted-1/mono-crafted_139414f2.i---hull-8.yml	TIMEOUT	30.860333	30.871483819006244	388.739072	done	0.031624	0.03382391601917334	31.457280	done	0.035725	0.03845018899301067	31.363072	done	0.031043	0.03333422201103531	31.633408
svcomp2025-termination-monotone-hulls/loops-crafted-1/mono-crafted_139414f2.i---hull-9.yml	TIMEOUT	30.860504	30.871904013009043	389.341184	done	0.029664	0.032520652981474996	31.444992	done	0.032212	0.035326542012626305	31.612928	done	0.03216	0.03481432801345363	31.621120
svcomp2025-termination-monotone-hulls/loops-crafted-1/mono-crafted_147237ee.i---hull-10.yml	TIMEOUT	30.855748	30.866352656972595	202.502144	done	0.031856	0.03423701398423873	31.375360	done	0.030941	0.033807437983341515	31.576064	done	0.030906	0.034181369992438704	31.555584
svcomp2025-termination-monotone-hulls/loops-crafted-1/mono-crafted_147237ee.i---hull-11.yml	TIMEOUT	30.854001	30.866319174005184	203.415552	done	0.033178	0.035881882009562105	31.629312	done	0.030747	0.033552790991961956	31.719424	done	0.039935	0.04276243600179441	31.457280
svcomp2025-termination-monotone-hulls/loops-crafted-1/mono-crafted_147237ee.i---hull-12.yml	TIMEOUT	30.860537	30.873229185992386	378.167296	done	0.033503	0.03619696598616429	31.444992	done	0.03103	0.03390809000120498	31.444992	done	0.032325	0.03460297599667683	31.449088
svcomp2025-termination-monotone-hulls/loops-crafted-1/mono-crafted_147237ee.i---hull-13.yml	TIMEOUT	30.859238	30.871500367997214	379.392000	done	0.031225	0.03429433700512163	31.363072	done	0.030808	0.03383694801595993	31.457280	done	0.030625	0.03343864899943583	31.453184
svcomp2025-termination-monotone-hulls/loops-crafted-1/mono-crafted_147237ee.i---hull-8.yml	TIMEOUT	30.861805	30.871391985972878	374.988800	done	0.030186	0.032759691006504	31.367168	done	0.030532	0.03289193598902784	31.346688	done	0.0351	0.03782648002379574	31.682560
svcomp2025-termination-monotone-hulls/loops-crafted-1/mono-crafted_147237ee.i---hull-9.yml	TIMEOUT	30.860134	30.871271646989044	377.729024	done	0.034035	0.036338216974399984	31.371264	done	0.032853	0.03594328000326641	31.350784	done	0.030113	0.03226692200405523	31.559680
svcomp2025-termination-monotone-hulls/loops-crafted-1/mono-crafted_17db2a3.i---hull-10.yml	TIMEOUT	30.853828	30.863990700017894	202.244096	done	0.035742	0.03850057299132459	31.817728	done	0.031918	0.034489918005419895	31.350784	done	0.030561	0.033744344022125006	31.727616
svcomp2025-termination-monotone-hulls/loops-crafted-1/mono-crafted_17db2a3.i---hull-11.yml	TIMEOUT	30.855224	30.863898462994257	203.153408	done	0.034639	0.03712378902127966	31.387648	done	0.031998	0.03439384500961751	31.342592	done	0.037942	0.040094267984386533	31.457280
svcomp2025-termination-monotone-hulls/loops-crafted-1/mono-crafted_17db2a3.i---hull-12.yml	TIMEOUT	30.859672	30.870587207988137	375.115776	done	0.029188	0.03221027599647641	31.358976	done	0.03112	0.03400418002274819	31.494144	done	0.032757	0.03483569002128206	31.473664
svcomp2025-termination-monotone-hulls/loops-crafted-1/mono-crafted_17db2a3.i---hull-13.yml	TIMEOUT	30.859724	30.872717803984415	377.131008	done	0.031469	0.03468940802849829	31.375360	done	0.030284	0.03231876701465808	31.338496	done	0.032052	0.03471800300758332	31.465472
svcomp2025-termination-monotone-hulls/loops-crafted-1/mono-crafted_17db2a3.i---hull-8.yml	TIMEOUT	30.859886	30.871485750976717	379.281408	done	0.031101	0.03307061499799602	31.424512	done	0.036516	0.039664065989200026	31.350784	done	0.031835	0.03418094202061184	31.457280
svcomp2025-termination-monotone-hulls/loops-crafted-1/mono-crafted_17db2a3.i---hull-9.yml	TIMEOUT	30.859471	30.872240025986684	379.019264	done	0.031532	0.03408193399081938	31.371264	done	0.030024	0.03313975300989114	31.621120	done	0.033001	0.035790249006822705	31.453184
svcomp2025-termination-monotone-hulls/loops-crafted-1/mono-crafted_3515015.i---hull-10.yml	TIMEOUT	30.854869	30.86455957699218	204.894208	done	0.030192	0.03300385401234962	31.633408	done	0.036285	0.03935277400887571	31.342592	done	0.031543	0.034586572990519926	31.715328
svcomp2025-termination-monotone-hulls/loops-crafted-1/mono-crafted_3515015.i---hull-11.yml	TIMEOUT	30.856145	30.86503356898902	202.153984	done	0.030184	0.03307166902231984	31.391744	done	0.028742	0.031206437008222565	31.346688	done	0.031489	0.03408170200418681	31.453184
svcomp2025-termination-monotone-hulls/loops-crafted-1/mono-crafted_3515015.i---hull-12.yml	TIMEOUT	30.86165	30.871164635987952	375.476224	done	0.028721	0.03204123300383799	31.465472	done	0.029045	0.03156951500568539	31.342592	done	0.034905	0.036972490983316675	31.498240
svcomp2025-termination-monotone-hulls/loops-crafted-1/mono-crafted_3515015.i---hull-13.yml	TIMEOUT	30.85997	30.87097947401344	376.733696	done	0.032511	0.03597512299893424	31.633408	done	0.03406	0.036977417999878526	31.440896	done	0.03016	0.032501218985999	31.514624
svcomp2025-termination-monotone-hulls/loops-crafted-1/mono-crafted_3515015.i---hull-8.yml	TIMEOUT	30.858897	30.871901208010968	375.988224	done	0.030313	0.03292679597507231	31.363072	done	0.037337	0.039556593023007736	31.358976	done	0.030003	0.03256397999939509	31.465472
svcomp2025-termination-monotone-hulls/loops-crafted-1/mono-crafted_3515015.i---hull-9.yml	TIMEOUT	30.859966	30.871917010983452	375.656448	done	0.031689	0.03479771999991499	31.358976	done	0.027767	0.030002854007761925	31.428608	done	0.035043	0.03718003799440339	31.735808
svcomp2025-termination-monotone-hulls/loops-crafted-1/mono-crafted_6bf821a.i---hull-0.yml	TIMEOUT	30.861034	30.87192874099128	404.488192	done	0.03231	0.035114288999466226	31.502336	done	0.031963	0.034823241003323346	31.481856	done	0.031933	0.03472437700838782	31.920128
svcomp2025-termination-monotone-hulls/loops-crafted-1/mono-crafted_6bf821a.i---hull-1.yml	TIMEOUT	30.860372	30.871895785996458	403.312640	done	0.033513	0.03631462299381383	31.756288	done	0.030811	0.03335641499143094	31.727616	done	0.0346	0.03691522200824693	31.870976
svcomp2025-termination-monotone-hulls/loops-crafted-1/mono-crafted_78f6d7d.i---hull-10.yml	TIMEOUT	30.855069	30.863888690975728	202.465280	done	0.030554	0.0332782170153223	31.379456	done	0.030401	0.03356795301078819	31.342592	done	0.032923	0.034962134988745674	31.576064
svcomp2025-termination-monotone-hulls/loops-crafted-1/mono-crafted_78f6d7d.i---hull-11.yml	TIMEOUT	30.854554	30.86430379000376	203.042816	done	0.031	0.03335864801192656	31.584256	done	0.029938	0.032172710984013975	31.350784	done	0.031924	0.034421608987031505	31.756288
svcomp2025-termination-monotone-hulls/loops-crafted-1/mono-crafted_78f6d7d.i---hull-12.yml	TIMEOUT	30.861626	30.871255342004588	376.807424	done	0.033841	0.03567235599621199	31.358976	done	0.028288	0.03162016600253992	31.608832	done	0.030368	0.03331369999796152	31.457280
svcomp2025-termination-monotone-hulls/loops-crafted-1/mono-crafted_78f6d7d.i---hull-13.yml	TIMEOUT	30.860302	30.872371267993003	377.835520	done	0.032358	0.03523724401020445	31.612928	done	0.03132	0.03421283498755656	31.363072	done	0.034423	0.037090751982759684	31.563776
svcomp2025-termination-monotone-hulls/loops-crafted-1/mono-crafted_78f6d7d.i---hull-8.yml	TIMEOUT	30.858815	30.871160842012614	379.256832	done	0.030927	0.03391295700566843	31.461376	done	0.030458	0.03355180998914875	31.768576	done	0.032339	0.03565839500515722	31.453184
svcomp2025-termination-monotone-hulls/loops-crafted-1/mono-crafted_78f6d7d.i---hull-9.yml	TIMEOUT	30.860963	30.87205179099692	378.302464	done	0.032897	0.035857296985341236	31.567872	done	0.030308	0.0333402710093651	31.600640	done	0.029906	0.03224388399394229	31.461376
svcomp2025-termination-monotone-hulls/loops-crafted-1/mono-crafted_8a0c575.i---hull-0.yml	TIMEOUT	30.856716	30.866200543008745	263.262208	done	0.030212	0.03359557400108315	31.461376	done	0.030887	0.03351652299170382	31.797248	done	0.032622	0.03536742698634043	31.727616
svcomp2025-termination-monotone-hulls/loops-crafted-1/mono-crafted_8a0c575.i---hull-1.yml	TIMEOUT	30.855804	30.866502504009986	261.988352	done	0.031531	0.03372058100649156	31.727616	done	0.030847	0.033750267000868917	31.469568	done	0.030519	0.03406896299566142	31.612928
svcomp2025-termination-monotone-hulls/loops-crafted-1/mono-crafted_9ef5a96.i---hull-0.yml	TIMEOUT	30.858989	30.87170575899654	378.564608	done	0.029532	0.03227604599669576	31.379456	done	0.029475	0.03165530500700697	31.342592	done	0.031009	0.03342987099313177	31.567872
svcomp2025-termination-monotone-hulls/loops-crafted-1/mono-crafted_9ef5a96.i---hull-1.yml	TIMEOUT	30.860264	30.871197820000816	380.342272	done	0.031071	0.03398995200404897	31.625216	done	0.031536	0.03457230800995603	31.600640	done	0.031082	0.033717901998898014	31.825920
svcomp2025-termination-monotone-hulls/loops-crafted-1/nested3-1_abstracted286176.i---hull-0.yml	TIMEOUT	30.862568	30.871237501007272	419.389440	done	0.031046	0.033833747991593555	31.760384	done	0.030981	0.032941414014203474	31.801344	done	0.031443	0.034085250983480364	31.645696
svcomp2025-termination-monotone-hulls/loops-crafted-1/nested3-1_abstracted286176.i---hull-1.yml	TIMEOUT	30.860575	30.872055195010034	415.928320	done	0.029499	0.032224191003479064	31.510528	done	0.029981	0.031690570001956075	31.432704	done	0.030196	0.032749631005572155	31.621120
svcomp2025-termination-monotone-hulls/loops-crafted-1/nested3-1_abstracted286176.i---hull-10.yml	TIMEOUT	30.863916	30.87277343898313	430.989312	done	0.029828	0.03300696299993433	31.621120	done	0.030791	0.03339735697954893	31.543296	done	0.03044	0.03374003499629907	31.633408
svcomp2025-termination-monotone-hulls/loops-crafted-1/nested3-1_abstracted286176.i---hull-11.yml	TIMEOUT	30.861015	30.874338944006013	432.398336	done	0.032903	0.0357659209985286	31.793152	done	0.029767	0.032019662990933284	31.444992	done	0.036983	0.04026910100947134	32.047104
svcomp2025-termination-monotone-hulls/loops-crafted-1/nested3-1_abstracted286176.i---hull-14.yml	TIMEOUT	30.860892	30.87376444399706	457.179136	done	0.066001	0.06873563499539159	31.707136	done	0.037762	0.04059628600953147	31.506432	done	0.032627	0.035178079997422174	31.825920
svcomp2025-termination-monotone-hulls/loops-crafted-1/nested3-1_abstracted286176.i---hull-15.yml	TIMEOUT	30.862361	30.87568360500154	462.106624	done	0.0422	0.04492016998119652	31.875072	done	0.030902	0.03360667699598707	31.502336	done	0.031682	0.034161560994107276	31.817728
svcomp2025-termination-monotone-hulls/loops-crafted-1/nested3-1_abstracted286176.i---hull-16.yml	TIMEOUT	30.861738	30.872284945013234	439.955456	done	0.032314	0.035154670011252165	31.580160	done	0.030583	0.033568518003448844	31.543296	done	0.035836	0.038214501983020455	32.079872
svcomp2025-termination-monotone-hulls/loops-crafted-1/nested3-1_abstracted286176.i---hull-17.yml	TIMEOUT	30.864696	30.87348876899341	436.191232	done	0.029973	0.03174123298958875	31.686656	done	0.032682	0.034974131995113567	31.559680	done	0.032488	0.0354090349865146	31.997952
svcomp2025-termination-monotone-hulls/loops-crafted-1/nested3-1_abstracted286176.i---hull-18.yml	TIMEOUT	30.865958	30.876997075014515	468.357120	done	0.032333	0.03560786601155996	31.821824	done	0.030282	0.03285842097830027	31.502336	done	0.030673	0.033509102009702474	31.817728
svcomp2025-termination-monotone-hulls/loops-crafted-1/nested3-1_abstracted286176.i---hull-19.yml	TIMEOUT	30.867564	30.87373547698371	463.319040	done	0.031692	0.03494668801431544	31.879168	done	0.034726	0.037700907996622846	31.506432	done	0.031995	0.03461001001414843	31.830016
svcomp2025-termination-monotone-hulls/loops-crafted-1/nested3-1_abstracted286176.i---hull-8.yml	TIMEOUT	30.865096	30.871310338028707	418.230272	done	0.031795	0.034432097017997876	31.711232	done	0.03257	0.034496927983127534	31.428608	done	0.030272	0.03286106698215008	31.637504
svcomp2025-termination-monotone-hulls/loops-crafted-1/nested3-1_abstracted286176.i---hull-9.yml	TIMEOUT	30.862547	30.87278378600604	418.467840	done	0.031785	0.034849903982831165	31.522816	done	0.033116	0.03570801700698212	31.694848	done	0.03173	0.03434334302437492	31.891456
svcomp2025-termination-monotone-hulls/loops-crafted-1/nested3-1f703fc.i---hull-0.yml	TIMEOUT	30.865686	30.87075153400656	363.544576	done	0.030213	0.032930062006926164	31.272960	done	0.029459	0.03185368198319338	31.211520	done	0.033469	0.035785912012215704	31.346688
svcomp2025-termination-monotone-hulls/loops-crafted-1/nested3-1f703fc.i---hull-1.yml	TIMEOUT	30.861772	30.869655624002917	365.809664	done	0.028642	0.031172549002803862	31.219712	done	0.034588	0.03757224298897199	31.227904	done	0.028826	0.03174071799730882	31.539200
svcomp2025-termination-monotone-hulls/loops-crafted-1/nested3-1f703fc.i---hull-10.yml	TIMEOUT	30.861063	30.869495015998837	362.110976	done	0.033514	0.03607536299386993	31.428608	done	0.031225	0.034820072003640234	31.473664	done	0.035587	0.038003964989911765	31.285248
svcomp2025-termination-monotone-hulls/loops-crafted-1/nested3-1f703fc.i---hull-11.yml	TIMEOUT	30.863623	30.871975916001247	363.155456	done	0.028442	0.0305845930124633	31.232000	done	0.030044	0.03295533498749137	31.215616	done	0.028351	0.0307609329756815	31.383552
svcomp2025-termination-monotone-hulls/loops-crafted-1/nested3-1f703fc.i---hull-14.yml	TIMEOUT	30.862812	30.871278117003385	423.735296	done	0.03029	0.032547007023822516	31.543296	done	0.029227	0.03160873497836292	31.895552	done	0.032797	0.03550924698356539	31.617024
svcomp2025-termination-monotone-hulls/loops-crafted-1/nested3-1f703fc.i---hull-15.yml	TIMEOUT	30.866115	30.871599762002006	420.511744	done	0.03181	0.03474265499971807	31.797248	done	0.03051	0.03312936099246144	31.539200	done	0.030445	0.03280558198457584	31.842304
svcomp2025-termination-monotone-hulls/loops-crafted-1/nested3-1f703fc.i---hull-16.yml	TIMEOUT	30.862128	30.872089662007056	418.160640	done	0.031895	0.03444862601463683	31.506432	done	0.030379	0.03253660400514491	31.539200	done	0.030623	0.03300358698470518	31.592448
svcomp2025-termination-monotone-hulls/loops-crafted-1/nested3-1f703fc.i---hull-17.yml	TIMEOUT	30.865951	30.872196298994822	415.924224	done	0.03241	0.0351410900184419	31.698944	done	0.030451	0.033676303981337696	31.440896	done	0.030383	0.033084035996580496	31.592448
svcomp2025-termination-monotone-hulls/loops-crafted-1/nested3-1f703fc.i---hull-18.yml	TIMEOUT	30.861099	30.87445662499522	401.248256	done	0.030265	0.03297008297522552	31.801344	done	0.028876	0.03187082099611871	31.416320	done	0.032726	0.035525871004210785	31.862784
svcomp2025-termination-monotone-hulls/loops-crafted-1/nested3-1f703fc.i---hull-19.yml	TIMEOUT	30.863335	30.871021787985228	398.024704	done	0.032934	0.03567379497690126	31.797248	done	0.030642	0.033290402992861345	31.440896	done	0.035028	0.03727098199306056	31.858688
svcomp2025-termination-monotone-hulls/loops-crafted-1/nested3-1f703fc.i---hull-26.yml	TIMEOUT	30.863902	30.87414914998226	464.531456	done	0.038358	0.040696490003028885	31.608832	done	0.032297	0.03489967598579824	31.608832	done	0.036534	0.039178923005238175	31.932416
svcomp2025-termination-monotone-hulls/loops-crafted-1/nested3-1f703fc.i---hull-27.yml	TIMEOUT	30.863453	30.874205297994195	467.927040	done	0.030997	0.03341844701208174	31.723520	done	0.033279	0.036321876978036016	31.518720	done	0.030865	0.033049962017685175	31.813632
svcomp2025-termination-monotone-hulls/loops-crafted-1/nested3-1f703fc.i---hull-28.yml	TIMEOUT	30.862381	30.873112506989855	463.814656	done	0.033244	0.035519883007509634	31.580160	done	0.03239	0.035891815001377836	31.789056	done	0.083515	0.0885440839920193	31.969280
svcomp2025-termination-monotone-hulls/loops-crafted-1/nested3-1f703fc.i---hull-29.yml	TIMEOUT	30.865954	30.873294724005973	467.595264	done	0.032383	0.034989299019798636	31.596544	done	0.029993	0.03290317099890672	31.772672	done	0.030251	0.03343362599844113	31.862784
svcomp2025-termination-monotone-hulls/loops-crafted-1/nested3-1f703fc.i---hull-30.yml	TIMEOUT	30.8645	30.874586899997666	469.082112	done	0.03257	0.035511596011929214	31.629312	done	0.030953	0.03349682499538176	31.604736	done	0.033364	0.03535384900169447	31.813632
svcomp2025-termination-monotone-hulls/loops-crafted-1/nested3-1f703fc.i---hull-31.yml	TIMEOUT	30.864991	30.874603191012284	467.832832	done	0.03123	0.03324611802236177	31.657984	done	0.032935	0.035781147016678005	31.494144	done	0.031584	0.03395937601453625	31.809536
svcomp2025-termination-monotone-hulls/loops-crafted-1/nested3-1f703fc.i---hull-8.yml	TIMEOUT	30.862871	30.873137102025794	365.277184	done	0.030345	0.03313882101792842	31.494144	done	0.029075	0.031502550991717726	31.477760	done	0.028836	0.03130410599987954	31.543296
svcomp2025-termination-monotone-hulls/loops-crafted-1/nested3-1f703fc.i---hull-9.yml	TIMEOUT	30.860713	30.870178477984155	365.608960	done	0.03455	0.037874661007663235	31.232000	done	0.031063	0.033361041016178206	31.260672	done	0.035778	0.038209744001505896	31.531008
svcomp2025-termination-monotone-hulls/loops-crafted-1/nested3-249d15e.i---hull-0.yml	TIMEOUT	30.860167	30.871482448012102	365.899776	done	0.028726	0.030951705004554242	31.494144	done	0.029307	0.03184978698845953	31.207424	done	0.029406	0.03188276800210588	31.371264
svcomp2025-termination-monotone-hulls/loops-crafted-1/nested3-249d15e.i---hull-1.yml	TIMEOUT	30.859833	30.869811780023156	366.186496	done	0.030152	0.03309932100819424	31.404032	done	0.031546	0.03402208199258894	31.473664	done	0.029042	0.03190377098508179	31.285248
svcomp2025-termination-monotone-hulls/loops-crafted-1/nested3-249d15e.i---hull-10.yml	TIMEOUT	30.8625	30.87169460399309	362.577920	done	0.028613	0.03125840998836793	31.309824	done	0.035432	0.038718931027688086	31.219712	done	0.030119	0.03252784998039715	31.391744
svcomp2025-termination-monotone-hulls/loops-crafted-1/nested3-249d15e.i---hull-11.yml	TIMEOUT	30.862006	30.87133052299032	363.057152	done	0.032956	0.0357897540088743	31.596544	done	0.034207	0.03691722499206662	31.334400	done	0.029389	0.0319092970166821	31.551488
svcomp2025-termination-monotone-hulls/loops-crafted-1/nested3-249d15e.i---hull-8.yml	TIMEOUT	30.859156	30.86896775299101	364.126208	done	0.035138	0.03841140298754908	31.481856	done	0.02832	0.03155439699185081	31.498240	done	0.027559	0.029757014999631792	31.358976
svcomp2025-termination-monotone-hulls/loops-crafted-1/nested3-249d15e.i---hull-9.yml	TIMEOUT	30.859277	30.869246354995994	365.785088	done	0.029959	0.03241903998423368	31.223808	done	0.030382	0.033620874979533255	31.322112	done	0.030468	0.0337693780020345	31.301632
svcomp2025-termination-monotone-hulls/loops-crafted-1/nested5-1525ede.i---hull-50.yml	TIMEOUT	30.860872	30.87202066698228	487.731200	done	0.031072	0.03388369601452723	31.928320	done	0.031021	0.033690076001221314	31.625216	done	0.032566	0.03501538900309242	32.227328
svcomp2025-termination-monotone-hulls/loops-crafted-1/nested5-1525ede.i---hull-51.yml	TIMEOUT	30.867173	30.875187558995094	486.641664	done	0.031573	0.03424389899009839	31.637504	done	0.031781	0.034389462001854554	31.617024	done	0.031755	0.03462215600302443	31.956992
svcomp2025-termination-monotone-hulls/loops-crafted-1/nested5-1525ede.i---hull-52.yml	TIMEOUT	30.86384	30.870908343989868	476.155904	done	0.032864	0.03564394899876788	31.649792	done	0.030704	0.03459766900050454	31.637504	done	0.030992	0.03381222998723388	32.047104
svcomp2025-termination-monotone-hulls/loops-crafted-1/nested5-1525ede.i---hull-53.yml	TIMEOUT	30.862852	30.87212450199877	476.459008	done	0.031654	0.03401853097602725	31.670272	done	0.036636	0.03942087400355376	31.891456	done	0.031987	0.0344753910030704	32.210944
svcomp2025-termination-monotone-hulls/loops-crafted-1/nested5-1525ede.i---hull-54.yml	TIMEOUT	30.863133	30.87134058601805	485.462016	done	0.031181	0.03353926198906265	31.772672	done	0.030964	0.033509329019580036	32.210944	done	0.031544	0.034571569005493075	31.952896
svcomp2025-termination-monotone-hulls/loops-crafted-1/nested5-1525ede.i---hull-55.yml	TIMEOUT	30.862135	30.87403733798419	487.813120	done	0.036827	0.03977626797859557	31.633408	done	0.03234	0.03533729602349922	31.621120	done	0.031788	0.03446636800072156	32.227328
svcomp2025-termination-monotone-hulls/loops-crafted-1/nested5-233e19e.i---hull-0.yml	TIMEOUT	30.859599	30.87077233401942	365.559808	done	0.029086	0.032303932996001095	31.498240	done	0.030237	0.03301491099409759	31.289344	done	0.028078	0.030667918996186927	31.277056
svcomp2025-termination-monotone-hulls/loops-crafted-1/nested5-233e19e.i---hull-1.yml	TIMEOUT	30.861757	30.872137462021783	365.088768	done	0.029214	0.03193170399754308	31.494144	done	0.033743	0.036325963999843225	31.203328	done	0.028382	0.031184961990220472	31.350784
svcomp2025-termination-monotone-hulls/loops-crafted-1/nested5-233e19e.i---hull-10.yml	TIMEOUT	30.861945	30.870364202011842	363.671552	done	0.028004	0.03063973499229178	31.232000	done	0.029409	0.032029968017013744	31.264768	done	0.030224	0.03272400499554351	31.387648
svcomp2025-termination-monotone-hulls/loops-crafted-1/nested5-233e19e.i---hull-11.yml	TIMEOUT	30.860729	30.86952734098304	362.520576	done	0.029144	0.0319422300090082	31.502336	done	0.027754	0.0303144289937336	31.211520	done	0.031254	0.0336048039898742	31.379456
svcomp2025-termination-monotone-hulls/loops-crafted-1/nested5-233e19e.i---hull-8.yml	TIMEOUT	30.860088	30.86952906701481	364.867584	done	0.029297	0.032150408980669454	31.510528	done	0.028842	0.03177112899720669	31.326208	done	0.035139	0.037733053002739325	31.281152
svcomp2025-termination-monotone-hulls/loops-crafted-1/nested5-233e19e.i---hull-9.yml	TIMEOUT	30.860752	30.87074402300641	366.399488	done	0.028783	0.03163461299845949	31.297536	done	0.030409	0.03266882200841792	31.207424	done	0.030524	0.03290738299256191	31.543296
svcomp2025-termination-monotone-hulls/loops-crafted-1/nested_delay_nd682c52.i---hull-10.yml	TIMEOUT	30.85497	30.863611008011503	177.520640	done	0.033604	0.03568352301954292	31.846400	done	0.031496	0.03410391099168919	31.436800	done	0.032107	0.03497397998580709	31.764480
svcomp2025-termination-monotone-hulls/loops-crafted-1/nested_delay_nd682c52.i---hull-11.yml	TIMEOUT	30.861936	30.87049477500841	176.705536	done	0.030487	0.032723298005294055	31.526912	done	0.031572	0.03451367499656044	31.424512	done	0.03185	0.03409644399653189	31.752192
svcomp2025-termination-monotone-hulls/loops-crafted-1/nested_delay_nd682c52.i---hull-14.yml	TIMEOUT	30.856582	30.86462169000879	205.803520	done	0.053826	0.056478209007764235	32.817152	done	0.038552	0.041569986002286896	32.448512	done	0.055501	0.0587661890021991	33.497088
svcomp2025-termination-monotone-hulls/loops-crafted-1/nested_delay_nd682c52.i---hull-15.yml	TIMEOUT	30.856054	30.864869499986526	205.848576	done	0.046709	0.04931714301346801	32.632832	done	0.039671	0.04207684801076539	32.509952	done	0.063911	0.0667193699919153	33.353728
svcomp2025-termination-monotone-hulls/loops-crafted-1/nested_delay_nd682c52.i---hull-18.yml	TIMEOUT	30.863908	30.871665600978304	266.969088	done	0.047581	0.05040716999792494	32.919552	done	0.044769	0.046896932006347924	32.391168	done	0.054311	0.056739615014521405	33.337344
svcomp2025-termination-monotone-hulls/loops-crafted-1/nested_delay_nd682c52.i---hull-19.yml	TIMEOUT	30.870992	30.878352809988428	291.954688	done	0.046907	0.04953026300063357	32.825344	done	0.044632	0.047609928995370865	32.378880	done	0.055934	0.05828719597775489	33.325056
svcomp2025-termination-monotone-hulls/loops-crafted-1/nested_delay_nd682c52.i---hull-22.yml	TIMEOUT	30.862377	30.869704973010812	448.622592	done	0.0498	0.052935818006517366	32.796672	done	0.037848	0.04054138399078511	32.374784	done	0.061699	0.06456980301300064	33.861632
svcomp2025-termination-monotone-hulls/loops-crafted-1/nested_delay_nd682c52.i---hull-23.yml	TIMEOUT	30.863959	30.871926966996398	448.512000	done	0.048232	0.051316070021130145	32.845824	done	0.071644	0.07427358999848366	32.362496	done	0.054951	0.057054120989050716	33.488896
svcomp2025-termination-monotone-hulls/loops-crafted-1/nested_delay_nd682c52.i---hull-8.yml	TIMEOUT	30.852837	30.862690952024423	167.796736	done	0.03173	0.03393911800230853	31.526912	done	0.034273	0.037280555989127606	31.408128	done	0.033503	0.03633010300109163	32.014336
svcomp2025-termination-monotone-hulls/loops-crafted-1/nested_delay_nd682c52.i---hull-9.yml	TIMEOUT	30.854574	30.862989059998654	168.046592	done	0.038887	0.04134779699961655	31.539200	done	0.031666	0.03475807499489747	31.776768	done	0.034877	0.03731082699960098	31.731712
svcomp2025-termination-monotone-hulls/loops-crafted-1/sum_natnum540f4b.i---hull-0.yml	TIMEOUT	30.860599	30.87428333700518	417.456128	done	0.030701	0.03348418799578212	31.334400	done	0.029089	0.03196499799378216	31.322112	done	0.029542	0.03192823100835085	31.653888
svcomp2025-termination-monotone-hulls/loops-crafted-1/sum_natnum540f4b.i---hull-1.yml	TIMEOUT	30.862894	30.87138467398472	415.293440	done	0.031178	0.03294657898368314	31.510528	done	0.028564	0.03124889000901021	31.346688	done	0.030241	0.0332562790135853	31.604736
svcomp2025-termination-monotone-hulls/loops-crafted-1/sum_natnum540f4b.i---hull-2.yml	TIMEOUT	30.863567	30.875796688022092	423.145472	done	0.03091	0.033692755008814856	31.424512	done	0.031483	0.034402101999148726	31.268864	done	0.030345	0.03295223999884911	31.465472
svcomp2025-termination-monotone-hulls/loops-crafted-1/sum_natnum540f4b.i---hull-3.yml	TIMEOUT	30.86113	30.873658633994637	423.784448	done	0.029714	0.03221040798234753	31.318016	done	0.028769	0.03137584202340804	31.256576	done	0.036429	0.039136129984399304	31.440896
svcomp2025-termination-monotone-hulls/loop-simple/deep-nestedc8b2c7.i---hull-0.yml	TIMEOUT	30.855552	30.8638923150138	206.381056	done	0.038626	0.04097306399489753	32.333824	done	0.03333	0.036747853009728715	31.715328	done	0.035849	0.03862685599597171	32.444416
svcomp2025-termination-monotone-hulls/loop-simple/deep-nestedc8b2c7.i---hull-1.yml	TIMEOUT	30.855087	30.863885216997005	207.360000	done	0.04273	0.04498124701785855	32.350208	done	0.036176	0.03906111398828216	31.907840	done	0.037725	0.04046434402698651	32.313344
svcomp2025-termination-monotone-hulls/loop-simple/deep-nestedc8b2c7.i---hull-14.yml	TIMEOUT	30.859939	30.873938280012226	443.908096	done	0.033139	0.03588995902100578	31.911936	done	0.029738	0.03299798400257714	31.555584	done	0.031327	0.03404818402486853	31.821824
svcomp2025-termination-monotone-hulls/loop-simple/deep-nestedc8b2c7.i---hull-15.yml	TIMEOUT	30.862286	30.873669533990324	442.822656	done	0.032038	0.03445564297726378	31.547392	done	0.031028	0.03381897299550474	31.703040	done	0.032065	0.034733068983769044	31.727616
svcomp2025-termination-monotone-hulls/loop-simple/deep-nestedc8b2c7.i---hull-16.yml	TIMEOUT	30.860766	30.874171917996136	437.739520	done	0.030382	0.033431850984925404	31.559680	done	0.030857	0.03343036302248947	31.481856	done	0.031311	0.033780730998842046	32.002048
svcomp2025-termination-monotone-hulls/loop-simple/deep-nestedc8b2c7.i---hull-17.yml	TIMEOUT	30.862192	30.870303969975794	436.297728	done	0.031325	0.03331515000900254	31.719424	done	0.030647	0.03323147399351001	31.477760	done	0.032146	0.03522724998765625	32.018432
svcomp2025-termination-monotone-hulls/loop-simple/deep-nestedc8b2c7.i---hull-18.yml	TIMEOUT	30.861494	30.872703870991245	452.481024	done	0.03108	0.03395732899662107	31.571968	done	0.035407	0.038741751021007076	31.449088	done	0.030681	0.03330127100343816	31.723520
svcomp2025-termination-monotone-hulls/loop-simple/deep-nestedc8b2c7.i---hull-19.yml	TIMEOUT	30.861579	30.873948866996216	452.718592	done	0.040139	0.04300518301897682	31.555584	done	0.030392	0.032983832992613316	31.539200	done	0.032181	0.03426919301273301	32.108544
svcomp2025-termination-monotone-hulls/loop-simple/deep-nestedc8b2c7.i---hull-26.yml	TIMEOUT	30.862153	30.873667159990873	492.638208	done	0.031679	0.0344133070029784	31.682560	done	0.034245	0.03660456498619169	31.473664	done	0.037693	0.04132262701750733	31.776768
svcomp2025-termination-monotone-hulls/loop-simple/deep-nestedc8b2c7.i---hull-27.yml	TIMEOUT	30.862445	30.87487799100927	481.505280	done	0.030749	0.03353449099813588	31.662080	done	0.038448	0.040460357995470986	31.457280	done	0.035505	0.03756342999986373	31.838208
svcomp2025-termination-monotone-hulls/loop-simple/deep-nestedc8b2c7.i---hull-28.yml	TIMEOUT	30.859274	30.874523098987993	469.975040	done	0.037553	0.03985305700916797	31.608832	done	0.032374	0.035196901008021086	31.490048	done	0.031114	0.03406064899172634	31.813632
svcomp2025-termination-monotone-hulls/loop-simple/deep-nestedc8b2c7.i---hull-29.yml	TIMEOUT	30.862005	30.875767724006437	467.525632	done	0.032406	0.034830249001970515	31.596544	done	0.030131	0.03260433400282636	31.535104	done	0.032338	0.034837360988603905	31.821824
svcomp2025-termination-monotone-hulls/loop-simple/deep-nestedc8b2c7.i---hull-30.yml	TIMEOUT	30.861403	30.87527327699354	488.640512	done	0.030152	0.032552363991271704	31.637504	done	0.02989	0.03249228998902254	31.457280	done	0.037877	0.04068522801389918	32.051200
svcomp2025-termination-monotone-hulls/loop-simple/deep-nestedc8b2c7.i---hull-31.yml	TIMEOUT	30.859868	30.874838804011233	491.540480	done	0.031526	0.0341330940136686	31.563776	done	0.037023	0.03987953800242394	32.587776	done	0.031484	0.03442494201590307	31.797248
svcomp2025-termination-monotone-hulls/loop-simple/deep-nestedc8b2c7.i---hull-38.yml	TIMEOUT	30.859324	30.87341542801005	458.096640	done	0.033872	0.03704535201541148	31.580160	done	0.031787	0.03452404300333001	31.600640	done	0.033898	0.03640082597848959	32.157696
svcomp2025-termination-monotone-hulls/loop-simple/deep-nestedc8b2c7.i---hull-39.yml	TIMEOUT	30.859067	30.87422232699464	460.894208	done	0.03334	0.03620630400837399	31.846400	done	0.030925	0.03351018100511283	31.760384	done	0.033034	0.03583121599513106	32.129024
svcomp2025-termination-monotone-hulls/loop-simple/deep-nestedc8b2c7.i---hull-40.yml	TIMEOUT	30.864058	30.876871293003205	456.466432	done	0.031709	0.034145359008107334	31.612928	done	0.03063	0.03316505198017694	31.825920	done	0.03164	0.03435506499954499	32.219136
svcomp2025-termination-monotone-hulls/loop-simple/deep-nestedc8b2c7.i---hull-41.yml	TIMEOUT	30.862946	30.874374856008217	455.172096	done	0.032883	0.035152881988324225	31.604736	done	0.035777	0.03895139999804087	31.862784	done	0.031364	0.034474317013518885	32.145408
svcomp2025-termination-monotone-hulls/loop-simple/deep-nestedc8b2c7.i---hull-42.yml	TIMEOUT	30.859801	30.87494579597842	457.027584	done	0.032753	0.035051793995080516	31.571968	done	0.031539	0.033914460975211114	31.662080	done	0.03208	0.03466979201766662	31.875072
svcomp2025-termination-monotone-hulls/loop-simple/deep-nestedc8b2c7.i---hull-43.yml	TIMEOUT	30.862313	30.873203821014613	458.375168	done	0.035251	0.038010758988093585	31.670272	done	0.030859	0.03350115500506945	31.764480	done	0.031232	0.03426064600353129	31.870976
svcomp2025-termination-monotone-hulls/loop-simple/deep-nestedc8b2c7.i---hull-50.yml	TIMEOUT	30.863226	30.875154537003255	486.682624	done	0.031786	0.03452264898805879	31.887360	done	0.031496	0.03401836397824809	31.588352	done	0.037375	0.0396345829940401	32.288768
svcomp2025-termination-monotone-hulls/loop-simple/deep-nestedc8b2c7.i---hull-51.yml	TIMEOUT	30.864618	30.875108656997327	487.010304	done	0.032181	0.03517291200114414	31.612928	done	0.029902	0.03267802999471314	31.600640	done	0.035262	0.038283930014586076	32.260096
svcomp2025-termination-monotone-hulls/loop-simple/deep-nestedc8b2c7.i---hull-52.yml	TIMEOUT	30.861249	30.873634863004554	483.471360	done	0.031187	0.03317287299432792	31.653888	done	0.035507	0.03804743700311519	31.629312	done	0.031915	0.03564690801431425	32.063488
svcomp2025-termination-monotone-hulls/loop-simple/deep-nestedc8b2c7.i---hull-53.yml	TIMEOUT	30.863065	30.874825449980563	473.911296	done	0.030847	0.03329944299184717	31.690752	done	0.032734	0.03552933799801394	31.903744	done	0.031574	0.034576098987599835	31.969280
svcomp2025-termination-monotone-hulls/loop-simple/deep-nestedc8b2c7.i---hull-54.yml	TIMEOUT	30.863573	30.874529763997998	487.251968	done	0.06622	0.06918622300145216	31.625216	done	0.031741	0.03463519999058917	31.846400	done	0.031256	0.0340868629864417	31.944704
svcomp2025-termination-monotone-hulls/loop-simple/deep-nestedc8b2c7.i---hull-55.yml	TIMEOUT	30.870172	30.88231218600413	491.102208	done	0.033795	0.036011483025504276	31.633408	done	0.030385	0.03261978898080997	31.838208	done	0.033869	0.03677107498515397	32.002048
svcomp2025-termination-monotone-hulls/loop-simple/deep-nestedc8b2c7.i---hull-8.yml	TIMEOUT	30.853488	30.865869381988887	196.661248	done	0.042213	0.04539949499303475	32.034816	done	0.033519	0.03599830897292122	31.653888	done	0.033489	0.03570510301506147	32.333824
svcomp2025-termination-monotone-hulls/loop-simple/deep-nestedc8b2c7.i---hull-9.yml	TIMEOUT	30.853933	30.8653928769927	195.207168	done	0.045229	0.047894632996758446	32.301056	done	0.0432	0.045474732003640383	31.662080	done	0.033	0.03549777698935941	32.067584
