tool	Projection of integer hull 1.0	Projection of integer hull 1.0	Projection of integer hull 1.0	Projection of integer hull 1.0	Projection of integer hull 1.0	Projection of integer hull 1.0	Projection of integer hull 1.0	Projection of integer hull 1.0	Projection of integer hull 1.0	Projection of integer hull 1.0	Projection of integer hull 1.0	Projection of integer hull 1.0	Projection of integer hull 1.0	Projection of integer hull 1.0	Projection of integer hull 1.0	Projection of integer hull 1.0
run set	[lira-convex-hull-pc-lplh.cra-monotone-svcomp-integralized; lira-convex-hull-pc-lplh.termination-monotone-svcomp-integralized]	[lira-convex-hull-pc-lplh.cra-monotone-svcomp-integralized; lira-convex-hull-pc-lplh.termination-monotone-svcomp-integralized]	[lira-convex-hull-pc-lplh.cra-monotone-svcomp-integralized; lira-convex-hull-pc-lplh.termination-monotone-svcomp-integralized]	[lira-convex-hull-pc-lplh.cra-monotone-svcomp-integralized; lira-convex-hull-pc-lplh.termination-monotone-svcomp-integralized]	[lia-convex-hull-lia-lplh.cra-monotone-svcomp-integralized; lia-convex-hull-lia-lplh.termination-monotone-svcomp-integralized]	[lia-convex-hull-lia-lplh.cra-monotone-svcomp-integralized; lia-convex-hull-lia-lplh.termination-monotone-svcomp-integralized]	[lia-convex-hull-lia-lplh.cra-monotone-svcomp-integralized; lia-convex-hull-lia-lplh.termination-monotone-svcomp-integralized]	[lia-convex-hull-lia-lplh.cra-monotone-svcomp-integralized; lia-convex-hull-lia-lplh.termination-monotone-svcomp-integralized]	[lia-convex-hull-hull-then-project-gc.cra-monotone-svcomp-integralized; lia-convex-hull-hull-then-project-gc.termination-monotone-svcomp-integralized]	[lia-convex-hull-hull-then-project-gc.cra-monotone-svcomp-integralized; lia-convex-hull-hull-then-project-gc.termination-monotone-svcomp-integralized]	[lia-convex-hull-hull-then-project-gc.cra-monotone-svcomp-integralized; lia-convex-hull-hull-then-project-gc.termination-monotone-svcomp-integralized]	[lia-convex-hull-hull-then-project-gc.cra-monotone-svcomp-integralized; lia-convex-hull-hull-then-project-gc.termination-monotone-svcomp-integralized]	[lira-convex-hull-pc.cra-monotone-svcomp-integralized; lira-convex-hull-pc.termination-monotone-svcomp-integralized]	[lira-convex-hull-pc.cra-monotone-svcomp-integralized; lira-convex-hull-pc.termination-monotone-svcomp-integralized]	[lira-convex-hull-pc.cra-monotone-svcomp-integralized; lira-convex-hull-pc.termination-monotone-svcomp-integralized]	[lira-convex-hull-pc.cra-monotone-svcomp-integralized; lira-convex-hull-pc.termination-monotone-svcomp-integralized]
/home/diagram/src/research/projects/duet/bench-nk-local-abstraction-popl-2025/filtered-popl-results/tasks/svcomp-2025/	status	cputime (s)	walltime (s)	memory (MB)	status	cputime (s)	walltime (s)	memory (MB)	status	cputime (s)	walltime (s)	memory (MB)	status	cputime (s)	walltime (s)	memory (MB)
svcomp2025-cra-monotone-hulls-integralized/loops/compact12196a.i---hull-10_integralized.yml	done	0.03102	0.0336045199946966	31.350784	done	0.027153	0.029778429001453333	31.227904	done	0.026327	0.028784171998267993	31.301632	TIMEOUT	30.856425	30.873079306002182	422.268928
svcomp2025-cra-monotone-hulls-integralized/loops/compact12196a.i---hull-11_integralized.yml	done	0.02651	0.029256257985252887	31.232000	done	0.028299	0.030954518995713443	31.485952	done	0.031155	0.033715048994054087	31.285248	TIMEOUT	30.859191	30.87496717999602	422.735872
svcomp2025-cra-monotone-hulls-integralized/loops/compact12196a.i---hull-2_integralized.yml	done	0.028791	0.03088031499646604	31.539200	done	0.027743	0.03063964100147132	31.371264	done	0.026706	0.029285750999406446	31.461376	TIMEOUT	30.861825	30.872800295997877	430.977024
svcomp2025-cra-monotone-hulls-integralized/loops/compact12196a.i---hull-3_integralized.yml	done	0.026987	0.029244007979286835	31.268864	done	0.031203	0.03352526299568126	31.252480	done	0.025695	0.028352310000627767	31.387648	TIMEOUT	30.862951	30.873870898998575	423.510016
svcomp2025-cra-monotone-hulls-integralized/loops/compact12196a.i---hull-4_integralized.yml	done	0.027351	0.02948509098496288	31.272960	done	0.027188	0.029729604997555725	31.277056	done	0.026715	0.029459337994921952	31.567872	TIMEOUT	30.861203	30.874883416996454	427.999232
svcomp2025-cra-monotone-hulls-integralized/loops/compact12196a.i---hull-5_integralized.yml	done	0.027256	0.029753663984593004	31.522816	done	0.02775	0.030427603000134695	31.268864	done	0.028143	0.030561312996724155	31.838208	TIMEOUT	30.86271	30.873891709001327	429.408256
svcomp2025-cra-monotone-hulls-integralized/loops/compact12196a.i---hull-8_integralized.yml	done	0.03107	0.03314233201672323	31.338496	done	0.025828	0.028589503999683075	31.326208	done	0.026135	0.028266031004022807	31.285248	TIMEOUT	30.862292	30.87390256299841	421.773312
svcomp2025-cra-monotone-hulls-integralized/loops/compact12196a.i---hull-9_integralized.yml	done	0.028284	0.03063207698869519	31.608832	done	0.02739	0.03011215200240258	31.227904	done	0.026595	0.02913627199450275	31.293440	TIMEOUT	30.859383	30.874084588998812	420.323328
svcomp2025-cra-monotone-hulls-integralized/loops/heavy-1458510.i---hull-10_integralized.yml	done	0.032277	0.034779551991960034	31.494144	done	0.029272	0.03204924400051823	31.518720	done	0.029019	0.031805366998014506	31.809536	TIMEOUT	30.862093	30.876891097002954	476.782592
svcomp2025-cra-monotone-hulls-integralized/loops/heavy-1458510.i---hull-11_integralized.yml	done	0.03087	0.03329377400223166	31.498240	done	0.029131	0.031848278995312285	31.510528	done	0.028267	0.030267396003182512	31.805440	TIMEOUT	30.86415	30.87538255000254	473.305088
svcomp2025-cra-monotone-hulls-integralized/loops/heavy-1458510.i---hull-14_integralized.yml	done	0.027864	0.03013763698982075	31.809536	done	0.029116	0.03108803299983265	31.617024	done	0.028991	0.03193559299688786	31.936512	TIMEOUT	30.863273	30.87565311400249	512.053248
svcomp2025-cra-monotone-hulls-integralized/loops/heavy-1458510.i---hull-15_integralized.yml	done	0.032165	0.034638068987987936	31.543296	done	0.035231	0.03821145000256365	31.522816	done	0.034585	0.03672779900080059	31.944704	TIMEOUT	30.85961	30.877062571998977	516.325376
svcomp2025-cra-monotone-hulls-integralized/loops/heavy-1458510.i---hull-16_integralized.yml	done	0.030952	0.03313493198947981	31.875072	done	0.028333	0.031233246001647785	31.567872	done	0.02902	0.03082876199914608	31.965184	TIMEOUT	30.861022	30.877859824999177	522.047488
svcomp2025-cra-monotone-hulls-integralized/loops/heavy-1458510.i---hull-17_integralized.yml	done	0.028629	0.03109636000590399	31.563776	done	0.02879	0.03154874099709559	31.944704	done	0.031656	0.03375827499985462	31.981568	TIMEOUT	30.865805	30.8791015099996	519.970816
svcomp2025-cra-monotone-hulls-integralized/loops/heavy-1458510.i---hull-2_integralized.yml	done	0.034434	0.037242304999381304	31.453184	done	0.030746	0.03356339200399816	31.420416	done	0.028146	0.03041669799858937	31.600640	TIMEOUT	30.86367	30.876422075998562	472.584192
svcomp2025-cra-monotone-hulls-integralized/loops/heavy-1458510.i---hull-3_integralized.yml	done	0.028416	0.030799013999057934	31.465472	done	0.035443	0.03842917900328757	31.420416	done	0.027987	0.030381295997358393	31.596544	TIMEOUT	30.861091	30.877116591997037	474.947584
svcomp2025-cra-monotone-hulls-integralized/loops/heavy-1458510.i---hull-4_integralized.yml	done	0.027771	0.03012795199174434	31.453184	done	0.028454	0.03163524000410689	31.657984	done	0.029394	0.031976426995242946	31.707136	TIMEOUT	30.862327	30.87875248199998	476.708864
svcomp2025-cra-monotone-hulls-integralized/loops/heavy-1458510.i---hull-5_integralized.yml	done	0.029299	0.03138118700007908	31.453184	done	0.028471	0.03161588599323295	31.412224	done	0.028611	0.03084905300056562	31.703040	TIMEOUT	30.861968	30.877138997006114	481.325056
svcomp2025-cra-monotone-hulls-integralized/loops/heavy-1458510.i---hull-8_integralized.yml	done	0.029512	0.03141799898003228	31.698944	done	0.031934	0.03440153300471138	31.756288	done	0.028577	0.030739419999008533	32.083968	TIMEOUT	30.863134	30.87959859699913	495.996928
svcomp2025-cra-monotone-hulls-integralized/loops/heavy-1458510.i---hull-9_integralized.yml	done	0.028408	0.03122480001184158	31.555584	done	0.028945	0.030813793004199397	31.498240	done	0.030487	0.03288741599681089	32.014336	TIMEOUT	30.864269	30.876761355997587	490.700800
svcomp2025-cra-monotone-hulls-integralized/loops/heavy-27a5a05.i---hull-10_integralized.yml	done	0.027979	0.030604900006437674	31.498240	done	0.028329	0.030778951004322153	31.502336	done	0.029757	0.03220561800117139	32.038912	TIMEOUT	30.865612	30.876919782000186	472.145920
svcomp2025-cra-monotone-hulls-integralized/loops/heavy-27a5a05.i---hull-11_integralized.yml	done	0.029548	0.031757675984408706	31.490048	done	0.02693	0.02867818599770544	31.506432	done	0.029588	0.03175753600226017	32.006144	TIMEOUT	30.862922	30.877742482996837	476.418048
svcomp2025-cra-monotone-hulls-integralized/loops/heavy-27a5a05.i---hull-14_integralized.yml	done	0.032649	0.03439481201348826	31.559680	done	0.028244	0.030647874002170283	31.514624	done	0.041693	0.04420106200268492	31.952896	TIMEOUT	30.860358	30.87709290899511	515.731456
svcomp2025-cra-monotone-hulls-integralized/loops/heavy-27a5a05.i---hull-15_integralized.yml	done	0.030319	0.03214091598056257	31.850496	done	0.030013	0.03314110900100786	31.539200	done	0.032188	0.03438580200599972	32.169984	TIMEOUT	30.862222	30.875122227997053	512.659456
svcomp2025-cra-monotone-hulls-integralized/loops/heavy-27a5a05.i---hull-16_integralized.yml	done	0.029466	0.03158307902049273	31.686656	done	0.029864	0.031782806996488944	31.657984	done	0.032204	0.03433142699941527	31.961088	TIMEOUT	30.866251	30.879669453999668	521.797632
svcomp2025-cra-monotone-hulls-integralized/loops/heavy-27a5a05.i---hull-17_integralized.yml	done	0.029048	0.031253655994078144	31.567872	done	0.027925	0.03070040899910964	31.563776	done	0.029172	0.0320403739970061	31.961088	TIMEOUT	30.867599	30.884851820999756	521.293824
svcomp2025-cra-monotone-hulls-integralized/loops/heavy-27a5a05.i---hull-2_integralized.yml	done	0.031601	0.033956302009755746	31.469568	done	0.026752	0.029091953998431563	31.490048	done	0.028158	0.03107591399748344	31.608832	TIMEOUT	30.860774	30.878669587997138	474.939392
svcomp2025-cra-monotone-hulls-integralized/loops/heavy-27a5a05.i---hull-3_integralized.yml	done	0.029337	0.03235022001899779	31.473664	done	0.02829	0.030497394000121858	31.662080	done	0.037863	0.04083018800156424	31.600640	TIMEOUT	30.863169	30.878794961994572	475.496448
svcomp2025-cra-monotone-hulls-integralized/loops/heavy-27a5a05.i---hull-4_integralized.yml	done	0.028605	0.03118812502361834	31.449088	done	0.028942	0.030985507000877988	31.412224	done	0.028563	0.03128050299710594	31.584256	TIMEOUT	30.862309	30.87913863400172	477.294592
svcomp2025-cra-monotone-hulls-integralized/loops/heavy-27a5a05.i---hull-5_integralized.yml	done	0.028396	0.03090423098183237	31.449088	done	0.029137	0.0319432929973118	31.662080	done	0.033449	0.036530529003357515	31.989760	TIMEOUT	30.8603	30.877183641001466	478.789632
svcomp2025-cra-monotone-hulls-integralized/loops/heavy-27a5a05.i---hull-8_integralized.yml	done	0.028904	0.030895086005330086	31.490048	done	0.029629	0.031630031000531744	31.510528	done	0.029636	0.03255880299548153	31.825920	TIMEOUT	30.863593	30.876961351001228	490.110976
svcomp2025-cra-monotone-hulls-integralized/loops/heavy-27a5a05.i---hull-9_integralized.yml	done	0.032193	0.035030589991947636	31.498240	done	0.028416	0.03107418199942913	31.506432	done	0.0296	0.03230089999851771	32.092160	TIMEOUT	30.864229	30.879796701003215	494.432256
svcomp2025-cra-monotone-hulls-integralized/loops/n.c24267f0e.i---hull-14_integralized.yml	done	0.039794	0.0423541679920163	32.907264	done	0.036236	0.038474435001262464	32.940032	done	0.050643	0.053667431995563675	37.253120	done	6.40897	6.415136127005098	85.786624
svcomp2025-cra-monotone-hulls-integralized/loops/n.c24267f0e.i---hull-15_integralized.yml	done	0.038938	0.04143930098507553	32.907264	done	0.033698	0.037065027994685806	32.727040	done	0.052612	0.05519474000175251	37.142528	done	6.655119	6.659627618995728	85.778432
svcomp2025-cra-monotone-hulls-integralized/loops/n.c24267f0e.i---hull-16_integralized.yml	done	0.049079	0.05098369700135663	33.300480	done	0.040034	0.043138811000972055	33.173504	done	0.074811	0.07742583399522118	41.517056	done	6.898779	6.904039573004411	84.742144
svcomp2025-cra-monotone-hulls-integralized/loops/n.c24267f0e.i---hull-17_integralized.yml	done	0.054564	0.05686707500717603	33.378304	done	0.038045	0.040492975000233855	32.944128	done	0.071794	0.0738405709998915	41.406464	done	6.592319	6.598056468996219	84.680704
svcomp2025-cra-monotone-hulls-integralized/loop-acceleration/array_2-1-simple8d22f8.i---hull-10_integralized.yml	done	0.027517	0.030062772013479844	31.432704	done	0.04394	0.048280864000844304	31.662080	done	0.031478	0.033990948999417014	31.588352	done	1.052026	1.0549647910011117	64.917504
svcomp2025-cra-monotone-hulls-integralized/loop-acceleration/array_2-1-simple8d22f8.i---hull-14_integralized.yml	done	0.03435	0.03682995101553388	31.457280	done	0.036266	0.038499152004078496	31.363072	done	0.031461	0.034613511998031754	31.662080	done	1.004551	1.0091112809968763	65.253376
svcomp2025-cra-monotone-hulls-integralized/loop-acceleration/array_2-1-simple8d22f8.i---hull-15_integralized.yml	done	0.028448	0.031221362994983792	31.678464	done	0.029279	0.03195588599919574	31.367168	done	0.032375	0.03493828300270252	31.735808	done	1.00066	1.004196267000225	65.454080
svcomp2025-cra-monotone-hulls-integralized/loop-acceleration/array_2-1-simple8d22f8.i---hull-16_integralized.yml	done	0.02933	0.03195097198477015	31.436800	done	0.029064	0.03146218899928499	31.391744	done	0.030254	0.03333032599766739	31.592448	done	1.047698	1.0516517599971849	65.212416
svcomp2025-cra-monotone-hulls-integralized/loop-acceleration/array_2-1-simple8d22f8.i---hull-2_integralized.yml	done	0.029124	0.03120842299540527	31.444992	done	0.027851	0.030369154999789316	31.502336	done	0.034521	0.037447119000717066	31.621120	done	1.477038	1.4798743420033134	64.651264
svcomp2025-cra-monotone-hulls-integralized/loop-acceleration/array_2-1-simple8d22f8.i---hull-3_integralized.yml	done	0.028928	0.031354625010862947	31.711232	done	0.028756	0.031170608002867084	31.657984	done	0.035173	0.038370387999748345	31.723520	done	1.549297	1.5537705530005042	64.299008
svcomp2025-cra-monotone-hulls-integralized/loop-acceleration/array_2-1-simple8d22f8.i---hull-8_integralized.yml	done	0.028461	0.03099730599205941	31.682560	done	0.028494	0.03040661300474312	31.449088	done	0.035615	0.037984863003657665	31.559680	done	1.094343	1.09710451799765	65.441792
svcomp2025-cra-monotone-hulls-integralized/loop-acceleration/array_2-1-simple8d22f8.i---hull-9_integralized.yml	done	0.028161	0.03108185500605032	31.461376	done	0.027979	0.031124287001148332	31.371264	done	0.033887	0.03681012900051428	31.580160	done	1.0891	1.0918110200000228	65.609728
svcomp2025-cra-monotone-hulls-integralized/loop-acceleration/array_2-2-simple98c324.i---hull-14_integralized.yml	done	0.029729	0.032612701994366944	31.522816	done	0.028432	0.03131271500024013	31.391744	done	0.029645	0.03195165299985092	31.559680	done	1.007627	1.0111700709967408	65.277952
svcomp2025-cra-monotone-hulls-integralized/loop-acceleration/array_2-2-simple98c324.i---hull-15_integralized.yml	done	0.030064	0.03267861399217509	31.531008	done	0.027727	0.030686776000948157	31.428608	done	0.03214	0.03405932299938286	31.674368	done	1.079464	1.0826905819994863	65.224704
svcomp2025-cra-monotone-hulls-integralized/loop-acceleration/array_2-2-simple98c324.i---hull-2_integralized.yml	done	0.028876	0.03183786099543795	31.707136	done	0.034188	0.036963976999686565	31.571968	done	0.028812	0.031088588999409694	31.604736	done	1.545156	1.5486318339972058	64.299008
svcomp2025-cra-monotone-hulls-integralized/loop-acceleration/array_2-2-simple98c324.i---hull-3_integralized.yml	done	0.028279	0.0313740239944309	31.449088	done	0.027832	0.030205112998373806	31.784960	done	0.030073	0.03296031900390517	31.612928	done	1.486405	1.4899504269997124	64.299008
svcomp2025-cra-monotone-hulls-integralized/loop-acceleration/array_2-2-simple98c324.i---hull-8_integralized.yml	done	0.029103	0.03126690202043392	31.637504	done	0.027418	0.02962342699902365	31.399936	done	0.030839	0.033532965993799735	31.567872	done	1.034611	1.0374957199965138	65.343488
svcomp2025-cra-monotone-hulls-integralized/loop-acceleration/array_2-2-simple98c324.i---hull-9_integralized.yml	done	0.030143	0.03266503399936482	31.674368	done	0.027947	0.030925763996492606	31.649792	done	0.028627	0.03202892899571452	31.571968	done	1.070482	1.0737678939985926	65.679360
svcomp2025-cra-monotone-hulls-integralized/loop-acceleration/functions_1-1f961c6.i---hull-2_integralized.yml	done	0.031134	0.03330560598988086	31.645696	done	0.029059	0.032152940999367274	31.481856	done	0.0311	0.0333435249995091	32.174080	TIMEOUT	30.863933	30.87508396699559	565.641216
svcomp2025-cra-monotone-hulls-integralized/loop-acceleration/functions_1-1f961c6.i---hull-3_integralized.yml	done	0.029769	0.031843870994634926	31.531008	done	0.03409	0.03672118699614657	31.494144	done	0.033196	0.036049381000339054	32.288768	TIMEOUT	30.864214	30.87598035499832	565.473280
svcomp2025-cra-monotone-hulls-integralized/loop-acceleration/functions_1-1f961c6.i---hull-4_integralized.yml	done	0.028628	0.0314063309924677	31.514624	done	0.027204	0.029776619994663633	31.547392	done	0.028858	0.03170006300206296	31.784960	TIMEOUT	30.864829	30.88011500200082	569.044992
svcomp2025-cra-monotone-hulls-integralized/loop-acceleration/functions_1-1f961c6.i---hull-5_integralized.yml	done	0.029028	0.03139265000936575	31.518720	done	0.027633	0.02986984000017401	31.797248	done	0.027714	0.030194544000551105	31.887360	TIMEOUT	30.862195	30.879793195003003	570.101760
svcomp2025-cra-monotone-hulls-integralized/loop-acceleration/functions_1-2b3aeeb.i---hull-2_integralized.yml	done	0.032061	0.03437623201170936	31.776768	done	0.027711	0.030192988000635523	31.522816	done	0.029472	0.03185787299298681	32.018432	TIMEOUT	30.863839	30.87650337100058	565.465088
svcomp2025-cra-monotone-hulls-integralized/loop-acceleration/functions_1-2b3aeeb.i---hull-3_integralized.yml	done	0.029399	0.03192647598916665	31.526912	done	0.028722	0.031887309000012465	31.490048	done	0.030147	0.03267059700010577	32.014336	TIMEOUT	30.866095	30.878043561002414	565.837824
svcomp2025-cra-monotone-hulls-integralized/loop-acceleration/functions_1-2b3aeeb.i---hull-4_integralized.yml	done	0.02942	0.031912734993966296	31.625216	done	0.028614	0.030800741995335557	31.543296	done	0.02795	0.03015051099646371	31.846400	TIMEOUT	30.864939	30.87754820400005	569.077760
svcomp2025-cra-monotone-hulls-integralized/loop-acceleration/functions_1-2b3aeeb.i---hull-5_integralized.yml	done	0.027732	0.03013583700521849	31.518720	done	0.028971	0.031184950996248517	31.539200	done	0.027924	0.030204508002498187	31.784960	TIMEOUT	30.864097	30.879827088996535	568.750080
svcomp2025-cra-monotone-hulls-integralized/loop-acceleration/nested_1-1d5a4d3.i---hull-10_integralized.yml	done	0.031711	0.03387026800191961	31.436800	done	0.029782	0.03175294900574954	31.350784	done	0.054932	0.05824870100332191	31.686656	TIMEOUT	30.862771	30.87826567999582	453.976064
svcomp2025-cra-monotone-hulls-integralized/loop-acceleration/nested_1-1d5a4d3.i---hull-11_integralized.yml	done	0.027478	0.029269385006045923	31.379456	done	0.028419	0.030626209001638927	31.363072	done	0.028803	0.031901130998448934	31.653888	TIMEOUT	30.863654	30.8769377849967	452.943872
svcomp2025-cra-monotone-hulls-integralized/loop-acceleration/nested_1-1d5a4d3.i---hull-8_integralized.yml	done	0.027955	0.030636753974249586	31.490048	done	0.028532	0.03109281499928329	31.281152	done	0.041324	0.04387544500059448	31.453184	TIMEOUT	30.861319	30.87546252500033	455.413760
svcomp2025-cra-monotone-hulls-integralized/loop-acceleration/nested_1-1d5a4d3.i---hull-9_integralized.yml	done	0.028148	0.030741807975573465	31.698944	done	0.028129	0.030057440002565272	31.281152	done	0.027562	0.03018852500099456	31.444992	TIMEOUT	30.864496	30.87475844299479	454.926336
svcomp2025-cra-monotone-hulls-integralized/loop-acceleration/nested_1-21bced6.i---hull-10_integralized.yml	done	0.028689	0.03083073502057232	31.395840	done	0.028104	0.03014965300098993	31.522816	done	0.030869	0.033621184004005045	31.617024	TIMEOUT	30.86317	30.876262384997972	457.416704
svcomp2025-cra-monotone-hulls-integralized/loop-acceleration/nested_1-21bced6.i---hull-11_integralized.yml	done	0.027471	0.03044127899920568	31.444992	done	0.028101	0.03030937199946493	31.633408	done	0.028608	0.03094302799581783	31.518720	TIMEOUT	30.865079	30.875534011000127	456.626176
svcomp2025-cra-monotone-hulls-integralized/loop-acceleration/nested_1-21bced6.i---hull-8_integralized.yml	done	0.028127	0.030404041026486084	31.371264	done	0.029966	0.03209158000390744	31.285248	done	0.029072	0.031925146002322435	31.719424	TIMEOUT	30.863625	30.876551893001306	457.072640
svcomp2025-cra-monotone-hulls-integralized/loop-acceleration/nested_1-21bced6.i---hull-9_integralized.yml	done	0.029046	0.0315384779823944	31.604736	done	0.027801	0.029455172996676993	31.285248	done	0.034778	0.03740917499817442	31.453184	TIMEOUT	30.862984	30.877568348005298	458.203136
svcomp2025-cra-monotone-hulls-integralized/loop-acceleration/phases_1-1b18d8d.i---hull-2_integralized.yml	done	0.034434	0.036862067005131394	31.514624	done	0.02742	0.030214350997994188	31.268864	done	0.033846	0.03616023100039456	31.457280	TIMEOUT	30.853514	30.86570360600308	212.594688
svcomp2025-cra-monotone-hulls-integralized/loop-acceleration/phases_1-1b18d8d.i---hull-3_integralized.yml	done	0.028078	0.03085193899460137	31.416320	done	0.029142	0.0313329819982755	31.272960	done	0.031307	0.033684574998915195	31.621120	TIMEOUT	30.851399	30.86636092599656	212.324352
svcomp2025-cra-monotone-hulls-integralized/loop-acceleration/phases_1-1b18d8d.i---hull-4_integralized.yml	done	0.028729	0.03118529199855402	31.322112	done	0.028513	0.0308573520014761	31.846400	done	0.029745	0.03179200500017032	31.440896	TIMEOUT	30.853925	30.86775631999626	247.521280
svcomp2025-cra-monotone-hulls-integralized/loop-acceleration/phases_1-1b18d8d.i---hull-5_integralized.yml	done	0.029933	0.033495582989417017	31.416320	done	0.032957	0.03529272400191985	31.375360	done	0.027863	0.029992096999194473	31.674368	TIMEOUT	30.853108	30.868987431997084	247.980032
svcomp2025-cra-monotone-hulls-integralized/loop-acceleration/phases_1-286dbd3.i---hull-2_integralized.yml	done	0.028391	0.03100745999836363	31.301632	done	0.03162	0.03409117300179787	31.379456	done	0.028996	0.03204471500066575	31.580160	TIMEOUT	30.853455	30.86585578199447	211.181568
svcomp2025-cra-monotone-hulls-integralized/loop-acceleration/phases_1-286dbd3.i---hull-3_integralized.yml	done	0.033731	0.036067600012756884	31.301632	done	0.027377	0.03065264199540252	31.301632	done	0.027961	0.0305906790017616	31.436800	TIMEOUT	30.851838	30.866066823997244	211.349504
svcomp2025-cra-monotone-hulls-integralized/loop-acceleration/phases_1-286dbd3.i---hull-4_integralized.yml	done	0.030194	0.03255487000569701	31.305728	done	0.028954	0.03078184600599343	31.387648	done	0.032655	0.03528420200018445	31.428608	TIMEOUT	30.852699	30.8651487620009	211.025920
svcomp2025-cra-monotone-hulls-integralized/loop-acceleration/phases_1-286dbd3.i---hull-5_integralized.yml	done	0.029936	0.0321264190133661	31.289344	done	0.032126	0.034579799001221545	31.281152	done	0.031958	0.034159444003307726	31.440896	TIMEOUT	30.853978	30.86590021399752	212.168704
svcomp2025-cra-monotone-hulls-integralized/loop-acceleration/simple_1-1ccc8ee.i---hull-2_integralized.yml	done	0.026217	0.0290205109922681	31.215616	done	0.029484	0.03202397099812515	31.567872	done	0.026638	0.029380412997852545	31.272960	TIMEOUT	30.863137	30.874570193998807	422.342656
svcomp2025-cra-monotone-hulls-integralized/loop-acceleration/simple_1-1ccc8ee.i---hull-3_integralized.yml	done	0.027648	0.03076017601415515	31.223808	done	0.026003	0.0281505989987636	31.203328	done	0.036885	0.03957033700135071	31.272960	TIMEOUT	30.862101	30.87583598600031	421.060608
svcomp2025-cra-monotone-hulls-integralized/loop-acceleration/simple_1-1ccc8ee.i---hull-4_integralized.yml	done	0.027157	0.02961818900075741	31.223808	done	0.02814	0.030571422998036724	31.375360	done	0.026886	0.029466308005794417	31.277056	TIMEOUT	30.86257	30.879302930996346	423.514112
svcomp2025-cra-monotone-hulls-integralized/loop-acceleration/simple_1-1ccc8ee.i---hull-5_integralized.yml	done	0.027246	0.029497517010895535	31.232000	done	0.027183	0.029458687000442296	31.371264	done	0.026877	0.029653462996066082	31.268864	TIMEOUT	30.861119	30.8745288269929	420.704256
svcomp2025-cra-monotone-hulls-integralized/loop-acceleration/simple_1-25dd335.i---hull-2_integralized.yml	done	0.028583	0.031187579996185377	31.215616	done	0.026035	0.028857456003606785	31.211520	done	0.02723	0.029619847002322786	31.383552	TIMEOUT	30.863021	30.875118253999972	422.133760
svcomp2025-cra-monotone-hulls-integralized/loop-acceleration/simple_1-25dd335.i---hull-3_integralized.yml	done	0.027713	0.030391730018891394	31.477760	done	0.026615	0.02936419300385751	31.207424	done	0.028632	0.03066370300075505	31.268864	TIMEOUT	30.860669	30.874060219997773	423.624704
svcomp2025-cra-monotone-hulls-integralized/loop-acceleration/simple_1-25dd335.i---hull-4_integralized.yml	done	0.026869	0.02916452201316133	31.215616	done	0.028467	0.03126075500040315	31.223808	done	0.032966	0.03516662799665937	31.272960	TIMEOUT	30.860481	30.873911144000886	424.124416
svcomp2025-cra-monotone-hulls-integralized/loop-acceleration/simple_1-25dd335.i---hull-5_integralized.yml	done	0.031436	0.0339662789774593	31.232000	done	0.033483	0.03571393500169506	31.453184	done	0.032771	0.035026965000724886	31.281152	TIMEOUT	30.86321	30.874802823003847	425.750528
svcomp2025-cra-monotone-hulls-integralized/loop-acceleration/simple_2-104863b.i---hull-2_integralized.yml	done	0.029943	0.03228413499891758	31.215616	done	0.027598	0.029469435001374222	31.383552	done	0.027583	0.03043290099594742	31.547392	TIMEOUT	30.86414	30.87468548600009	422.756352
svcomp2025-cra-monotone-hulls-integralized/loop-acceleration/simple_2-104863b.i---hull-3_integralized.yml	done	0.027246	0.0307877279992681	31.232000	done	0.027352	0.029859719004889484	31.199232	done	0.026872	0.029620104003697634	31.412224	TIMEOUT	30.861	30.874556964001385	420.569088
svcomp2025-cra-monotone-hulls-integralized/loop-acceleration/simple_2-104863b.i---hull-4_integralized.yml	done	0.028763	0.031218470016028732	31.563776	done	0.026843	0.028846598004747648	31.469568	done	0.02737	0.030123796001134906	31.285248	TIMEOUT	30.863595	30.87579944600293	424.083456
svcomp2025-cra-monotone-hulls-integralized/loop-acceleration/simple_2-104863b.i---hull-5_integralized.yml	done	0.028588	0.030979853007011116	31.481856	done	0.026608	0.028746273994329385	31.215616	done	0.026111	0.02903077600058168	31.272960	TIMEOUT	30.866705	30.877288520998263	424.058880
svcomp2025-cra-monotone-hulls-integralized/loop-acceleration/simple_2-2a2e675.i---hull-2_integralized.yml	done	0.034296	0.03718896099599078	31.305728	done	0.03514	0.03743511700304225	31.399936	done	0.026126	0.028615654999157414	31.383552	TIMEOUT	30.865171	30.871129865998228	418.779136
svcomp2025-cra-monotone-hulls-integralized/loop-acceleration/simple_2-2a2e675.i---hull-3_integralized.yml	done	0.027198	0.029765884013613686	31.281152	done	0.028589	0.03134640799544286	31.211520	done	0.029064	0.031351272999017965	31.268864	TIMEOUT	30.862366	30.871921097997983	422.158336
svcomp2025-cra-monotone-hulls-integralized/loop-acceleration/simple_2-2a2e675.i---hull-4_integralized.yml	done	0.026653	0.02887345099588856	31.223808	done	0.029639	0.03257775199745083	31.211520	done	0.028274	0.030979890005255584	31.285248	TIMEOUT	30.86419	30.87416151099751	423.944192
svcomp2025-cra-monotone-hulls-integralized/loop-acceleration/simple_2-2a2e675.i---hull-5_integralized.yml	done	0.0269	0.028861196973593906	31.297536	done	0.027774	0.0303371639965917	31.211520	done	0.05558	0.06010860700189369	31.272960	TIMEOUT	30.862102	30.875016605001292	420.503552
svcomp2025-cra-monotone-hulls-integralized/loop-crafted/simple_array_index_value_1-22fda04.i---hull-0_integralized.yml	done	0.029528	0.031785139988642186	31.338496	done	0.028874	0.031593277999490965	31.318016	done	0.026148	0.028684056000201963	31.522816	done	5.813071	5.816255509998882	197.894144
svcomp2025-cra-monotone-hulls-integralized/loop-crafted/simple_array_index_value_1-22fda04.i---hull-1_integralized.yml	done	0.030763	0.03300637300708331	31.596544	done	0.028044	0.030437711997365113	31.305728	done	0.02923	0.031571040002745576	31.404032	done	5.710469	5.714291876000061	197.632000
svcomp2025-cra-monotone-hulls-integralized/loop-crafted/simple_array_index_value_1-22fda04.i---hull-4_integralized.yml	done	0.027909	0.03122161200735718	31.297536	done	0.02764	0.03043999999499647	31.272960	done	0.02808	0.030563207998056896	31.412224	done	21.494564	21.502913877004175	200.249344
svcomp2025-cra-monotone-hulls-integralized/loop-crafted/simple_array_index_value_1-22fda04.i---hull-5_integralized.yml	done	0.02904	0.03153631300665438	31.293440	done	0.03285	0.035207754001021385	31.383552	done	0.03708	0.039851597997767385	31.772672	done	21.670574	21.677018822003447	200.531968
svcomp2025-cra-monotone-hulls-integralized/loop-crafted/simple_array_index_value_25e4269.i---hull-10_integralized.yml	done	0.026516	0.02868944700458087	31.256576	done	0.026435	0.02846778600360267	31.240192	done	0.02878	0.031427656998857856	31.322112	done	4.954904	4.960212574995239	187.678720
svcomp2025-cra-monotone-hulls-integralized/loop-crafted/simple_array_index_value_25e4269.i---hull-11_integralized.yml	done	0.029483	0.03158228498068638	31.305728	done	0.028852	0.03193042599741602	31.240192	done	0.029142	0.032093319001432974	31.444992	done	4.922648	4.926297908001288	187.678720
svcomp2025-cra-monotone-hulls-integralized/loop-crafted/simple_array_index_value_25e4269.i---hull-2_integralized.yml	done	0.027232	0.029386765003437176	31.227904	done	0.02877	0.031311781000113115	31.240192	done	0.031456	0.034191926002677064	31.571968	done	4.792735	4.797908833003021	187.252736
svcomp2025-cra-monotone-hulls-integralized/loop-crafted/simple_array_index_value_25e4269.i---hull-3_integralized.yml	done	0.031149	0.03337247300078161	31.490048	done	0.029563	0.03246327300439589	31.211520	done	0.030921	0.034009103997959755	31.305728	done	4.802388	4.806546346000687	187.760640
svcomp2025-cra-monotone-hulls-integralized/loop-crafted/simple_array_index_value_25e4269.i---hull-4_integralized.yml	done	0.033589	0.03659838798921555	31.277056	done	0.026566	0.02873582800384611	31.232000	done	0.028076	0.030720773997018114	31.420416	done	4.839108	4.8431392240017885	187.510784
svcomp2025-cra-monotone-hulls-integralized/loop-crafted/simple_array_index_value_25e4269.i---hull-5_integralized.yml	done	0.028237	0.030843981978250667	31.494144	done	0.027842	0.030259986000601202	31.215616	done	0.027281	0.029996692996064667	31.555584	done	4.872104	4.8781576809997205	187.510784
svcomp2025-cra-monotone-hulls-integralized/loop-crafted/simple_array_index_value_25e4269.i---hull-8_integralized.yml	done	0.026639	0.029348880023462698	31.244288	done	0.026301	0.029128101996320765	31.600640	done	0.026861	0.028892023001390044	31.318016	done	4.976876	4.980438493003021	187.781120
svcomp2025-cra-monotone-hulls-integralized/loop-crafted/simple_array_index_value_25e4269.i---hull-9_integralized.yml	done	0.028304	0.03084779399796389	31.498240	done	0.033044	0.03544333000172628	31.375360	done	0.035778	0.03837350200046785	31.465472	done	4.827998	4.832972282994888	187.551744
svcomp2025-cra-monotone-hulls-integralized/loop-crafted/simple_array_index_value_368ae3d.i---hull-10_integralized.yml	done	0.028985	0.03132200500112958	31.473664	done	0.026524	0.028583614999661222	31.277056	done	0.028888	0.03144148099818267	31.416320	done	23.408808	23.415712729001825	198.479872
svcomp2025-cra-monotone-hulls-integralized/loop-crafted/simple_array_index_value_368ae3d.i---hull-11_integralized.yml	done	0.034915	0.037779022997710854	31.674368	done	0.027279	0.029735485004493967	31.539200	done	0.02754	0.030488345000776462	31.412224	done	23.455849	23.463795764997485	198.352896
svcomp2025-cra-monotone-hulls-integralized/loop-crafted/simple_array_index_value_368ae3d.i---hull-2_integralized.yml	done	0.028783	0.031197192991385236	31.907840	done	0.028504	0.03099311900587054	31.592448	done	0.030854	0.03372286599915242	32.268288	done	12.002788	12.009387726000568	313.143296
svcomp2025-cra-monotone-hulls-integralized/loop-crafted/simple_array_index_value_368ae3d.i---hull-3_integralized.yml	done	0.028482	0.03110377400298603	31.649792	done	0.029287	0.03251460299361497	31.604736	done	0.035856	0.03911774599691853	32.468992	done	11.56563	11.572003929999482	312.987648
svcomp2025-cra-monotone-hulls-integralized/loop-crafted/simple_array_index_value_368ae3d.i---hull-4_integralized.yml	done	0.030434	0.03255642100702971	31.760384	done	0.031636	0.03437268400011817	31.866880	done	0.032447	0.034969154999998864	32.645120	done	10.453351	10.458775067003444	275.554304
svcomp2025-cra-monotone-hulls-integralized/loop-crafted/simple_array_index_value_368ae3d.i---hull-5_integralized.yml	done	0.029665	0.03205844800686464	31.920128	done	0.029366	0.03169672800140688	31.621120	done	0.032236	0.035406502000114415	32.641024	done	10.580681	10.585364206999657	275.619840
svcomp2025-cra-monotone-hulls-integralized/loop-crafted/simple_array_index_value_368ae3d.i---hull-8_integralized.yml	done	0.072765	0.07477518799714744	31.514624	done	0.028755	0.0312791090036626	31.367168	done	0.036131	0.03864248099853285	31.404032	done	21.872243	21.881750424996426	195.649536
svcomp2025-cra-monotone-hulls-integralized/loop-crafted/simple_array_index_value_368ae3d.i---hull-9_integralized.yml	done	0.030353	0.032477158994879574	31.379456	done	0.030937	0.03319423699576873	31.272960	done	0.027986	0.03086792900285218	31.502336	done	22.218222	22.228944763999607	195.944448
svcomp2025-cra-monotone-hulls-integralized/loop-crafted/simple_array_index_value_4.i.v+lhb-reducer713520.i---hull-14_integralized.yml	done	0.031578	0.03382517799036577	31.637504	done	0.027816	0.030605070998717565	31.629312	done	0.0297	0.03365416500309948	32.899072	TIMEOUT	30.857089	30.8671433779964	245.526528
svcomp2025-cra-monotone-hulls-integralized/loop-crafted/simple_array_index_value_4.i.v+lhb-reducer713520.i---hull-15_integralized.yml	done	0.030116	0.032604826003080234	31.735808	done	0.029711	0.03243184799794108	31.993856	done	0.03044	0.03332046000286937	32.829440	TIMEOUT	30.856409	30.86866734600335	247.164928
svcomp2025-cra-monotone-hulls-integralized/loop-crafted/simple_array_index_value_4.i.v+lhb-reducer713520.i---hull-16_integralized.yml	done	0.030104	0.03227724498719908	31.748096	done	0.028834	0.031378492996736895	31.674368	done	0.032876	0.0351365770038683	32.530432	TIMEOUT	30.853811	30.866675903002033	200.155136
svcomp2025-cra-monotone-hulls-integralized/loop-crafted/simple_array_index_value_4.i.v+lhb-reducer713520.i---hull-17_integralized.yml	done	0.028714	0.03118140299920924	31.744000	done	0.029015	0.03165163900121115	31.940608	done	0.030267	0.03296783199766651	32.526336	TIMEOUT	30.853728	30.86584552899876	198.647808
svcomp2025-cra-monotone-hulls-integralized/loop-crafted/simple_array_index_value_4.i.v+lhb-reducer713520.i---hull-2_integralized.yml	done	0.027381	0.030002601997694	31.465472	done	0.027327	0.030025874999410007	31.477760	done	0.028577	0.031089839998458046	31.293440	TIMEOUT	30.863713	30.873489370002062	420.671488
svcomp2025-cra-monotone-hulls-integralized/loop-crafted/simple_array_index_value_4.i.v+lhb-reducer713520.i---hull-3_integralized.yml	done	0.026806	0.02983833701000549	31.485952	done	0.029837	0.03217470499657793	31.252480	done	0.027711	0.030282811996585224	31.281152	TIMEOUT	30.864154	30.87790927899914	421.175296
svcomp2025-cra-monotone-hulls-integralized/loop-crafted/simple_array_index_value_4.i.v+lhb-reducer713520.i---hull-4_integralized.yml	done	0.032159	0.03461724100634456	31.248384	done	0.026131	0.028790996002499014	31.309824	done	0.027803	0.030112628999631852	31.338496	TIMEOUT	30.868775	30.87868356599938	425.422848
svcomp2025-cra-monotone-hulls-integralized/loop-crafted/simple_array_index_value_4.i.v+lhb-reducer713520.i---hull-5_integralized.yml	done	0.026182	0.028433986008167267	31.481856	done	0.029568	0.03161322300002212	31.223808	done	0.026487	0.02885211400280241	31.285248	TIMEOUT	30.870545	30.882939611001348	424.927232
svcomp2025-cra-monotone-hulls-integralized/loop-crafted/simple_array_index_value_4.i.v+nlh-reducer99c040.i---hull-10_integralized.yml	done	0.029432	0.03162865497870371	31.657984	done	0.030796	0.033841493001091294	31.948800	done	0.031085	0.03359500000078697	32.518144	TIMEOUT	30.855749	30.86943819699809	210.657280
svcomp2025-cra-monotone-hulls-integralized/loop-crafted/simple_array_index_value_4.i.v+nlh-reducer99c040.i---hull-11_integralized.yml	done	0.031206	0.03337080200435594	31.653888	done	0.030549	0.03323281300254166	31.678464	done	0.037716	0.04006822099472629	32.653312	TIMEOUT	30.855109	30.86617051200301	207.687680
svcomp2025-cra-monotone-hulls-integralized/loop-crafted/simple_array_index_value_4.i.v+nlh-reducer99c040.i---hull-14_integralized.yml	done	0.029524	0.03132348202052526	31.236096	done	0.028973	0.0313294239967945	31.293440	done	0.026818	0.02978744100255426	31.649792	TIMEOUT	30.865467	30.885008965000452	422.846464
svcomp2025-cra-monotone-hulls-integralized/loop-crafted/simple_array_index_value_4.i.v+nlh-reducer99c040.i---hull-15_integralized.yml	done	0.026227	0.029179144010413438	31.240192	done	0.027415	0.029992257004778367	31.490048	done	0.028749	0.030738959001610056	31.399936	TIMEOUT	30.869587	30.881830983002146	423.878656
svcomp2025-cra-monotone-hulls-integralized/loop-crafted/simple_array_index_value_4.i.v+nlh-reducer99c040.i---hull-16_integralized.yml	done	0.027071	0.029905504983616993	31.338496	done	0.026011	0.028109494000091217	31.305728	done	0.027084	0.02972903999761911	31.555584	TIMEOUT	30.863125	30.87526254200202	425.201664
svcomp2025-cra-monotone-hulls-integralized/loop-crafted/simple_array_index_value_4.i.v+nlh-reducer99c040.i---hull-17_integralized.yml	done	0.026484	0.029192937014158815	31.248384	done	0.029885	0.03202636199421249	31.297536	done	0.027217	0.029630478005856276	31.547392	TIMEOUT	30.866728	30.882493352000893	423.649280
svcomp2025-cra-monotone-hulls-integralized/loop-crafted/simple_array_index_value_4.i.v+nlh-reducer99c040.i---hull-8_integralized.yml	done	0.031514	0.034209493023809046	31.727616	done	0.028481	0.03060034100053599	31.625216	done	0.031297	0.034056985001370776	32.563200	TIMEOUT	30.857722	30.866904088004958	243.068928
svcomp2025-cra-monotone-hulls-integralized/loop-crafted/simple_array_index_value_4.i.v+nlh-reducer99c040.i---hull-9_integralized.yml	done	0.030294	0.03298834600718692	31.686656	done	0.033419	0.036202517003403045	31.727616	done	0.032101	0.03551117800088832	32.563200	TIMEOUT	30.857272	30.866633367993927	241.205248
svcomp2025-cra-monotone-hulls-integralized/loop-crafted/simple_array_index_value_42e29fe.i---hull-10_integralized.yml	done	0.030992	0.0333534799865447	31.264768	done	0.029688	0.03199962700455217	31.223808	done	0.032655	0.03523601200140547	31.473664	TIMEOUT	30.872192	30.882875464005338	423.858176
svcomp2025-cra-monotone-hulls-integralized/loop-crafted/simple_array_index_value_42e29fe.i---hull-11_integralized.yml	done	0.028948	0.0316142069932539	31.318016	done	0.028742	0.031524999998509884	31.227904	done	0.027048	0.029988223002874292	31.539200	TIMEOUT	30.863803	30.88010164300067	422.195200
svcomp2025-cra-monotone-hulls-integralized/loop-crafted/simple_array_index_value_42e29fe.i---hull-2_integralized.yml	done	0.028338	0.030391128006158397	31.518720	done	0.028431	0.03064543000073172	31.789056	done	0.030334	0.032396720998804085	32.051200	TIMEOUT	30.85849	30.869253247001325	241.168384
svcomp2025-cra-monotone-hulls-integralized/loop-crafted/simple_array_index_value_42e29fe.i---hull-3_integralized.yml	done	0.029675	0.03256769201834686	31.531008	done	0.028697	0.03085414600354852	31.543296	done	0.035867	0.038246543997956906	31.956992	TIMEOUT	30.857057	30.8662729600037	245.415936
svcomp2025-cra-monotone-hulls-integralized/loop-crafted/simple_array_index_value_42e29fe.i---hull-4_integralized.yml	done	0.029699	0.032237963983789086	31.518720	done	0.028601	0.03160251599911135	31.535104	done	0.03206	0.03452629600360524	31.961088	TIMEOUT	30.855912	30.86756699000398	234.082304
svcomp2025-cra-monotone-hulls-integralized/loop-crafted/simple_array_index_value_42e29fe.i---hull-5_integralized.yml	done	0.030925	0.033581149007659405	31.514624	done	0.028842	0.03151255500415573	31.789056	done	0.0294	0.03137268600403331	32.124928	TIMEOUT	30.857757	30.866496508999262	234.033152
svcomp2025-cra-monotone-hulls-integralized/loop-crafted/simple_array_index_value_42e29fe.i---hull-8_integralized.yml	done	0.028228	0.031233639980200678	31.227904	done	0.029148	0.03155583499756176	31.301632	done	0.026152	0.02865643900440773	31.268864	TIMEOUT	30.862558	30.878762665000977	419.471360
svcomp2025-cra-monotone-hulls-integralized/loop-crafted/simple_array_index_value_42e29fe.i---hull-9_integralized.yml	done	0.026565	0.029088858980685472	31.252480	done	0.026549	0.029217192000942305	31.207424	done	0.030244	0.033117629995103925	31.535104	TIMEOUT	30.863388	30.880273359995044	418.549760
svcomp2025-cra-monotone-hulls-integralized/loop-crafted/simple_vardep_12e314a.i---hull-2_integralized.yml	done	0.027922	0.030351474008057266	31.711232	done	0.02959	0.03228879700327525	31.391744	done	0.037828	0.03616982699895743	34.258944	TIMEOUT	30.855604	30.871605067994096	233.861120
svcomp2025-cra-monotone-hulls-integralized/loop-crafted/simple_vardep_12e314a.i---hull-3_integralized.yml	done	0.028569	0.03076342400163412	31.436800	done	0.028765	0.03166810300172074	31.391744	done	0.040689	0.03942198000004282	34.164736	TIMEOUT	30.85698	30.867361573997186	231.821312
svcomp2025-cra-monotone-hulls-integralized/loop-crafted/simple_vardep_12e314a.i---hull-4_integralized.yml	done	0.032483	0.0345902290137019	31.444992	done	0.02782	0.030381672993826214	31.645696	done	0.038774	0.0374969289987348	34.164736	TIMEOUT	30.854943	30.867026673004148	230.797312
svcomp2025-cra-monotone-hulls-integralized/loop-crafted/simple_vardep_12e314a.i---hull-5_integralized.yml	done	0.02825	0.03048775900970213	31.449088	done	0.028807	0.031249355000909418	31.653888	done	0.038771	0.037806524996994995	34.119680	TIMEOUT	30.855165	30.86807324399706	231.280640
svcomp2025-cra-monotone-hulls-integralized/loop-crafted/simple_vardep_2150c93.i---hull-2_integralized.yml	done	0.030812	0.03324458299903199	31.789056	done	0.029403	0.03193052499409532	31.506432	done	0.051439	0.04702040900156135	35.028992	TIMEOUT	30.856791	30.87041561100341	265.162752
svcomp2025-cra-monotone-hulls-integralized/loop-crafted/simple_vardep_2150c93.i---hull-3_integralized.yml	done	0.030054	0.03237009700387716	31.596544	done	0.028894	0.031288775004213676	31.875072	done	0.046429	0.04123824300040724	35.459072	TIMEOUT	30.857437	30.869323935003194	263.536640
svcomp2025-cra-monotone-hulls-integralized/loop-crafted/simple_vardep_2150c93.i---hull-4_integralized.yml	done	0.030257	0.0328709649911616	31.506432	done	0.028091	0.030680942996696103	31.510528	done	0.046866	0.0437880910030799	35.598336	TIMEOUT	30.857164	30.86862426299922	252.698624
svcomp2025-cra-monotone-hulls-integralized/loop-crafted/simple_vardep_2150c93.i---hull-5_integralized.yml	done	0.029125	0.03104135798639618	31.506432	done	0.028903	0.03111220100254286	31.510528	done	0.042653	0.03919801400479628	35.475456	TIMEOUT	30.859831	30.87200488399685	251.392000
svcomp2025-cra-monotone-hulls-integralized/loop-invgen/fragtest_simple7ec4f9.i---hull-10_integralized.yml	done	0.033424	0.0354480360110756	31.485952	done	0.031158	0.03386921199853532	31.404032	done	0.030222	0.0330709910049336	31.854592	TIMEOUT	30.856265	30.867356709000887	241.180672
svcomp2025-cra-monotone-hulls-integralized/loop-invgen/fragtest_simple7ec4f9.i---hull-11_integralized.yml	done	0.028484	0.030991078994702548	31.461376	done	0.029443	0.031571342995448504	31.641600	done	0.02887	0.031925789000524674	31.600640	TIMEOUT	30.856472	30.867597737000324	241.324032
svcomp2025-cra-monotone-hulls-integralized/loop-invgen/fragtest_simple7ec4f9.i---hull-14_integralized.yml	done	0.027494	0.030572070012567565	31.272960	done	0.02954	0.031833048997214064	31.248384	done	0.029555	0.032277348000206985	31.391744	TIMEOUT	30.866802	30.877499823000107	434.790400
svcomp2025-cra-monotone-hulls-integralized/loop-invgen/fragtest_simple7ec4f9.i---hull-15_integralized.yml	done	0.028981	0.03132392998668365	31.371264	done	0.034262	0.037455753998074215	31.256576	done	0.026966	0.028710546001093462	31.395840	TIMEOUT	30.865858	30.87728146799782	436.146176
svcomp2025-cra-monotone-hulls-integralized/loop-invgen/fragtest_simple7ec4f9.i---hull-16_integralized.yml	done	0.028224	0.03050820602220483	31.465472	done	0.037849	0.04026861700549489	31.408128	done	0.030083	0.03242412399413297	31.666176	TIMEOUT	30.856095	30.867292887996882	221.818880
svcomp2025-cra-monotone-hulls-integralized/loop-invgen/fragtest_simple7ec4f9.i---hull-17_integralized.yml	done	0.036303	0.03928682001424022	31.731712	done	0.026821	0.02980057200329611	31.305728	done	0.032691	0.035558432995458134	31.563776	TIMEOUT	30.854939	30.866984104999574	220.921856
svcomp2025-cra-monotone-hulls-integralized/loop-invgen/fragtest_simple7ec4f9.i---hull-8_integralized.yml	done	0.028973	0.03132591399480589	31.428608	done	0.029727	0.03242936400056351	31.559680	done	0.033483	0.03629948999878252	31.678464	TIMEOUT	30.856078	30.868013368999527	235.671552
svcomp2025-cra-monotone-hulls-integralized/loop-invgen/fragtest_simple7ec4f9.i---hull-9_integralized.yml	done	0.039461	0.042448958003660664	31.653888	done	0.028711	0.03134727400174597	31.305728	done	0.03385	0.03672822500084294	31.920128	TIMEOUT	30.856036	30.8680726790044	235.307008
svcomp2025-cra-monotone-hulls-integralized/loop-invgen/large_const64fb45.i---hull-10_integralized.yml	done	0.034535	0.03727452800376341	31.776768	done	0.030689	0.032961099001113325	31.694848	done	0.038397	0.04138444300042465	32.747520	done	7.214602	7.219226385997899	134.443008
svcomp2025-cra-monotone-hulls-integralized/loop-invgen/large_const64fb45.i---hull-11_integralized.yml	done	0.037974	0.04010666301473975	31.752192	done	0.029415	0.03206461500667501	31.813632	done	0.0328	0.03505622000375297	33.042432	done	7.473254	7.477573384996504	134.508544
svcomp2025-cra-monotone-hulls-integralized/loop-invgen/string_concat-noarr805fd3.i---hull-10_integralized.yml	done	0.028002	0.030864967993693426	31.346688	done	0.029933	0.032410251995315775	31.293440	done	0.033735	0.03573758399579674	31.551488	TIMEOUT	30.855237	30.866629053998622	221.962240
svcomp2025-cra-monotone-hulls-integralized/loop-invgen/string_concat-noarr805fd3.i---hull-11_integralized.yml	done	0.028849	0.03120807697996497	31.617024	done	0.028718	0.03094338300434174	31.322112	done	0.027591	0.03019893199962098	31.547392	TIMEOUT	30.856105	30.865754004997143	221.794304
svcomp2025-cra-monotone-hulls-integralized/loop-invgen/string_concat-noarr805fd3.i---hull-2_integralized.yml	done	0.028317	0.03092612200998701	31.338496	done	0.029539	0.03236397500586463	31.305728	done	0.02928	0.031967916002031416	31.973376	TIMEOUT	30.856601	30.866847548000806	240.021504
svcomp2025-cra-monotone-hulls-integralized/loop-invgen/string_concat-noarr805fd3.i---hull-3_integralized.yml	done	0.028524	0.03070897000725381	31.604736	done	0.028138	0.030451166996499524	31.772672	done	0.026961	0.028900477998831775	31.494144	TIMEOUT	30.857785	30.867572864000977	241.319936
svcomp2025-cra-monotone-hulls-integralized/loop-invgen/string_concat-noarr805fd3.i---hull-4_integralized.yml	done	0.035284	0.03839309301110916	31.424512	done	0.029241	0.031479131001106	31.449088	done	0.028051	0.03039744200214045	31.682560	TIMEOUT	30.85774	30.865994867002883	233.803776
svcomp2025-cra-monotone-hulls-integralized/loop-invgen/string_concat-noarr805fd3.i---hull-5_integralized.yml	done	0.029155	0.03153591399313882	31.522816	done	0.030532	0.03308405199641129	31.371264	done	0.02973	0.03225808499701088	31.576064	TIMEOUT	30.854847	30.867007558001205	234.840064
svcomp2025-cra-monotone-hulls-integralized/loop-invgen/string_concat-noarr805fd3.i---hull-8_integralized.yml	done	0.028298	0.03108681400772184	31.277056	done	0.033824	0.03665058199840132	31.526912	done	0.027717	0.030394743997021578	31.391744	TIMEOUT	30.864617	30.877218260000518	429.711360
svcomp2025-cra-monotone-hulls-integralized/loop-invgen/string_concat-noarr805fd3.i---hull-9_integralized.yml	done	0.026527	0.02882282598875463	31.281152	done	0.030556	0.032939188997261226	31.473664	done	0.028948	0.03146848100004718	31.547392	TIMEOUT	30.865327	30.876302447002672	433.983488
svcomp2025-cra-monotone-hulls-integralized/loop-lit/css20037da860.i---hull-0_integralized.yml	done	0.033916	0.037377235013991594	31.633408	done	0.03134	0.034277930004464	31.641600	done	0.056806	0.062223757995525375	32.153600	TIMEOUT	30.86057	30.87215988400567	314.888192
svcomp2025-cra-monotone-hulls-integralized/loop-lit/css20037da860.i---hull-1_integralized.yml	done	0.034446	0.036633739015087485	31.633408	done	0.030686	0.034161374998802785	31.637504	done	0.02972	0.03191784000227926	32.292864	TIMEOUT	30.863623	30.873879071994452	314.822656
svcomp2025-cra-monotone-hulls-integralized/loop-lit/css20037da860.i---hull-2_integralized.yml	done	0.029266	0.03150234499480575	31.551488	done	0.035246	0.03802483299659798	31.879168	done	0.030275	0.03318553000281099	32.018432	TIMEOUT	30.853525	30.866245766999782	211.369984
svcomp2025-cra-monotone-hulls-integralized/loop-lit/css20037da860.i---hull-3_integralized.yml	done	0.029007	0.03213878799579106	31.793152	done	0.033334	0.03578371400362812	31.768576	done	0.030811	0.03356394000002183	32.055296	TIMEOUT	30.85131	30.868046146002598	209.584128
svcomp2025-cra-monotone-hulls-integralized/loop-lit/css20037da860.i---hull-4_integralized.yml	done	0.031802	0.03419243899406865	32.071680	done	0.032094	0.03496301300037885	31.694848	done	0.030309	0.03301156400266336	32.309248	TIMEOUT	30.855632	30.87096051399567	263.598080
svcomp2025-cra-monotone-hulls-integralized/loop-lit/css20037da860.i---hull-5_integralized.yml	done	0.028621	0.030521901993779466	31.571968	done	0.027741	0.030089802996371873	31.580160	done	0.03134	0.034212303995445836	32.096256	TIMEOUT	30.857897	30.870468660003098	261.963776
svcomp2025-cra-monotone-hulls-integralized/loop-lit/gcnr2008c92a4a.i---hull-0_integralized.yml	done	0.03886	0.041778604994760826	32.108544	done	0.032929	0.03538869800104294	32.051200	done	0.144003	0.10904105300141964	43.499520	TIMEOUT	30.855254	30.868379004998133	240.222208
svcomp2025-cra-monotone-hulls-integralized/loop-lit/gcnr2008c92a4a.i---hull-1_integralized.yml	done	0.036272	0.03882956100278534	32.219136	done	0.033155	0.035779188001470175	32.309248	done	0.139224	0.10595489700062899	44.081152	TIMEOUT	30.855918	30.867813302997092	235.671552
svcomp2025-cra-monotone-hulls-integralized/loop-lit/gcnr2008c92a4a.i---hull-2_integralized.yml	done	0.02996	0.03264005499659106	32.182272	done	0.02797	0.030341999998199753	31.989760	done	0.03316	0.0365425400013919	32.337920	done	12.416493	12.422481829999015	281.022464
svcomp2025-cra-monotone-hulls-integralized/loop-lit/gcnr2008c92a4a.i---hull-3_integralized.yml	done	0.031701	0.034302354004466906	31.903744	done	0.032532	0.03511224400426727	31.911936	done	0.029705	0.031702880005468614	32.464896	done	12.64198	12.647688509998261	281.051136
svcomp2025-cra-monotone-hulls-integralized/loop-lit/gcnr2008c92a4a.i---hull-4_integralized.yml	done	0.074235	0.07911916301236488	32.067584	done	0.030571	0.03292240000155289	32.026624	done	0.046795	0.049568493996048346	33.734656	TIMEOUT	30.865166	30.87667216800037	315.834368
svcomp2025-cra-monotone-hulls-integralized/loop-lit/gcnr2008c92a4a.i---hull-5_integralized.yml	done	0.034653	0.03724798100301996	32.067584	done	0.031464	0.03366875099891331	32.280576	done	0.036351	0.03941793800186133	33.464320	TIMEOUT	30.218771	30.229855019999377	316.219392
svcomp2025-cra-monotone-hulls-integralized/loop-new/count_by_1_variant26a8e5.i---hull-2_integralized.yml	done	0.028141	0.03021138600888662	31.342592	done	0.026626	0.02926615199976368	31.338496	done	0.02592	0.02849088399671018	31.543296	TIMEOUT	30.871141	30.88445933699404	425.304064
svcomp2025-cra-monotone-hulls-integralized/loop-new/count_by_1_variant26a8e5.i---hull-3_integralized.yml	done	0.028075	0.031067480973433703	31.223808	done	0.026574	0.02886105499783298	31.494144	done	0.027514	0.03041663600015454	31.268864	TIMEOUT	30.870938	30.882792603995767	420.622336
svcomp2025-cra-monotone-hulls-integralized/loop-new/count_by_1_variant26a8e5.i---hull-4_integralized.yml	done	0.027935	0.030338796990690753	31.424512	done	0.027003	0.03029458200035151	31.252480	done	0.028319	0.03015730599872768	31.297536	TIMEOUT	30.868764	30.879586032002408	419.766272
svcomp2025-cra-monotone-hulls-integralized/loop-new/count_by_1_variant26a8e5.i---hull-5_integralized.yml	done	0.027297	0.029682830994715914	31.223808	done	0.033667	0.03627332500036573	31.453184	done	0.034296	0.036357773999043275	31.293440	TIMEOUT	30.870216	30.882969527003297	424.542208
svcomp2025-cra-monotone-hulls-integralized/loop-new/count_by_1b675f7.i---hull-2_integralized.yml	done	0.0289	0.0314116119989194	31.240192	done	0.026424	0.02917857599823037	31.309824	done	0.028322	0.030794249003520235	31.293440	TIMEOUT	30.869044	30.885419254002045	420.032512
svcomp2025-cra-monotone-hulls-integralized/loop-new/count_by_1b675f7.i---hull-3_integralized.yml	done	0.028516	0.0314980739785824	31.334400	done	0.026195	0.028774981998139992	31.219712	done	0.034907	0.037017230002675205	31.358976	TIMEOUT	30.870176	30.881849229997897	425.398272
svcomp2025-cra-monotone-hulls-integralized/loop-new/count_by_1b675f7.i---hull-4_integralized.yml	done	0.026824	0.02952070301398635	31.342592	done	0.028551	0.031772793001437094	31.490048	done	0.029999	0.03182885400019586	31.420416	TIMEOUT	30.870542	30.884821729996474	421.228544
svcomp2025-cra-monotone-hulls-integralized/loop-new/count_by_1b675f7.i---hull-5_integralized.yml	done	0.031243	0.03382892598165199	31.358976	done	0.032507	0.035015999994357117	31.256576	done	0.030182	0.032640352997987065	31.408128	TIMEOUT	30.876732	30.88867005299835	425.467904
svcomp2025-cra-monotone-hulls-integralized/loop-new/count_by_2d3e001.i---hull-2_integralized.yml	done	0.032738	0.03489606699440628	31.363072	done	0.027784	0.02954575500189094	31.236096	done	0.029629	0.03244550099771004	31.424512	TIMEOUT	30.873533	30.88315309999598	425.517056
svcomp2025-cra-monotone-hulls-integralized/loop-new/count_by_2d3e001.i---hull-3_integralized.yml	done	0.028014	0.030705746001331136	31.232000	done	0.027299	0.029605507996166125	31.236096	done	0.027506	0.030099978001089767	31.293440	TIMEOUT	30.868205	30.879718394004158	421.601280
svcomp2025-cra-monotone-hulls-integralized/loop-new/count_by_2d3e001.i---hull-4_integralized.yml	done	0.032788	0.034821399982320145	31.358976	done	0.027214	0.029200994002167135	31.244288	done	0.032892	0.034811735997209325	31.297536	TIMEOUT	30.874382	30.885816606001754	424.361984
svcomp2025-cra-monotone-hulls-integralized/loop-new/count_by_2d3e001.i---hull-5_integralized.yml	done	0.029815	0.03173959499690682	31.240192	done	0.02735	0.030017331999260932	31.232000	done	0.031703	0.03427281399490312	31.285248	TIMEOUT	30.867896	30.882649717001186	422.858752
svcomp2025-cra-monotone-hulls-integralized/loop-new/count_by_k1a7e0d.i---hull-2_integralized.yml	TIMEOUT	30.862734	30.872674475016538	536.514560	TIMEOUT	30.871903	30.882130040998163	538.681344	done	0.224548	0.22497190900321584	33.587200	TIMEOUT	30.881344	30.8936297859982	545.898496
svcomp2025-cra-monotone-hulls-integralized/loop-new/count_by_k1a7e0d.i---hull-3_integralized.yml	TIMEOUT	30.863187	30.87528698099777	540.504064	TIMEOUT	30.868718	30.891102284003864	543.436800	done	0.238044	0.23995004099560902	34.021376	TIMEOUT	30.876877	30.889392481003597	541.835264
svcomp2025-cra-monotone-hulls-integralized/loop-new/count_by_nondetf7a177.i---hull-0_integralized.yml	done	0.029913	0.032022729981690645	31.641600	done	0.02827	0.03035769599955529	31.318016	done	0.039778	0.04230393600300886	31.596544	TIMEOUT	30.872586	30.88493188499706	464.007168
svcomp2025-cra-monotone-hulls-integralized/loop-new/count_by_nondetf7a177.i---hull-1_integralized.yml	done	0.029393	0.031398416991578415	31.375360	done	0.035374	0.037446664995513856	31.309824	done	0.028401	0.030954660003772005	31.588352	TIMEOUT	30.870127	30.88290369400056	465.522688
svcomp2025-cra-monotone-hulls-integralized/loop-new/count_by_nondetf7a177.i---hull-2_integralized.yml	done	0.029485	0.032276042009470984	31.649792	done	0.028326	0.031722526997327805	31.289344	done	0.030745	0.03350132999912603	31.625216	TIMEOUT	30.873203	30.884392788000696	464.666624
svcomp2025-cra-monotone-hulls-integralized/loop-new/count_by_nondetf7a177.i---hull-3_integralized.yml	done	0.027559	0.0300787870073691	31.371264	done	0.027173	0.030223788002331275	31.395840	done	0.029889	0.032534983001824	31.735808	TIMEOUT	30.880507	30.892075070994906	463.540224
svcomp2025-cra-monotone-hulls-integralized/loop-new/count_by_nondetf7a177.i---hull-4_integralized.yml	done	0.030273	0.03197794599691406	31.604736	done	0.029157	0.031341310997959226	31.592448	done	0.028846	0.03165325599547941	31.645696	TIMEOUT	30.852131	30.864491617998283	175.108096
svcomp2025-cra-monotone-hulls-integralized/loop-new/count_by_nondetf7a177.i---hull-5_integralized.yml	done	0.030779	0.033461009996244684	31.584256	done	0.02806	0.030429553000431042	31.432704	done	0.030002	0.03253103599854512	31.645696	TIMEOUT	30.854509	30.86396262999915	174.714880
svcomp2025-cra-monotone-hulls-integralized/loop-industry-pattern/mod3.c.v+lhb-reducer0f808b.i---hull-12_integralized.yml	done	0.103959	0.1070572960015852	35.942400	done	0.081112	0.08410200800426537	35.340288	TIMEOUT	30.311505	21.18611076099478	566.038528	done	0.087927	0.0903290099959122	35.708928
svcomp2025-cra-monotone-hulls-integralized/loop-industry-pattern/mod3.c.v+lhb-reducer0f808b.i---hull-13_integralized.yml	done	0.103686	0.10662616198533215	35.913728	done	0.085024	0.08781954599544406	35.123200	TIMEOUT	30.278257	21.247123143999488	565.997568	done	0.089222	0.09201442199992016	35.553280
svcomp2025-cra-monotone-hulls-integralized/loop-industry-pattern/mod3.c.v+lhb-reducer0f808b.i---hull-14_integralized.yml	done	0.068883	0.07150730100693181	34.816000	done	0.049542	0.052571627995348535	34.430976	done	20.059424	14.682398707001994	390.299648	done	0.056882	0.05921091199707007	34.775040
svcomp2025-cra-monotone-hulls-integralized/loop-industry-pattern/mod3.c.v+lhb-reducer0f808b.i---hull-15_integralized.yml	done	0.067083	0.0698951710073743	34.816000	done	0.055982	0.059067255999252666	34.574336	done	20.184722	14.877101692996803	390.553600	done	0.059268	0.06175314600113779	34.852864
svcomp2025-cra-monotone-hulls-integralized/loop-industry-pattern/mod3.c.v+lhb-reducer0f808b.i---hull-16_integralized.yml	done	0.091448	0.09327073299209587	36.155392	done	0.066079	0.06896263900125632	35.041280	TIMEOUT	30.461845	21.0793937060007	631.402496	done	0.081393	0.08422333199996501	35.799040
svcomp2025-cra-monotone-hulls-integralized/loop-industry-pattern/mod3.c.v+lhb-reducer0f808b.i---hull-17_integralized.yml	done	0.092698	0.09548896597698331	36.159488	done	0.0661	0.0686487519997172	34.914304	TIMEOUT	30.280221	21.18465108700184	630.751232	done	0.075819	0.07817205900209956	35.803136
svcomp2025-cra-monotone-hulls-integralized/loop-industry-pattern/mod3.c.v+sep-reducer8d3c3d.i---hull-12_integralized.yml	done	0.060294	0.06278870900860056	34.684928	done	0.0446	0.04789975099993171	34.443264	done	22.8873	15.437544685999455	407.318528	done	0.049358	0.05155730099795619	34.623488
svcomp2025-cra-monotone-hulls-integralized/loop-industry-pattern/mod3.c.v+sep-reducer8d3c3d.i---hull-13_integralized.yml	done	0.065665	0.0682025880087167	34.668544	done	0.044231	0.04628536199743394	34.172928	done	23.189366	15.692150554001273	407.121920	done	0.052923	0.0556807850007317	34.619392
svcomp2025-cra-monotone-hulls-integralized/loop-industry-pattern/mod3.c.v+sep-reducer8d3c3d.i---hull-14_integralized.yml	done	0.068397	0.07134778800536878	34.676736	done	0.04901	0.05154964700341225	34.172928	done	16.354726	12.1357743510016	348.205056	done	0.054674	0.05764307399658719	34.414592
svcomp2025-cra-monotone-hulls-integralized/loop-industry-pattern/mod3.c.v+sep-reducer8d3c3d.i---hull-15_integralized.yml	done	0.061277	0.06385954000870697	34.934784	done	0.059743	0.06255896100628888	34.254848	done	16.626491	12.327482073000283	347.893760	done	0.056893	0.05953467800281942	34.476032
svcomp2025-cra-monotone-hulls-integralized/loop-industry-pattern/mod3.c.v+sep-reducer8d3c3d.i---hull-16_integralized.yml	done	0.129201	0.13216963200829923	36.388864	done	0.094936	0.09769696099829162	35.274752	TIMEOUT	31.432715	20.712711957996362	504.672256	done	0.121775	0.12500839400308905	36.638720
svcomp2025-cra-monotone-hulls-integralized/loop-industry-pattern/mod3.c.v+sep-reducer8d3c3d.i---hull-17_integralized.yml	done	0.131982	0.1358567030110862	36.421632	done	0.090182	0.09245024200208718	35.368960	TIMEOUT	31.45335	20.663674637005897	511.799296	done	0.125963	0.12853337400156306	36.392960
svcomp2025-cra-monotone-hulls-integralized/loop-industry-pattern/nested-391066e.i---hull-2_integralized.yml	done	0.028283	0.0308574509981554	31.481856	done	0.028918	0.030696615001943428	31.436800	done	0.031347	0.03395936499873642	32.075776	done	2.802929	2.805833126003563	76.423168
svcomp2025-cra-monotone-hulls-integralized/loop-industry-pattern/nested-391066e.i---hull-3_integralized.yml	done	0.028957	0.03176530299242586	31.502336	done	0.030763	0.03369696799927624	31.432704	done	0.02962	0.032100338001328055	31.932416	done	2.96369	2.9679302599979565	76.042240
svcomp2025-cra-monotone-hulls-integralized/loop-industry-pattern/nested-391066e.i---hull-4_integralized.yml	done	0.036008	0.03870937999454327	31.559680	done	0.034115	0.03674573200260056	31.625216	done	0.03069	0.032830974996613804	32.075776	TIMEOUT	30.857743	30.869955991001916	242.634752
svcomp2025-cra-monotone-hulls-integralized/loop-industry-pattern/nested-391066e.i---hull-5_integralized.yml	done	0.029291	0.03194124001311138	31.477760	done	0.028915	0.03195186599623412	31.436800	done	0.027989	0.03043400299793575	31.805440	TIMEOUT	30.860686	30.871544902001915	242.106368
svcomp2025-cra-monotone-hulls-integralized/loop-industry-pattern/ofuf_1d5f2f7.i---hull-24_integralized.yml	done	0.164482	0.16742399797658436	47.648768	done	0.113311	0.11678234300052281	44.924928	done	3.656214	3.6602281039959053	299.540480	done	0.134947	0.13786935599637218	46.034944
svcomp2025-cra-monotone-hulls-integralized/loop-industry-pattern/ofuf_1d5f2f7.i---hull-25_integralized.yml	done	0.165921	0.1691223829984665	47.910912	done	0.107471	0.1102485860028537	44.625920	done	3.452939	3.456615420000162	299.659264	done	0.136594	0.13967433999641798	46.022656
svcomp2025-cra-monotone-hulls-integralized/loop-industry-pattern/ofuf_1d5f2f7.i---hull-26_integralized.yml	done	0.611979	0.6148835519852582	53.641216	done	0.298226	0.3009208729999955	53.616640	done	17.117615	17.12549661599769	430.313472	TIMEOUT	30.863192	30.87196063200099	232.529920
svcomp2025-cra-monotone-hulls-integralized/loop-industry-pattern/ofuf_1d5f2f7.i---hull-27_integralized.yml	done	0.598269	0.6012975089834072	53.768192	done	0.289259	0.2919268559999182	53.624832	done	17.088307	17.09463721600332	430.100480	TIMEOUT	30.857164	30.868804764999368	236.371968
svcomp2025-cra-monotone-hulls-integralized/loop-industry-pattern/ofuf_1d5f2f7.i---hull-28_integralized.yml	done	0.428962	0.43208529098774306	51.879936	done	0.228776	0.23180243000388145	51.019776	done	16.212327	16.219072767999023	645.046272	done	22.94451	22.952561694997712	192.360448
svcomp2025-cra-monotone-hulls-integralized/loop-industry-pattern/ofuf_1d5f2f7.i---hull-29_integralized.yml	done	0.418502	0.4216332460055128	51.904512	done	0.236754	0.23935572100162972	51.015680	done	17.277444	17.285076722000667	645.312512	done	22.000196	22.009861986000033	192.704512
svcomp2025-cra-monotone-hulls-integralized/loop-industry-pattern/ofuf_27195b2.i---hull-24_integralized.yml	done	0.158537	0.16142137598944828	46.915584	done	0.110889	0.11394214000029024	44.716032	done	3.714121	3.718402883001545	303.697920	done	0.130432	0.1337243239977397	46.006272
svcomp2025-cra-monotone-hulls-integralized/loop-industry-pattern/ofuf_27195b2.i---hull-25_integralized.yml	done	0.157236	0.15986334200715646	46.624768	done	0.11012	0.11315971000294667	44.756992	done	3.683247	3.686768388004566	303.697920	done	0.123619	0.12577157399937278	46.071808
svcomp2025-cra-monotone-hulls-integralized/loop-industry-pattern/ofuf_27195b2.i---hull-26_integralized.yml	done	0.663922	0.6679405430040788	53.329920	done	0.323526	0.3269055969940382	53.944320	done	15.808623	15.816207768002641	364.142592	TIMEOUT	30.859571	30.86872920899623	253.894656
svcomp2025-cra-monotone-hulls-integralized/loop-industry-pattern/ofuf_27195b2.i---hull-27_integralized.yml	done	0.692563	0.6952655870118178	53.219328	done	0.320901	0.32416954200016335	54.108160	done	16.245625	16.25171876499371	363.900928	TIMEOUT	30.857437	30.868238426999596	254.402560
svcomp2025-cra-monotone-hulls-integralized/loop-industry-pattern/ofuf_27195b2.i---hull-28_integralized.yml	done	0.553516	0.5566691129934043	52.928512	done	0.299471	0.30305063099513063	53.141504	done	16.393065	16.401753128004202	540.090368	TIMEOUT	30.857935	30.867400210998312	242.233344
svcomp2025-cra-monotone-hulls-integralized/loop-industry-pattern/ofuf_27195b2.i---hull-29_integralized.yml	done	0.554454	0.5578696759766899	52.924416	done	0.273411	0.2768948349985294	53.141504	done	15.176662	15.181922905998363	540.344320	TIMEOUT	30.857963	30.86785279200558	244.903936
svcomp2025-cra-monotone-hulls-integralized/loop-industry-pattern/ofuf_38d9e41.i---hull-24_integralized.yml	done	0.157847	0.16126260999590158	46.895104	done	0.106508	0.10869528700277442	44.679168	done	3.45555	3.4592431969940662	303.943680	done	0.138793	0.14139468500070507	45.989888
svcomp2025-cra-monotone-hulls-integralized/loop-industry-pattern/ofuf_38d9e41.i---hull-25_integralized.yml	done	0.16202	0.16492008700151928	46.628864	done	0.111704	0.11418909900385188	44.457984	done	3.510759	3.515179989997705	303.702016	done	0.127042	0.13034666300518438	45.998080
svcomp2025-cra-monotone-hulls-integralized/loop-industry-pattern/ofuf_38d9e41.i---hull-26_integralized.yml	done	0.682114	0.6856405779835768	53.440512	done	0.317305	0.3200839439959964	54.046720	done	15.984294	15.990164044997073	364.064768	TIMEOUT	30.858985	30.868546966994472	251.084800
svcomp2025-cra-monotone-hulls-integralized/loop-industry-pattern/ofuf_38d9e41.i---hull-27_integralized.yml	done	0.691043	0.693992205982795	53.198848	done	0.342172	0.3453678620062419	53.993472	done	15.793859	15.801766601995041	363.876352	TIMEOUT	30.863761	30.874284967998392	256.782336
svcomp2025-cra-monotone-hulls-integralized/loop-industry-pattern/ofuf_38d9e41.i---hull-28_integralized.yml	done	0.566825	0.5696932439750526	52.793344	done	0.288946	0.29164962700451724	53.424128	done	16.097013	16.103573000000324	540.160000	TIMEOUT	30.858052	30.868507562998275	242.262016
svcomp2025-cra-monotone-hulls-integralized/loop-industry-pattern/ofuf_38d9e41.i---hull-29_integralized.yml	done	0.548033	0.5516758700250648	52.912128	done	0.269072	0.2715702900022734	53.260288	done	16.196292	16.203081138002744	540.225536	TIMEOUT	30.859795	30.867805025998678	240.955392
svcomp2025-cra-monotone-hulls-integralized/loop-industry-pattern/ofuf_4a8b1f6.i---hull-24_integralized.yml	done	0.160574	0.1634436860040296	46.743552	done	0.108176	0.11172038700169651	44.453888	done	3.695943	3.6999435699981404	303.841280	done	0.126217	0.12889733900374267	46.002176
svcomp2025-cra-monotone-hulls-integralized/loop-industry-pattern/ofuf_4a8b1f6.i---hull-25_integralized.yml	done	0.15945	0.1622610229824204	46.796800	done	0.118952	0.12193817799561657	44.453888	done	3.492565	3.4967973130042083	303.706112	done	0.129764	0.1330221669995808	46.002176
svcomp2025-cra-monotone-hulls-integralized/loop-industry-pattern/ofuf_4a8b1f6.i---hull-26_integralized.yml	done	0.724934	0.7279917080013547	53.252096	done	0.330594	0.33393495900236303	54.161408	done	15.451521	15.462285153000266	363.921408	TIMEOUT	30.8588	30.869923603000643	251.158528
svcomp2025-cra-monotone-hulls-integralized/loop-industry-pattern/ofuf_4a8b1f6.i---hull-27_integralized.yml	done	0.72295	0.7259902470104862	53.243904	done	0.31712	0.3202666809957009	53.964800	done	15.249938	15.256438019998313	363.888640	TIMEOUT	30.858581	30.868830157000048	256.786432
svcomp2025-cra-monotone-hulls-integralized/loop-industry-pattern/ofuf_4a8b1f6.i---hull-28_integralized.yml	done	0.538064	0.5410450659983326	52.727808	done	0.277623	0.2805743959979736	53.186560	done	16.435315	16.44077861400001	540.205056	TIMEOUT	30.856981	30.867654419002065	248.958976
svcomp2025-cra-monotone-hulls-integralized/loop-industry-pattern/ofuf_4a8b1f6.i---hull-29_integralized.yml	done	0.578379	0.5810643509903457	52.703232	done	0.273005	0.275561144000676	53.252096	done	15.962504	15.969327596998482	540.057600	TIMEOUT	30.858255	30.86783898500289	245.907456
svcomp2025-cra-monotone-hulls-integralized/loop-industry-pattern/ofuf_503d11a.i---hull-24_integralized.yml	done	0.153407	0.1563290590129327	46.895104	done	0.116208	0.1190326889991411	44.564480	done	3.60024	3.6053985559992725	303.689728	done	0.126292	0.12910171200201148	46.104576
svcomp2025-cra-monotone-hulls-integralized/loop-industry-pattern/ofuf_503d11a.i---hull-25_integralized.yml	done	0.155513	0.1579541950195562	46.706688	done	0.112246	0.11506350800482323	44.703744	done	3.652651	3.6563750749992323	303.861760	done	0.134697	0.13793297999654897	45.998080
svcomp2025-cra-monotone-hulls-integralized/loop-industry-pattern/ofuf_503d11a.i---hull-26_integralized.yml	done	0.711084	0.7140748079982586	53.686272	done	0.34406	0.34645196799829137	54.136832	done	15.8694	15.87692873999913	364.134400	TIMEOUT	30.859844	30.869508367999515	254.087168
svcomp2025-cra-monotone-hulls-integralized/loop-industry-pattern/ofuf_503d11a.i---hull-27_integralized.yml	done	0.671726	0.6750571900047362	53.190656	done	0.343083	0.34686995599622605	53.948416	done	15.699355	15.706674332999683	364.019712	TIMEOUT	30.857593	30.86787903399818	237.694976
svcomp2025-cra-monotone-hulls-integralized/loop-industry-pattern/ofuf_503d11a.i---hull-28_integralized.yml	done	0.560611	0.5639530509943143	52.740096	done	0.282264	0.28517884699977003	53.178368	done	16.369494	16.375650810994557	540.327936	TIMEOUT	30.860231	30.870538235998538	246.140928
svcomp2025-cra-monotone-hulls-integralized/loop-industry-pattern/ofuf_503d11a.i---hull-29_integralized.yml	done	0.558608	0.5615938320115674	52.797440	done	0.288126	0.29103216800285736	53.145600	done	16.270855	16.277836897999805	540.344320	TIMEOUT	30.857281	30.86982116299623	260.403200
svcomp2025-cra-monotone-hulls-integralized/loops-crafted-1/Mono1_1-103c391.i---hull-2_integralized.yml	done	0.027724	0.03057576998253353	31.305728	done	0.028517	0.030982880998635665	31.633408	done	0.029623	0.031993667005735915	31.694848	TIMEOUT	30.856074	30.8666475469945	211.681280
svcomp2025-cra-monotone-hulls-integralized/loops-crafted-1/Mono1_1-103c391.i---hull-3_integralized.yml	done	0.034735	0.03774154500570148	31.293440	done	0.029153	0.031502376004937105	31.621120	done	0.030865	0.03442893699684646	31.551488	TIMEOUT	30.855951	30.865130560996477	213.049344
svcomp2025-cra-monotone-hulls-integralized/loops-crafted-1/Mono1_1-103c391.i---hull-4_integralized.yml	done	0.029407	0.0327701999922283	31.670272	done	0.0282	0.030460041998594534	31.272960	done	0.027684	0.030325619998620823	31.653888	TIMEOUT	30.854032	30.866769036001642	210.894848
svcomp2025-cra-monotone-hulls-integralized/loops-crafted-1/Mono1_1-103c391.i---hull-5_integralized.yml	done	0.028629	0.031072226003743708	31.350784	done	0.027379	0.02930162599659525	31.268864	done	0.027273	0.029346249997615814	31.440896	TIMEOUT	30.853719	30.86619743499614	210.071552
svcomp2025-cra-monotone-hulls-integralized/loops-crafted-1/Mono1_1-2a9d4b4.i---hull-2_integralized.yml	done	0.027681	0.030508550989907235	31.326208	done	0.030404	0.03244310399895767	31.268864	done	0.031182	0.03331833199626999	31.662080	TIMEOUT	30.853709	30.8659578769948	211.337216
svcomp2025-cra-monotone-hulls-integralized/loops-crafted-1/Mono1_1-2a9d4b4.i---hull-3_integralized.yml	done	0.031965	0.03429135101032443	31.334400	done	0.032814	0.03562949799379567	31.621120	done	0.028228	0.0309373609998147	31.428608	TIMEOUT	30.853307	30.867210522999812	211.574784
svcomp2025-cra-monotone-hulls-integralized/loops-crafted-1/Mono1_1-2a9d4b4.i---hull-4_integralized.yml	done	0.029929	0.03230243400321342	31.313920	done	0.027187	0.030886911998095457	31.268864	done	0.028095	0.030790302000241354	31.543296	TIMEOUT	30.855051	30.866614250997372	210.001920
svcomp2025-cra-monotone-hulls-integralized/loops-crafted-1/Mono1_1-2a9d4b4.i---hull-5_integralized.yml	done	0.027573	0.030276666017016396	31.309824	done	0.02921	0.03171512999688275	31.285248	done	0.032889	0.034540754997578915	31.440896	TIMEOUT	30.856873	30.865458028005378	208.502784
svcomp2025-cra-monotone-hulls-integralized/loops-crafted-1/Mono3_130f93a.i---hull-2_integralized.yml	done	0.029881	0.03225754099548794	31.346688	done	0.031095	0.03318391200446058	31.342592	done	0.029267	0.03199782899901038	31.596544	TIMEOUT	30.85602	30.866116361001332	214.876160
svcomp2025-cra-monotone-hulls-integralized/loops-crafted-1/Mono3_130f93a.i---hull-3_integralized.yml	done	0.031168	0.034001352003542706	31.363072	done	0.033278	0.03582191400346346	31.465472	done	0.029157	0.032010884999181144	31.653888	TIMEOUT	30.853975	30.86716537600296	217.174016
svcomp2025-cra-monotone-hulls-integralized/loops-crafted-1/Mono3_130f93a.i---hull-4_integralized.yml	done	0.032523	0.035215292009525	31.346688	done	0.029488	0.0338045729949954	31.461376	done	0.029256	0.03170073500223225	31.862784	TIMEOUT	30.879368	30.88833874899865	425.500672
svcomp2025-cra-monotone-hulls-integralized/loops-crafted-1/Mono3_130f93a.i---hull-5_integralized.yml	done	0.02885	0.031118899991270155	31.612928	done	0.027279	0.02960398900177097	31.592448	done	0.028386	0.03079781999986153	31.596544	TIMEOUT	30.864991	30.882207577000372	421.273600
svcomp2025-cra-monotone-hulls-integralized/loops-crafted-1/Mono4_1a79981.i---hull-2_integralized.yml	done	0.029521	0.03243903597467579	31.617024	done	0.033385	0.03571459600061644	31.383552	done	0.028332	0.030405464996874798	31.596544	TIMEOUT	30.868448	30.88627977899887	430.358528
svcomp2025-cra-monotone-hulls-integralized/loops-crafted-1/Mono4_1a79981.i---hull-3_integralized.yml	done	0.032263	0.03450275998329744	31.354880	done	0.028867	0.03172087499842746	31.379456	done	0.0354	0.03784505300427554	31.608832	TIMEOUT	30.869517	30.88252733900299	429.899776
svcomp2025-cra-monotone-hulls-integralized/loops-crafted-1/Mono4_1a79981.i---hull-4_integralized.yml	done	0.029911	0.03298001299845055	31.617024	done	0.034752	0.03777955399709754	31.367168	done	0.029401	0.0324322119995486	31.698944	TIMEOUT	30.853395	30.86860824500036	220.835840
svcomp2025-cra-monotone-hulls-integralized/loops-crafted-1/Mono4_1a79981.i---hull-5_integralized.yml	done	0.02862	0.03139757001190446	31.358976	done	0.028526	0.031212271998811048	31.363072	done	0.028444	0.031398011997225694	31.576064	TIMEOUT	30.852398	30.868826038000407	221.122560
svcomp2025-cra-monotone-hulls-integralized/loops-crafted-1/Mono5_18af774.i---hull-2_integralized.yml	done	0.028531	0.030999209004221484	31.453184	done	0.035777	0.03851469200162683	31.490048	done	0.02858	0.03129795600398211	31.559680	TIMEOUT	30.854463	30.869355369002733	231.022592
svcomp2025-cra-monotone-hulls-integralized/loops-crafted-1/Mono5_18af774.i---hull-3_integralized.yml	done	0.03026	0.03252800498739816	31.444992	done	0.029424	0.0320592249991023	31.612928	done	0.030707	0.03353818300092826	31.580160	TIMEOUT	30.855634	30.868934135003656	230.518784
svcomp2025-cra-monotone-hulls-integralized/loops-crafted-1/Mono5_18af774.i---hull-4_integralized.yml	done	0.029995	0.033367363997967914	31.576064	done	0.030065	0.03248572300071828	31.449088	done	0.029371	0.032245212998532224	31.576064	TIMEOUT	30.85652	30.868071802004124	229.908480
svcomp2025-cra-monotone-hulls-integralized/loops-crafted-1/Mono5_18af774.i---hull-5_integralized.yml	done	0.028214	0.03100113500840962	31.465472	done	0.031187	0.03371550099836895	31.399936	done	0.031005	0.03331223500572378	31.576064	TIMEOUT	30.854111	30.869337339994672	230.281216
svcomp2025-cra-monotone-hulls-integralized/loops-crafted-1/Mono6_1b426ab.i---hull-2_integralized.yml	done	0.02914	0.03138120300718583	31.485952	done	0.028347	0.03116107700043358	31.653888	done	0.028713	0.03056246200139867	32.067584	TIMEOUT	30.856679	30.868321809997724	235.323392
svcomp2025-cra-monotone-hulls-integralized/loops-crafted-1/Mono6_1b426ab.i---hull-3_integralized.yml	done	0.029209	0.03161824098788202	31.559680	done	0.029759	0.03213554300600663	31.678464	done	0.027894	0.030552342999726534	31.760384	TIMEOUT	30.855761	30.86755610799446	236.679168
svcomp2025-cra-monotone-hulls-integralized/loops-crafted-1/Mono6_1b426ab.i---hull-4_integralized.yml	done	0.035611	0.03844622697215527	31.531008	done	0.027654	0.030188217999238987	31.432704	done	0.035859	0.038232598002650775	31.756288	TIMEOUT	30.855706	30.869213146004768	236.859392
svcomp2025-cra-monotone-hulls-integralized/loops-crafted-1/Mono6_1b426ab.i---hull-5_integralized.yml	done	0.03197	0.03445338102756068	31.477760	done	0.03384	0.036165239005640615	31.424512	done	0.029	0.03128702899994096	32.010240	TIMEOUT	30.854282	30.86895303899655	233.746432
svcomp2025-cra-monotone-hulls-integralized/loops-crafted-1/discover_listef0a07.i---hull-2_integralized.yml	done	0.170327	0.17379656099365093	38.670336	done	0.084839	0.08823977500287583	35.999744	done	0.644628	0.6479728030026308	209.530880	done	12.549078	12.556081308001012	90.976256
svcomp2025-cra-monotone-hulls-integralized/loops-crafted-1/discover_listef0a07.i---hull-3_integralized.yml	done	0.170187	0.17400207999162376	38.649856	done	0.077103	0.08086388700030511	35.983360	done	0.684318	0.687320967001142	209.391616	done	12.070012	12.076069843002188	90.828800
svcomp2025-cra-monotone-hulls-integralized/loops-crafted-1/discover_listef0a07.i---hull-4_integralized.yml	done	0.195597	0.1984715000144206	39.370752	done	0.089256	0.09176125500380294	37.097472	done	0.54017	0.5425555950059788	180.563968	TIMEOUT	30.859858	30.868895047999104	144.707584
svcomp2025-cra-monotone-hulls-integralized/loops-crafted-1/discover_listef0a07.i---hull-5_integralized.yml	done	0.196224	0.1983487130200956	39.211008	done	0.096308	0.09943024699896341	37.097472	done	0.527493	0.5306789820024278	180.559872	TIMEOUT	30.852455	30.863782464002725	142.979072
svcomp2025-cra-monotone-hulls-integralized/loops-crafted-1/loopv31d7ffa.i---hull-2_integralized.yml	done	0.029665	0.032048360008047894	31.404032	done	0.029232	0.0314702949981438	31.289344	done	0.03108	0.03368876600143267	31.698944	TIMEOUT	30.868869	30.88299751500017	428.240896
svcomp2025-cra-monotone-hulls-integralized/loops-crafted-1/loopv31d7ffa.i---hull-3_integralized.yml	done	0.028149	0.03043519999482669	31.395840	done	0.027234	0.030096850998234004	31.367168	done	0.028211	0.030710154002008494	31.399936	TIMEOUT	30.870834	30.881394554999133	427.786240
svcomp2025-cra-monotone-hulls-integralized/loops-crafted-1/loopv31d7ffa.i---hull-4_integralized.yml	done	0.028827	0.030881227023201063	31.334400	done	0.034593	0.037615645000187214	31.363072	done	0.046199	0.04941094400419388	31.850496	TIMEOUT	30.856213	30.86671999200189	217.100288
svcomp2025-cra-monotone-hulls-integralized/loops-crafted-1/loopv31d7ffa.i---hull-5_integralized.yml	done	0.029007	0.03174376301467419	31.338496	done	0.028155	0.030685534999065567	31.420416	done	0.029422	0.03122538499883376	31.805440	TIMEOUT	30.855237	30.867197813997336	221.159424
svcomp2025-cra-monotone-hulls-integralized/loops-crafted-1/mono-crafted_107f2a9a.i---hull-2_integralized.yml	done	0.031449	0.03428393101785332	31.588352	done	0.030107	0.032547669994528405	31.649792	done	0.027561	0.029819319999660365	31.719424	TIMEOUT	30.855295	30.868565917000524	235.229184
svcomp2025-cra-monotone-hulls-integralized/loops-crafted-1/mono-crafted_107f2a9a.i---hull-3_integralized.yml	done	0.028915	0.031434784992598	31.498240	done	0.028551	0.031290653998439666	31.756288	done	0.029861	0.032333059003576636	31.780864	TIMEOUT	30.856895	30.867951028005336	234.446848
svcomp2025-cra-monotone-hulls-integralized/loops-crafted-1/mono-crafted_107f2a9a.i---hull-4_integralized.yml	done	0.035018	0.03717045998200774	31.612928	done	0.032972	0.03551326200249605	31.412224	done	0.028996	0.03182459699746687	32.002048	TIMEOUT	30.857914	30.866602708003484	233.099264
svcomp2025-cra-monotone-hulls-integralized/loops-crafted-1/mono-crafted_107f2a9a.i---hull-5_integralized.yml	done	0.036111	0.03871294000418857	31.567872	done	0.028129	0.029876907996367663	31.412224	done	0.028165	0.030811518998234533	31.854592	TIMEOUT	30.854005	30.868894393999653	234.631168
svcomp2025-cra-monotone-hulls-integralized/loops-crafted-1/mono-crafted_11b7e320.i---hull-2_integralized.yml	done	0.028458	0.03097943399916403	31.404032	done	0.026944	0.029270573002577294	31.264768	done	0.02895	0.03135862300405279	31.440896	TIMEOUT	30.851223	30.86728723399574	210.518016
svcomp2025-cra-monotone-hulls-integralized/loops-crafted-1/mono-crafted_11b7e320.i---hull-3_integralized.yml	done	0.028429	0.030795599974226207	31.412224	done	0.027435	0.030083031000685878	31.412224	done	0.028647	0.031187131004116964	31.428608	TIMEOUT	30.855224	30.866388517002633	209.223680
svcomp2025-cra-monotone-hulls-integralized/loops-crafted-1/mono-crafted_11b7e320.i---hull-4_integralized.yml	done	0.036209	0.03875349200097844	31.342592	done	0.03404	0.03666825500113191	31.285248	done	0.027344	0.029329787997994572	31.698944	TIMEOUT	30.854892	30.86599466500047	207.802368
svcomp2025-cra-monotone-hulls-integralized/loops-crafted-1/mono-crafted_11b7e320.i---hull-5_integralized.yml	done	0.03111	0.033695841004373506	31.309824	done	0.028876	0.0319478599994909	31.264768	done	0.027868	0.030515441998431925	31.694848	TIMEOUT	30.854539	30.868364406000182	210.456576
svcomp2025-cra-monotone-hulls-integralized/loops-crafted-1/mono-crafted_1206b17c.i---hull-2_integralized.yml	done	0.030634	0.033425070985686034	31.481856	done	0.031721	0.03347319499880541	31.395840	done	0.033821	0.036723759993037675	31.846400	TIMEOUT	30.854118	30.868874751002295	234.946560
svcomp2025-cra-monotone-hulls-integralized/loops-crafted-1/mono-crafted_1206b17c.i---hull-3_integralized.yml	done	0.030797	0.032924018014455214	31.707136	done	0.029014	0.03154166400054237	31.399936	done	0.02998	0.03193275300145615	31.588352	TIMEOUT	30.85674	30.867901892997907	233.275392
svcomp2025-cra-monotone-hulls-integralized/loops-crafted-1/mono-crafted_1206b17c.i---hull-4_integralized.yml	done	0.037137	0.03961290998267941	31.797248	done	0.029068	0.03148017999774311	31.662080	done	0.029882	0.03266182800143724	31.608832	TIMEOUT	30.862228	30.872640383000544	233.385984
svcomp2025-cra-monotone-hulls-integralized/loops-crafted-1/mono-crafted_1206b17c.i---hull-5_integralized.yml	done	0.034765	0.03688670799601823	31.477760	done	0.028331	0.0303726740021375	31.408128	done	0.035723	0.03796291900653159	31.600640	TIMEOUT	30.857793	30.868115532997763	231.137280
svcomp2025-cra-monotone-hulls-integralized/loops-crafted-1/mono-crafted_1337d0f7.i---hull-10_integralized.yml	done	0.028203	0.03083668602630496	31.768576	done	0.034935	0.03777625299699139	31.408128	done	0.037252	0.03979757500201231	31.866880	TIMEOUT	30.857046	30.866363589004322	225.353728
svcomp2025-cra-monotone-hulls-integralized/loops-crafted-1/mono-crafted_1337d0f7.i---hull-11_integralized.yml	done	0.029479	0.03171131500857882	31.457280	done	0.02819	0.030676768998091575	31.666176	done	0.030819	0.033597674999327864	31.559680	TIMEOUT	30.856023	30.868588318000548	229.556224
svcomp2025-cra-monotone-hulls-integralized/loops-crafted-1/mono-crafted_1337d0f7.i---hull-8_integralized.yml	done	0.029802	0.03263576902099885	31.436800	done	0.033375	0.036230037003406323	31.698944	done	0.033881	0.036934954005118925	31.825920	TIMEOUT	30.856958	30.866222377997474	227.000320
svcomp2025-cra-monotone-hulls-integralized/loops-crafted-1/mono-crafted_1337d0f7.i---hull-9_integralized.yml	done	0.029313	0.03177592300926335	31.457280	done	0.027812	0.02998791999561945	31.473664	done	0.034403	0.037029556995548774	31.539200	TIMEOUT	30.855397	30.86806959599926	229.027840
svcomp2025-cra-monotone-hulls-integralized/loops-crafted-1/mono-crafted_141c3c12.i---hull-10_integralized.yml	done	0.043702	0.046173773996997625	31.350784	done	0.034165	0.03684162399440538	31.363072	done	0.034474	0.03697148500214098	31.686656	TIMEOUT	30.856301	30.866398441001365	217.993216
svcomp2025-cra-monotone-hulls-integralized/loops-crafted-1/mono-crafted_141c3c12.i---hull-11_integralized.yml	done	0.028471	0.03117128601297736	31.346688	done	0.031576	0.034232739999424666	31.354880	done	0.030666	0.03331870999681996	31.678464	TIMEOUT	30.854509	30.86821095799678	220.241920
svcomp2025-cra-monotone-hulls-integralized/loops-crafted-1/mono-crafted_141c3c12.i---hull-8_integralized.yml	done	0.03107	0.03388980598538183	31.424512	done	0.029553	0.032767122000223026	31.481856	done	0.030578	0.03327411200007191	31.592448	TIMEOUT	30.869812	30.879139112999837	429.469696
svcomp2025-cra-monotone-hulls-integralized/loops-crafted-1/mono-crafted_141c3c12.i---hull-9_integralized.yml	done	0.028332	0.031063282018294558	31.461376	done	0.029133	0.031663524998293724	31.461376	done	0.032614	0.03509386399673531	31.854592	TIMEOUT	30.870174	30.88268303299992	431.489024
svcomp2025-cra-monotone-hulls-integralized/loops-crafted-1/mono-crafted_1d149d8.i---hull-10_integralized.yml	done	0.029597	0.03221115600899793	31.342592	done	0.027872	0.02993856599641731	31.358976	done	0.029252	0.031737656994664576	31.567872	TIMEOUT	30.856498	30.866249658000015	218.066944
svcomp2025-cra-monotone-hulls-integralized/loops-crafted-1/mono-crafted_1d149d8.i---hull-11_integralized.yml	done	0.030928	0.0335581699910108	31.354880	done	0.02982	0.03174986499652732	31.731712	done	0.02853	0.03095884600043064	31.576064	TIMEOUT	30.85512	30.86689450099948	218.763264
svcomp2025-cra-monotone-hulls-integralized/loops-crafted-1/mono-crafted_1d149d8.i---hull-8_integralized.yml	done	0.031696	0.03467892901971936	31.604736	done	0.034941	0.037374393999925815	31.535104	done	0.030886	0.033841627002402674	31.571968	TIMEOUT	30.870511	30.880573973998253	428.900352
svcomp2025-cra-monotone-hulls-integralized/loops-crafted-1/mono-crafted_1d149d8.i---hull-9_integralized.yml	done	0.029499	0.03247464602463879	31.334400	done	0.030731	0.0328921789987362	31.367168	done	0.029054	0.03238575500290608	31.571968	TIMEOUT	30.87083	30.881015825994837	429.465600
svcomp2025-cra-monotone-hulls-integralized/loops-crafted-1/mono-crafted_376bd52.i---hull-10_integralized.yml	done	0.029258	0.03191977698588744	31.342592	done	0.027779	0.030259920997195877	31.354880	done	0.02995	0.03294870999525301	31.580160	TIMEOUT	30.85534	30.867613227994298	221.753344
svcomp2025-cra-monotone-hulls-integralized/loops-crafted-1/mono-crafted_376bd52.i---hull-11_integralized.yml	done	0.029531	0.03204948900383897	31.346688	done	0.035109	0.037251959001878276	31.473664	done	0.029167	0.031846227997448295	31.825920	TIMEOUT	30.857826	30.869145037002454	220.299264
svcomp2025-cra-monotone-hulls-integralized/loops-crafted-1/mono-crafted_376bd52.i---hull-8_integralized.yml	done	0.028157	0.03042717801872641	31.350784	done	0.034262	0.03750222999951802	31.608832	done	0.028563	0.030282095998700242	31.576064	TIMEOUT	30.871854	30.882005797997408	431.390720
svcomp2025-cra-monotone-hulls-integralized/loops-crafted-1/mono-crafted_376bd52.i---hull-9_integralized.yml	done	0.035078	0.037433894991409034	31.371264	done	0.028255	0.03024813400406856	31.358976	done	0.030658	0.03301470800215611	31.563776	TIMEOUT	30.869867	30.882304688006116	431.415296
svcomp2025-cra-monotone-hulls-integralized/loops-crafted-1/mono-crafted_6001556.i---hull-2_integralized.yml	done	0.03079	0.033698849991196766	31.498240	done	0.029807	0.03249398800107883	31.461376	done	0.028449	0.03173210300155915	31.891456	TIMEOUT	30.858358	30.869868120003957	262.082560
svcomp2025-cra-monotone-hulls-integralized/loops-crafted-1/mono-crafted_6001556.i---hull-3_integralized.yml	done	0.032544	0.03565133598749526	31.547392	done	0.028273	0.03062832399882609	31.502336	done	0.029207	0.031503883001278155	31.887360	TIMEOUT	30.858878	30.869300069003657	264.359936
svcomp2025-cra-monotone-hulls-integralized/loops-crafted-1/mono-crafted_6001556.i---hull-4_integralized.yml	done	0.029477	0.03237764001823962	31.739904	done	0.034501	0.03760113899625139	31.420416	done	0.02932	0.03179543000442209	31.784960	TIMEOUT	30.854351	30.86509569000191	187.564032
svcomp2025-cra-monotone-hulls-integralized/loops-crafted-1/mono-crafted_6001556.i---hull-5_integralized.yml	done	0.028785	0.03287387499585748	31.522816	done	0.03123	0.033287660000496544	31.453184	done	0.030509	0.03273504300159402	31.801344	TIMEOUT	30.854103	30.86476979500003	186.343424
svcomp2025-cra-monotone-hulls-integralized/loops-crafted-1/mono-crafted_769167d.i---hull-10_integralized.yml	done	0.028682	0.030972528998972848	31.354880	done	0.034181	0.036477462002949324	31.481856	done	0.029838	0.032065675004560035	31.956992	TIMEOUT	30.855831	30.86753224000131	219.582464
svcomp2025-cra-monotone-hulls-integralized/loops-crafted-1/mono-crafted_769167d.i---hull-11_integralized.yml	done	0.03156	0.03417606299626641	31.354880	done	0.031091	0.03341315400029998	31.363072	done	0.051804	0.055119190001278184	31.948800	TIMEOUT	30.855288	30.866925191003247	220.114944
svcomp2025-cra-monotone-hulls-integralized/loops-crafted-1/mono-crafted_769167d.i---hull-8_integralized.yml	done	0.044273	0.04644531098892912	31.576064	done	0.028262	0.03090699099993799	31.350784	done	0.028248	0.03091185699304333	31.571968	TIMEOUT	30.871799	30.881694764000713	427.315200
svcomp2025-cra-monotone-hulls-integralized/loops-crafted-1/mono-crafted_769167d.i---hull-9_integralized.yml	done	0.028764	0.03132260299753398	31.338496	done	0.0296	0.032186033997277264	31.621120	done	0.031297	0.03417582000110997	31.571968	TIMEOUT	30.873642	30.88514672600286	428.945408
svcomp2025-cra-monotone-hulls-integralized/loops-crafted-1/mono-crafted_8519fc5.i---hull-2_integralized.yml	done	0.030508	0.034095601993612945	31.453184	done	0.030492	0.032735598004364874	31.363072	done	0.029011	0.03134193799633067	31.657984	TIMEOUT	30.856104	30.86679692200414	226.021376
svcomp2025-cra-monotone-hulls-integralized/loops-crafted-1/mono-crafted_8519fc5.i---hull-3_integralized.yml	done	0.029591	0.03219185798661783	31.555584	done	0.031627	0.03396845899987966	31.592448	done	0.030437	0.033206396001332905	31.559680	TIMEOUT	30.853612	30.868284051000956	229.871616
svcomp2025-cra-monotone-hulls-integralized/loops-crafted-1/mono-crafted_8519fc5.i---hull-4_integralized.yml	done	0.027724	0.03028395801084116	31.817728	done	0.028505	0.03126098700158764	31.375360	done	0.035849	0.03819951499463059	31.559680	TIMEOUT	30.858036	30.866659646002518	229.736448
svcomp2025-cra-monotone-hulls-integralized/loops-crafted-1/mono-crafted_8519fc5.i---hull-5_integralized.yml	done	0.03003	0.03291992101003416	31.453184	done	0.030923	0.03379969999514287	31.641600	done	0.028967	0.031513517002167646	31.686656	TIMEOUT	30.857239	30.86691352500202	229.498880
svcomp2025-cra-monotone-hulls-integralized/loops-crafted-1/mono-crafted_97406b9.i---hull-2_integralized.yml	done	0.027889	0.03035907499724999	31.457280	done	0.027519	0.030266235997260083	31.612928	done	0.028203	0.03052062200004002	31.686656	TIMEOUT	30.870314	30.882638579998456	432.742400
svcomp2025-cra-monotone-hulls-integralized/loops-crafted-1/mono-crafted_97406b9.i---hull-3_integralized.yml	done	0.028267	0.03085466899210587	31.604736	done	0.027569	0.029819095994753297	31.354880	done	0.028206	0.03085614799783798	31.571968	TIMEOUT	30.864409	30.87957119299972	429.957120
svcomp2025-cra-monotone-hulls-integralized/loops-crafted-1/mono-crafted_97406b9.i---hull-4_integralized.yml	done	0.030674	0.03349188799620606	31.453184	done	0.035875	0.03831167400494451	31.354880	done	0.03283	0.035795068004517816	31.821824	TIMEOUT	30.855476	30.86632399699738	220.020736
svcomp2025-cra-monotone-hulls-integralized/loops-crafted-1/mono-crafted_97406b9.i---hull-5_integralized.yml	done	0.027879	0.030712512001628056	31.502336	done	0.029473	0.03201095500116935	31.449088	done	0.02928	0.03213606000645086	31.838208	TIMEOUT	30.856712	30.86778265099565	221.032448
svcomp2025-cra-monotone-hulls-integralized/loops-crafted-1/nested3-13dbe06.i---hull-10_integralized.yml	done	0.033809	0.03616755400435068	31.481856	done	0.027693	0.030095873000391293	31.596544	done	0.077041	0.06113708799966844	35.581952	TIMEOUT	30.871306	30.881518121001136	460.242944
svcomp2025-cra-monotone-hulls-integralized/loops-crafted-1/nested3-13dbe06.i---hull-11_integralized.yml	done	0.030752	0.033118825987912714	31.617024	done	0.027508	0.030120898001769092	31.477760	done	0.075976	0.06013945300219348	35.127296	TIMEOUT	30.874223	30.884818393999012	461.512704
svcomp2025-cra-monotone-hulls-integralized/loops-crafted-1/nested3-13dbe06.i---hull-14_integralized.yml	done	0.030803	0.03355012499378063	31.621120	done	0.031906	0.03461388700088719	31.780864	done	0.050779	0.04521505100274226	36.130816	TIMEOUT	30.867822	30.87878826799715	490.708992
svcomp2025-cra-monotone-hulls-integralized/loops-crafted-1/nested3-13dbe06.i---hull-15_integralized.yml	done	0.028983	0.0310231699841097	31.870976	done	0.036516	0.03936772399902111	31.600640	done	0.054693	0.04939906400250038	36.241408	TIMEOUT	30.866224	30.87895397900138	490.610688
svcomp2025-cra-monotone-hulls-integralized/loops-crafted-1/nested3-13dbe06.i---hull-16_integralized.yml	done	0.040325	0.04305721999844536	31.608832	done	0.028407	0.031194269002298824	31.801344	done	0.054057	0.047999891998188104	35.704832	TIMEOUT	30.874777	30.888025225998717	512.004096
svcomp2025-cra-monotone-hulls-integralized/loops-crafted-1/nested3-13dbe06.i---hull-17_integralized.yml	done	0.029377	0.032238951011095196	31.715328	done	0.028772	0.03162671899917768	31.916032	done	0.049701	0.04381543499766849	35.577856	TIMEOUT	30.868701	30.88090277899755	510.750720
svcomp2025-cra-monotone-hulls-integralized/loops-crafted-1/nested3-13dbe06.i---hull-2_integralized.yml	done	0.029547	0.0327131969970651	31.227904	done	0.027264	0.030181931004335638	31.203328	done	0.029386	0.03135717900295276	31.272960	TIMEOUT	30.871656	30.88040422100312	420.700160
svcomp2025-cra-monotone-hulls-integralized/loops-crafted-1/nested3-13dbe06.i---hull-3_integralized.yml	done	0.029066	0.03196453599957749	31.227904	done	0.027743	0.030259696002758574	31.305728	done	0.028451	0.030773459002375603	31.371264	TIMEOUT	30.866256	30.879980320998584	420.188160
svcomp2025-cra-monotone-hulls-integralized/loops-crafted-1/nested3-13dbe06.i---hull-4_integralized.yml	done	0.02732	0.029397652979241684	31.215616	done	0.026949	0.029671818992937915	31.211520	done	0.026871	0.028757245003362186	31.383552	TIMEOUT	30.865828	30.877548472002672	424.030208
svcomp2025-cra-monotone-hulls-integralized/loops-crafted-1/nested3-13dbe06.i---hull-5_integralized.yml	done	0.032247	0.03455201201722957	31.330304	done	0.027898	0.030818387000181247	31.219712	done	0.027246	0.03009895300056087	31.281152	TIMEOUT	30.867679	30.87877713800117	423.309312
svcomp2025-cra-monotone-hulls-integralized/loops-crafted-1/nested3-13dbe06.i---hull-8_integralized.yml	done	0.030459	0.03280725100194104	31.490048	done	0.027358	0.029657746003067587	31.449088	done	0.082329	0.06595256400032667	35.205120	TIMEOUT	30.87419	30.882826640998246	464.375808
svcomp2025-cra-monotone-hulls-integralized/loops-crafted-1/nested3-13dbe06.i---hull-9_integralized.yml	done	0.02798	0.03076082799816504	31.641600	done	0.031765	0.03463118500076234	31.535104	done	0.084094	0.06867636099923402	35.074048	TIMEOUT	30.87847	30.88812321599835	464.650240
svcomp2025-cra-monotone-hulls-integralized/loops-crafted-1/nested3-1_abstractedc5cd7f.i---hull-0_integralized.yml	done	0.029628	0.032351634989026934	31.485952	done	0.032601	0.03525599400018109	31.453184	done	0.08321	0.06585650499619078	35.627008	TIMEOUT	30.873105	30.886042611993616	454.381568
svcomp2025-cra-monotone-hulls-integralized/loops-crafted-1/nested3-1_abstractedc5cd7f.i---hull-10_integralized.yml	done	0.029026	0.03131528198719025	31.641600	done	0.028799	0.03122360500128707	31.555584	done	0.054384	0.04903980800008867	35.606528	TIMEOUT	30.881277	30.891770687994722	513.675264
svcomp2025-cra-monotone-hulls-integralized/loops-crafted-1/nested3-1_abstractedc5cd7f.i---hull-11_integralized.yml	done	0.030877	0.03323048900347203	31.621120	done	0.029571	0.03148040099767968	31.555584	done	0.055195	0.04916696700092871	35.979264	TIMEOUT	30.879434	30.8876246860018	517.242880
svcomp2025-cra-monotone-hulls-integralized/loops-crafted-1/nested3-1_abstractedc5cd7f.i---hull-1_integralized.yml	done	0.029552	0.03178183300769888	31.494144	done	0.033206	0.03520659300556872	31.494144	done	0.079529	0.0625038440048229	35.270656	TIMEOUT	30.875006	30.885792394998134	452.808704
svcomp2025-cra-monotone-hulls-integralized/loops-crafted-1/nested3-1_abstractedc5cd7f.i---hull-2_integralized.yml	done	0.030983	0.03300278200185858	31.551488	done	0.02832	0.030759392997424584	31.473664	done	0.083645	0.06461647000105586	35.397632	TIMEOUT	30.858577	30.86834535300295	260.952064
svcomp2025-cra-monotone-hulls-integralized/loops-crafted-1/nested3-1_abstractedc5cd7f.i---hull-3_integralized.yml	done	0.029102	0.03140972400433384	31.506432	done	0.028108	0.030889273002685513	31.735808	done	0.083933	0.06478140199760674	35.377152	TIMEOUT	30.858418	30.869347661995562	258.801664
svcomp2025-cra-monotone-hulls-integralized/loops-crafted-1/nested3-1_abstractedc5cd7f.i---hull-4_integralized.yml	done	0.03224	0.034698820003541186	31.772672	done	0.029262	0.0316749829944456	31.502336	done	0.087676	0.06907785200019134	35.328000	TIMEOUT	30.882054	30.891648819000693	446.414848
svcomp2025-cra-monotone-hulls-integralized/loops-crafted-1/nested3-1_abstractedc5cd7f.i---hull-5_integralized.yml	done	0.029453	0.03200733399717137	31.764480	done	0.029092	0.03155898499971954	31.498240	done	0.081085	0.06273206399782794	36.237312	TIMEOUT	30.871839	30.88149139199959	440.578048
svcomp2025-cra-monotone-hulls-integralized/loops-crafted-1/nested3-1_abstractedc5cd7f.i---hull-8_integralized.yml	done	0.034802	0.037407357012853026	31.617024	done	0.029657	0.032246815993858036	31.539200	done	0.052942	0.04753569700551452	36.114432	TIMEOUT	30.876151	30.885447885004396	525.275136
svcomp2025-cra-monotone-hulls-integralized/loops-crafted-1/nested3-1_abstractedc5cd7f.i---hull-9_integralized.yml	done	0.031041	0.03343255401705392	31.617024	done	0.029188	0.03192768200096907	31.805440	done	0.051586	0.045104296994395554	35.958784	TIMEOUT	30.870378	30.88146072300151	526.082048
svcomp2025-cra-monotone-hulls-integralized/loops-crafted-1/nested3-2216ff9.i---hull-2_integralized.yml	done	0.0274	0.03013166500022635	31.207424	done	0.027672	0.030165756994392723	31.207424	done	0.028526	0.030993273998319637	31.285248	TIMEOUT	30.869323	30.882461072003935	418.148352
svcomp2025-cra-monotone-hulls-integralized/loops-crafted-1/nested3-2216ff9.i---hull-3_integralized.yml	done	0.027477	0.03031904698582366	31.215616	done	0.028008	0.02980566800397355	31.207424	done	0.027694	0.030237942999519873	31.260672	TIMEOUT	30.882142	30.89283515500574	421.683200
svcomp2025-cra-monotone-hulls-integralized/loops-crafted-1/nested3-2216ff9.i---hull-4_integralized.yml	done	0.028219	0.030918764998205006	31.219712	done	0.032643	0.03523023299931083	31.387648	done	0.030528	0.03287050599465147	31.539200	TIMEOUT	30.874407	30.8834324299969	424.169472
svcomp2025-cra-monotone-hulls-integralized/loops-crafted-1/nested3-2216ff9.i---hull-5_integralized.yml	done	0.033525	0.03776362899225205	31.211520	done	0.029702	0.03208890200039605	31.305728	done	0.027653	0.02975462900212733	31.272960	TIMEOUT	30.866092	30.878067142999498	419.975168
svcomp2025-cra-monotone-hulls-integralized/loops-crafted-1/nested5-13f6f6a.i---hull-26_integralized.yml	done	0.035122	0.03708331100642681	31.682560	done	0.030421	0.03244006200111471	31.649792	done	0.033907	0.03617701099574333	32.165888	TIMEOUT	30.869536	30.878495017001114	484.376576
svcomp2025-cra-monotone-hulls-integralized/loops-crafted-1/nested5-13f6f6a.i---hull-27_integralized.yml	done	0.03113	0.03336734700133093	31.666176	done	0.028945	0.031677221006248146	31.645696	done	0.02968	0.03200861300138058	32.514048	TIMEOUT	30.870555	30.880603760000668	484.667392
svcomp2025-cra-monotone-hulls-integralized/loops-crafted-1/nested5-13f6f6a.i---hull-28_integralized.yml	done	0.029447	0.03189868901972659	31.666176	done	0.03021	0.033012195002811495	31.752192	done	0.029303	0.03157209399796557	32.268288	TIMEOUT	30.870576	30.88237469199521	558.682112
svcomp2025-cra-monotone-hulls-integralized/loops-crafted-1/nested5-13f6f6a.i---hull-29_integralized.yml	done	0.029297	0.031505079998169094	31.784960	done	0.028291	0.030317014003230724	31.649792	done	0.030514	0.032479155001055915	32.280576	TIMEOUT	30.868925	30.88018994199956	489.684992
svcomp2025-cra-monotone-hulls-integralized/loops-crafted-1/nested5-230ece3.i---hull-2_integralized.yml	done	0.027565	0.029995304998010397	31.215616	done	0.026447	0.02883276200009277	31.248384	done	0.027034	0.02978251600143267	31.526912	TIMEOUT	30.869332	30.883986257002107	420.839424
svcomp2025-cra-monotone-hulls-integralized/loops-crafted-1/nested5-230ece3.i---hull-3_integralized.yml	done	0.029917	0.03235124200000428	31.588352	done	0.029965	0.032638763994327746	31.408128	done	0.028868	0.0321551239976543	31.379456	TIMEOUT	30.873484	30.88524807599606	422.580224
svcomp2025-cra-monotone-hulls-integralized/loops-crafted-1/nested5-230ece3.i---hull-4_integralized.yml	done	0.027747	0.030202844995073974	31.211520	done	0.02739	0.02952535900112707	31.215616	done	0.026495	0.02880559799814364	31.379456	TIMEOUT	30.870907	30.882680857001105	423.116800
svcomp2025-cra-monotone-hulls-integralized/loops-crafted-1/nested5-230ece3.i---hull-5_integralized.yml	done	0.029668	0.032551980984862894	31.240192	done	0.029966	0.032960215998173226	31.199232	done	0.027581	0.030557605998183135	31.719424	TIMEOUT	30.870094	30.881831578000856	419.713024
svcomp2025-cra-monotone-hulls-integralized/loops-crafted-1/nested_delay_nd25f37e.i---hull-10_integralized.yml	done	0.060736	0.06292952402145602	33.030144	done	0.045446	0.048626371994032525	32.759808	done	0.063982	0.06692723900050623	36.413440	TIMEOUT	30.85963	30.870981104002567	294.604800
svcomp2025-cra-monotone-hulls-integralized/loops-crafted-1/nested_delay_nd25f37e.i---hull-11_integralized.yml	done	0.060883	0.0629156659997534	33.263616	done	0.050045	0.05277319299784722	33.181696	done	0.067484	0.0705143439990934	36.241408	TIMEOUT	30.860856	30.86966937899706	295.510016
svcomp2025-cra-monotone-hulls-integralized/loops-crafted-1/nested_delay_nd25f37e.i---hull-2_integralized.yml	done	0.028985	0.03116230500745587	31.588352	done	0.028332	0.030970129002525937	31.539200	done	0.033017	0.03598941000382183	32.313344	done	3.981652	3.985233501996845	47.587328
svcomp2025-cra-monotone-hulls-integralized/loops-crafted-1/nested_delay_nd25f37e.i---hull-3_integralized.yml	done	0.029838	0.03239762599696405	31.494144	done	0.028923	0.031444371001271065	31.444992	done	0.032979	0.03570362699974794	31.973376	done	4.12136	4.125260364002315	47.640576
svcomp2025-cra-monotone-hulls-integralized/loops-crafted-1/nested_delay_nd25f37e.i---hull-4_integralized.yml	done	0.029302	0.03155468899058178	31.764480	done	0.035339	0.03794434999872465	31.473664	done	0.031551	0.034265943002537824	32.231424	TIMEOUT	30.854521	30.863615752998157	166.846464
svcomp2025-cra-monotone-hulls-integralized/loops-crafted-1/nested_delay_nd25f37e.i---hull-5_integralized.yml	done	0.029927	0.03253838501404971	31.756288	done	0.028246	0.03053497299697483	31.457280	done	0.030345	0.033002627998939715	31.973376	TIMEOUT	30.852631	30.862950328999432	165.367808
svcomp2025-cra-monotone-hulls-integralized/loops-crafted-1/nested_delay_nd25f37e.i---hull-6_integralized.yml	done	0.041912	0.044427243003156036	32.616448	done	0.036943	0.0387670039999648	32.198656	done	0.047671	0.05083456000284059	34.779136	TIMEOUT	30.859382	30.8693216640022	291.405824
svcomp2025-cra-monotone-hulls-integralized/loops-crafted-1/nested_delay_nd25f37e.i---hull-7_integralized.yml	done	0.069428	0.07189895701594651	32.559104	done	0.042393	0.04429690800316166	32.215040	done	0.045379	0.04758116300217807	34.947072	TIMEOUT	30.858998	30.86925818600139	294.916096
svcomp2025-cra-monotone-hulls-integralized/loops-crafted-1/nested_delay_nd25f37e.i---hull-8_integralized.yml	done	0.048672	0.05169687498710118	32.587776	done	0.043572	0.04572997499781195	32.337920	done	0.084368	0.08953047200338915	35.135488	TIMEOUT	30.859972	30.871241021995957	293.822464
svcomp2025-cra-monotone-hulls-integralized/loops-crafted-1/nested_delay_nd25f37e.i---hull-9_integralized.yml	done	0.045509	0.048513130022911355	32.583680	done	0.039622	0.04197409300104482	32.751616	done	0.053116	0.05640703099925304	35.151872	TIMEOUT	30.858618	30.870315209002	282.632192
svcomp2025-cra-monotone-hulls-integralized/loops-crafted-1/sum_natnum3b0db6.i---hull-0_integralized.yml	done	0.029086	0.03180988400708884	31.338496	done	0.066046	0.06990142499853391	31.248384	done	0.028987	0.031166251996182837	31.518720	TIMEOUT	30.871606	30.883718458993826	441.839616
svcomp2025-cra-monotone-hulls-integralized/loops-crafted-1/sum_natnum3b0db6.i---hull-1_integralized.yml	done	0.028022	0.030217727995477617	31.526912	done	0.033733	0.03579446399817243	31.469568	done	0.029805	0.03216598300059559	31.379456	TIMEOUT	30.868025	30.880112097001984	445.644800
svcomp2025-cra-monotone-hulls-integralized/loops-crafted-1/sum_natnum3b0db6.i---hull-2_integralized.yml	done	0.030081	0.033011216000886634	31.293440	done	0.032552	0.03496188999997685	31.383552	done	0.027135	0.02953944299952127	31.698944	TIMEOUT	30.871231	30.883784246994765	450.904064
svcomp2025-cra-monotone-hulls-integralized/loops-crafted-1/sum_natnum3b0db6.i---hull-3_integralized.yml	done	0.027284	0.030332587019074708	31.289344	done	0.035056	0.03755854799965164	31.481856	done	0.030834	0.033836540998890996	31.674368	TIMEOUT	30.873696	30.88389312900108	455.057408
svcomp2025-cra-monotone-hulls-integralized/loops-crafted-1/sum_natnum3b0db6.i---hull-4_integralized.yml	done	0.034239	0.036958620010409504	31.510528	done	0.031259	0.03379920699808281	31.260672	done	0.027636	0.0303190109989373	31.494144	TIMEOUT	30.873404	30.88292820499919	452.026368
svcomp2025-cra-monotone-hulls-integralized/loops-crafted-1/sum_natnum3b0db6.i---hull-5_integralized.yml	done	0.03194	0.03484566102270037	31.281152	done	0.032319	0.03453632599848788	31.379456	done	0.027562	0.02994502599904081	31.559680	TIMEOUT	30.874447	30.883764373000304	445.890560
svcomp2025-cra-monotone-hulls-integralized/loops-crafted-1/sumt475868a.i---hull-0_integralized.yml	done	0.045093	0.04732170098577626	32.493568	done	0.039259	0.04131752400280675	32.321536	done	4.384504	3.186694254996837	162.185216	done	0.043166	0.04583797300438164	32.448512
svcomp2025-cra-monotone-hulls-integralized/loops-crafted-1/sumt475868a.i---hull-1_integralized.yml	done	0.043172	0.045937482005683705	32.493568	done	0.039134	0.041604243000620045	32.321536	done	4.364843	3.176300683997397	162.291712	done	0.039842	0.04243903300084639	32.460800
svcomp2025-cra-monotone-hulls-integralized/loops-crafted-1/sumt475868a.i---hull-2_integralized.yml	done	0.034937	0.037734013982117176	32.194560	done	0.035891	0.03805962800106499	32.206848	done	1.035606	0.7411251579978853	71.884800	done	0.033235	0.03612999899632996	32.198656
svcomp2025-cra-monotone-hulls-integralized/loops-crafted-1/sumt475868a.i---hull-4_integralized.yml	done	0.092716	0.09528725099517033	34.131968	done	0.063091	0.06606274200021289	33.320960	done	4.70273	3.4123919400008162	172.572672	done	0.068459	0.0709455429969239	33.677312
svcomp2025-cra-monotone-hulls-integralized/loops-crafted-1/sumt475868a.i---hull-5_integralized.yml	done	0.093472	0.09596243701525964	34.140160	done	0.062915	0.06555726499937009	33.316864	done	4.768641	3.4530567780020647	172.834816	done	0.07023	0.07306737500039162	33.796096
svcomp2025-cra-monotone-hulls-integralized/loops-crafted-1/sumt55e776d.i---hull-0_integralized.yml	done	0.057221	0.05984372500097379	33.320960	done	0.046167	0.04880813899944769	32.948224	TIMEOUT	31.177386	23.990505165995273	854.274048	done	0.05481	0.05720810499769868	33.427456
svcomp2025-cra-monotone-hulls-integralized/loops-crafted-1/sumt55e776d.i---hull-1_integralized.yml	done	0.076377	0.08123293099924922	33.202176	done	0.046956	0.049553337004908826	33.193984	TIMEOUT	31.10096	24.036791575999814	866.127872	done	0.052178	0.05531086400151253	33.095680
svcomp2025-cra-monotone-hulls-integralized/loops-crafted-1/sumt55e776d.i---hull-2_integralized.yml	done	0.116434	0.11876688900520094	35.295232	done	0.085034	0.08761704700009432	35.139584	done	18.789914	14.206825332003064	539.574272	done	0.105309	0.10754771099891514	34.754560
svcomp2025-cra-monotone-hulls-integralized/loops-crafted-1/sumt55e776d.i---hull-3_integralized.yml	done	0.113471	0.11562975600827485	35.508224	done	0.087648	0.09000155000103405	34.787328	done	18.380017	13.778025254003296	539.398144	done	0.093598	0.09665335199679248	34.848768
svcomp2025-cra-monotone-hulls-integralized/loops-crafted-1/sumt55e776d.i---hull-4_integralized.yml	done	0.543262	0.5460063759819604	40.751104	done	0.183904	0.1867303940016427	37.470208	TIMEOUT	30.925158	24.029629000004206	921.890816	done	0.38973	0.39275927699782187	40.693760
svcomp2025-cra-monotone-hulls-integralized/loops-crafted-1/sumt55e776d.i---hull-5_integralized.yml	done	0.543177	0.5464338279853109	40.923136	done	0.185846	0.18876690099568805	37.486592	TIMEOUT	30.991008	24.006936598998436	922.058752	done	0.402078	0.40489300199988065	40.431616
svcomp2025-cra-monotone-hulls-integralized/loops-crafted-1/sumt6c55211.i---hull-0_integralized.yml	done	0.0723	0.07498206899617799	34.349056	done	0.053864	0.055701721998048015	33.574912	TIMEOUT	31.138099	24.071435041994846	1036.398592	done	0.063812	0.06717214899981627	33.857536
svcomp2025-cra-monotone-hulls-integralized/loops-crafted-1/sumt6c55211.i---hull-1_integralized.yml	done	0.07686	0.08004844799870625	34.488320	done	0.059823	0.06221822500083363	33.570816	TIMEOUT	31.304513	24.094050156993035	954.527744	done	0.062608	0.06503644099575467	33.845248
svcomp2025-cra-monotone-hulls-integralized/loops-crafted-1/sumt6c55211.i---hull-2_integralized.yml	done	0.626903	0.6297895729949232	39.690240	done	0.107439	0.11003188100585248	35.684352	TIMEOUT	30.280202	22.975911963003455	940.273664	done	5.384755	5.387968828996236	44.662784
svcomp2025-cra-monotone-hulls-integralized/loops-crafted-1/sumt6c55211.i---hull-3_integralized.yml	done	0.629878	0.6330116809986066	40.013824	done	0.105997	0.1083648700005142	35.831808	TIMEOUT	30.282989	22.946176721001393	939.380736	done	5.602426	5.607066292002855	44.838912
svcomp2025-cra-monotone-hulls-integralized/loops-crafted-1/sumt6c55211.i---hull-4_integralized.yml	done	1.218042	1.2212612470029853	41.873408	done	2.092374	2.095269094003015	44.032000	TIMEOUT	31.247921	25.795872438000515	872.292352	done	1.034629	1.0376733709999826	41.021440
svcomp2025-cra-monotone-hulls-integralized/loops-crafted-1/sumt6c55211.i---hull-5_integralized.yml	done	1.221576	1.2245416899968404	41.865216	done	1.976899	1.9803363800019724	43.773952	TIMEOUT	31.215096	25.781418261001818	872.136704	done	1.019382	1.0222555930013186	41.218048
svcomp2025-cra-monotone-hulls-integralized/loops-crafted-1/sumt7c1e2d8.i---hull-0_integralized.yml	done	0.104308	0.10709234798559919	36.147200	done	0.079288	0.0822451310014003	34.762752	TIMEOUT	30.934581	30.86186022000038	1022.185472	done	0.08423	0.08740553600364365	35.139584
svcomp2025-cra-monotone-hulls-integralized/loops-crafted-1/sumt7c1e2d8.i---hull-1_integralized.yml	done	0.106815	0.11000905101536773	36.032512	done	0.069321	0.07156136100093136	34.877440	TIMEOUT	30.940863	30.864012826998078	1021.743104	done	0.084213	0.08610983099788427	35.164160
svcomp2025-cra-monotone-hulls-integralized/loops-crafted-1/sumt7c1e2d8.i---hull-2_integralized.yml	done	0.219101	0.22195527001167648	39.759872	done	0.141072	0.14313597800355637	38.739968	TIMEOUT	30.954075	30.866940772000817	1220.456448	done	0.164123	0.1670618790012668	39.358464
svcomp2025-cra-monotone-hulls-integralized/loops-crafted-1/sumt7c1e2d8.i---hull-3_integralized.yml	done	0.219504	0.22248932399088517	40.001536	done	0.147852	0.1505637320005917	38.838272	TIMEOUT	30.946184	30.86120743900392	1220.665344	done	0.166071	0.1691920299999765	39.424000
svcomp2025-cra-monotone-hulls-integralized/loops-crafted-1/sumt7c1e2d8.i---hull-4_integralized.yml	TIMEOUT	30.850501	30.857724506990053	65.732608	TIMEOUT	30.849274	30.858619659004034	63.021056	TIMEOUT	30.984225	30.887911792000523	1399.001088	TIMEOUT	30.849545	30.85889985700487	74.596352
svcomp2025-cra-monotone-hulls-integralized/loops-crafted-1/sumt7c1e2d8.i---hull-5_integralized.yml	TIMEOUT	30.849991	30.859735418023774	65.703936	TIMEOUT	30.849547	30.8578953049946	63.541248	TIMEOUT	30.953884	30.86301331600407	1398.288384	TIMEOUT	30.850531	30.85906210000394	76.509184
svcomp2025-cra-monotone-hulls-integralized/loops-crafted-1/sumt8450278.i---hull-0_integralized.yml	done	0.144087	0.14672083102050237	37.359616	done	0.105108	0.10775298800581368	36.372480	TIMEOUT	37.328734	28.90913612499571	6468.575232	done	0.114691	0.118269626997062	36.343808
svcomp2025-cra-monotone-hulls-integralized/loops-crafted-1/sumt8450278.i---hull-1_integralized.yml	done	0.163707	0.16651553800329566	37.003264	done	0.104011	0.10696572299639229	36.151296	TIMEOUT	34.99014	28.94764406899776	6467.485696	done	0.121785	0.12475371499749599	36.335616
svcomp2025-cra-monotone-hulls-integralized/loops-crafted-1/sumt8450278.i---hull-2_integralized.yml	done	0.292015	0.29514888700214215	40.742912	done	0.198707	0.20162214899755782	40.173568	TIMEOUT	31.100044	30.993087681999896	5886.853120	done	0.240911	0.24391479000041727	40.636416
svcomp2025-cra-monotone-hulls-integralized/loops-crafted-1/sumt8450278.i---hull-3_integralized.yml	done	0.29962	0.3025226030149497	40.755200	done	0.195444	0.19787356499728048	40.103936	TIMEOUT	31.111581	31.005936333996942	5888.282624	done	0.243587	0.24622466899745632	40.673280
svcomp2025-cra-monotone-hulls-integralized/loops-crafted-1/sumt8450278.i---hull-4_integralized.yml	TIMEOUT	30.849431	30.85841390499263	62.865408	TIMEOUT	30.849528	30.857817998003156	63.729664	TIMEOUT	31.091575	30.989194305999263	5389.357056	TIMEOUT	30.851478	30.85869523099973	65.978368
svcomp2025-cra-monotone-hulls-integralized/loops-crafted-1/sumt8450278.i---hull-5_integralized.yml	TIMEOUT	30.84915	30.859178746002726	63.217664	TIMEOUT	30.850506	30.85856391300331	63.574016	TIMEOUT	31.09492	30.98745449299895	5390.757888	TIMEOUT	30.849527	30.85861979999754	65.519616
svcomp2025-cra-monotone-hulls-integralized/loops-crafted-1/sumt9f7aa0a.i---hull-0_integralized.yml	done	0.177003	0.18032850199961103	38.203392	done	0.140808	0.14360944899817696	36.720640	TIMEOUT	31.078608	31.09049881000101	8708.423680	done	0.300006	0.303024380998977	37.888000
svcomp2025-cra-monotone-hulls-integralized/loops-crafted-1/sumt9f7aa0a.i---hull-1_integralized.yml	done	0.179708	0.18160385900409892	37.871616	done	0.136052	0.13879354500386398	36.741120	TIMEOUT	31.062698	31.0748763790034	8708.341760	done	0.137397	0.13997890800237656	37.462016
svcomp2025-cra-monotone-hulls-integralized/loops-crafted-1/sumt9f7aa0a.i---hull-2_integralized.yml	done	0.140569	0.14306758000748232	37.134336	done	0.086017	0.08861344700562768	36.298752	TIMEOUT	31.042913	31.055197786001372	7710.949376	done	0.107049	0.10983135599963134	36.466688
svcomp2025-cra-monotone-hulls-integralized/loops-crafted-1/sumt9f7aa0a.i---hull-3_integralized.yml	done	0.133126	0.13607839899486862	37.015552	done	0.081932	0.0848216250014957	36.032512	TIMEOUT	31.05134	31.063051539997105	7858.331648	done	0.114735	0.11756980000063777	36.712448
svcomp2025-cra-monotone-hulls-integralized/loop-simple/deep-nestede762b5.i---hull-10_integralized.yml	done	0.035486	0.038471328996820375	31.567872	done	0.028169	0.030506563001836184	31.637504	done	0.037173	0.03932667900517117	32.153600	TIMEOUT	30.870433	30.887942321998707	529.522688
svcomp2025-cra-monotone-hulls-integralized/loop-simple/deep-nestede762b5.i---hull-11_integralized.yml	done	0.030489	0.03297608200227842	31.776768	done	0.030956	0.03317817000061041	31.522816	done	0.031211	0.034059826997690834	32.190464	TIMEOUT	30.87414	30.88604847499664	530.112512
svcomp2025-cra-monotone-hulls-integralized/loop-simple/deep-nestede762b5.i---hull-14_integralized.yml	done	0.033814	0.03637795598478988	31.576064	done	0.064302	0.06702099399990402	31.510528	done	0.030556	0.033097261999500915	31.985664	TIMEOUT	30.869006	30.882280559999344	525.733888
svcomp2025-cra-monotone-hulls-integralized/loop-simple/deep-nestede762b5.i---hull-15_integralized.yml	done	0.029746	0.032243160996586084	31.633408	done	0.031923	0.03444185799889965	31.518720	done	0.031253	0.03456058300071163	32.260096	TIMEOUT	30.869008	30.88155632300186	525.717504
svcomp2025-cra-monotone-hulls-integralized/loop-simple/deep-nestede762b5.i---hull-16_integralized.yml	done	0.035669	0.03793525998480618	31.830016	done	0.028652	0.031111716998566408	31.797248	done	0.02849	0.03119147600227734	31.993856	TIMEOUT	30.870643	30.881154094997328	540.303360
svcomp2025-cra-monotone-hulls-integralized/loop-simple/deep-nestede762b5.i---hull-17_integralized.yml	done	0.030915	0.033584243996301666	31.571968	done	0.029412	0.03155769700242672	31.535104	done	0.030433	0.03348565199848963	32.256000	TIMEOUT	30.88003	30.892312940006377	540.082176
svcomp2025-cra-monotone-hulls-integralized/loop-simple/deep-nestede762b5.i---hull-20_integralized.yml	done	0.030328	0.033175914984894916	31.555584	done	0.033633	0.03618581499904394	31.592448	done	0.031699	0.034121037999284454	32.047104	TIMEOUT	30.860326	30.869786325994937	295.182336
svcomp2025-cra-monotone-hulls-integralized/loop-simple/deep-nestede762b5.i---hull-21_integralized.yml	done	0.031713	0.03350796300219372	31.653888	done	0.029108	0.03224803899502149	31.776768	done	0.029505	0.0317394149969914	32.153600	TIMEOUT	30.862724	30.876355153995974	295.272448
svcomp2025-cra-monotone-hulls-integralized/loop-simple/deep-nestede762b5.i---hull-22_integralized.yml	done	0.03053	0.03347030398435891	31.678464	done	0.03103	0.03383538199705072	31.657984	done	0.031991	0.03412893699714914	32.186368	TIMEOUT	30.879005	30.888909665998654	553.029632
svcomp2025-cra-monotone-hulls-integralized/loop-simple/deep-nestede762b5.i---hull-23_integralized.yml	done	0.029783	0.03268120900611393	31.571968	done	0.029971	0.03294166900013806	31.539200	done	0.035024	0.037432414006616455	32.083968	TIMEOUT	30.87756	30.8891905950004	553.263104
svcomp2025-cra-monotone-hulls-integralized/loop-simple/deep-nestede762b5.i---hull-26_integralized.yml	done	0.031274	0.034743266995064914	31.596544	done	0.036847	0.03908514099748572	31.666176	done	0.03072	0.033163883999804966	32.108544	TIMEOUT	30.869499	30.88129233899963	556.191744
svcomp2025-cra-monotone-hulls-integralized/loop-simple/deep-nestede762b5.i---hull-27_integralized.yml	done	0.028807	0.03189035499235615	31.719424	done	0.030141	0.033945287999813445	31.531008	done	0.031427	0.03337999300129013	32.362496	TIMEOUT	30.872012	30.88167822900141	556.081152
svcomp2025-cra-monotone-hulls-integralized/loop-simple/deep-nestede762b5.i---hull-28_integralized.yml	done	0.029929	0.03255366301164031	31.633408	done	0.02876	0.030846909001411404	31.571968	done	0.047988	0.0535284759971546	32.149504	TIMEOUT	30.879574	30.88743218500167	535.846912
svcomp2025-cra-monotone-hulls-integralized/loop-simple/deep-nestede762b5.i---hull-29_integralized.yml	done	0.030681	0.033706696005538106	31.625216	done	0.029257	0.031799408003280405	31.571968	done	0.03065	0.03335685999627458	32.403456	TIMEOUT	30.871824	30.879543641000055	536.305664
svcomp2025-cra-monotone-hulls-integralized/loop-simple/deep-nestede762b5.i---hull-2_integralized.yml	done	0.038431	0.04091944999527186	32.329728	done	0.036046	0.03865943100390723	32.268288	done	0.04663	0.04922813499433687	33.443840	TIMEOUT	30.862547	30.87048100300308	192.544768
svcomp2025-cra-monotone-hulls-integralized/loop-simple/deep-nestede762b5.i---hull-3_integralized.yml	done	0.039337	0.04186459397897124	32.014336	done	0.037658	0.04033239999989746	31.965184	done	0.0416	0.04414221600018209	32.980992	TIMEOUT	30.855992	30.863723060996563	192.000000
svcomp2025-cra-monotone-hulls-integralized/loop-simple/deep-nestede762b5.i---hull-4_integralized.yml	done	0.079809	0.08282264400622807	31.895552	done	0.034534	0.0369143330026418	31.875072	done	0.036011	0.03913416000432335	33.021952	TIMEOUT	30.85915	30.867888471002516	239.017984
svcomp2025-cra-monotone-hulls-integralized/loop-simple/deep-nestede762b5.i---hull-5_integralized.yml	done	0.034763	0.03718373097945005	32.153600	done	0.033684	0.03631382399908034	31.985664	done	0.036683	0.039004866004688665	33.013760	TIMEOUT	30.859953	30.867618531003245	240.640000
svcomp2025-cra-monotone-hulls-integralized/loop-simple/deep-nestede762b5.i---hull-8_integralized.yml	done	0.03539	0.0376898410031572	31.592448	done	0.028879	0.031006224002339877	31.965184	done	0.030244	0.032352137997804675	31.928320	TIMEOUT	30.872585	30.88159724399884	591.294464
svcomp2025-cra-monotone-hulls-integralized/loop-simple/deep-nestede762b5.i---hull-9_integralized.yml	done	0.030356	0.03319888198166154	31.834112	done	0.028592	0.03040801500173984	31.510528	done	0.030119	0.032724675998906605	31.932416	TIMEOUT	30.87073	30.879829429999518	518.881280
svcomp2025-cra-monotone-hulls-integralized/nla-digbench/dijkstra-uef0502.i---hull-0_integralized.yml	done	0.074872	0.07783973202458583	33.681408	done	0.053725	0.056492283001716714	33.452032	done	17.482114	11.216293152996514	372.260864	done	0.103456	0.10618741500366013	35.024896
svcomp2025-cra-monotone-hulls-integralized/nla-digbench/dijkstra-uef0502.i---hull-1_integralized.yml	done	0.079616	0.08248420400195755	33.906688	done	0.055449	0.058717109001008794	33.538048	done	17.616274	11.383115329001157	371.240960	done	0.107923	0.11063814799854299	35.282944
svcomp2025-cra-monotone-hulls-integralized/nla-digbench/dijkstra-uef0502.i---hull-2_integralized.yml	done	0.05565	0.05863753700396046	33.325056	done	0.049387	0.052551583998138085	33.214464	done	18.207375	11.92274977699708	391.565312	done	0.081193	0.08420289700006833	33.955840
svcomp2025-cra-monotone-hulls-integralized/nla-digbench/dijkstra-uef0502.i---hull-3_integralized.yml	done	0.057428	0.059929126990027726	33.292288	done	0.049633	0.05245796900271671	32.960512	done	18.298717	11.954332209999848	391.634944	done	0.077099	0.07941046400082996	33.955840
svcomp2025-cra-monotone-hulls-integralized/nla-digbench/dijkstra-uef0502.i---hull-4_integralized.yml	done	0.079318	0.08278836900717579	33.939456	done	0.056226	0.05880373500258429	33.255424	done	16.222544	10.617109842998616	358.842368	done	0.068824	0.07134137300454313	33.841152
svcomp2025-cra-monotone-hulls-integralized/nla-digbench/dijkstra-uef0502.i---hull-5_integralized.yml	done	0.082019	0.08477043997845612	33.939456	done	0.055725	0.058652114996220917	33.247232	done	16.056287	10.603935905004619	358.895616	done	0.070282	0.07307246900018072	33.853440
svcomp2025-cra-monotone-hulls-integralized/nla-digbench/dijkstra0c3d2c.i---hull-0_integralized.yml	done	0.063167	0.0663717660063412	33.198080	done	0.056808	0.059420984995085746	32.886784	done	5.230499	3.6436030240001855	164.765696	done	0.046267	0.04871771299804095	32.825344
svcomp2025-cra-monotone-hulls-integralized/nla-digbench/dijkstra0c3d2c.i---hull-1_integralized.yml	done	0.062067	0.06479552199016325	33.423360	done	0.050734	0.0538024490015232	32.804864	done	5.241175	3.638603517996671	163.794944	done	0.047178	0.05038070400041761	32.882688
svcomp2025-cra-monotone-hulls-integralized/nla-digbench/dijkstra0c3d2c.i---hull-2_integralized.yml	done	0.050532	0.05261344401515089	32.710656	done	0.040077	0.043140672001754865	32.595968	done	5.674012	3.9643454929973814	176.152576	done	0.042456	0.04487760100164451	32.616448
svcomp2025-cra-monotone-hulls-integralized/nla-digbench/dijkstra0c3d2c.i---hull-3_integralized.yml	done	0.052855	0.05550665999180637	33.030144	done	0.038656	0.04103136999765411	32.686080	done	5.781655	4.045878782002546	175.960064	done	0.046972	0.049433152002166025	32.980992
svcomp2025-cra-monotone-hulls-integralized/nla-digbench/dijkstra0c3d2c.i---hull-4_integralized.yml	done	0.062139	0.06550040098954923	33.267712	done	0.04731	0.04942625900002895	32.784384	done	4.732728	3.309200558003795	154.300416	done	0.056291	0.05893544600257883	33.382400
svcomp2025-cra-monotone-hulls-integralized/nla-digbench/dijkstra0c3d2c.i---hull-5_integralized.yml	done	0.060756	0.06296701799146831	33.202176	done	0.047024	0.049976138994679786	32.878592	done	4.764019	3.335960639997211	154.738688	done	0.052674	0.055490200997155625	33.124352
svcomp2025-cra-monotone-hulls-integralized/nla-digbench/hard-llbc9dec.i---hull-10_integralized.yml	done	0.03699	0.03979390099993907	32.440320	done	0.033387	0.03628607199789258	32.305152	done	1.235187	0.8844594469992444	77.778944	done	0.034033	0.03712513999926159	32.075776
svcomp2025-cra-monotone-hulls-integralized/nla-digbench/hard-llbc9dec.i---hull-11_integralized.yml	done	0.037907	0.041077052999753505	32.182272	done	0.031558	0.033823105004557874	32.047104	done	1.260583	0.8895593859997462	78.393344	done	0.032002	0.03461765200336231	32.071680
svcomp2025-cra-monotone-hulls-integralized/nla-digbench/hard-llbc9dec.i---hull-6_integralized.yml	done	0.044575	0.04704236797988415	32.313344	done	0.040439	0.04271917200094322	32.145408	done	1.018261	0.7173524219979299	69.603328	done	0.045593	0.048361023000325076	32.677888
svcomp2025-cra-monotone-hulls-integralized/nla-digbench/hard-llbc9dec.i---hull-7_integralized.yml	done	0.043296	0.04562732798513025	32.296960	done	0.037688	0.040772902000753675	32.403456	done	1.008291	0.7146096840006066	69.570560	done	0.047952	0.05029993599600857	32.800768
svcomp2025-cra-monotone-hulls-integralized/nla-digbench/hard-llbc9dec.i---hull-8_integralized.yml	done	0.075067	0.07820722600445151	32.190464	done	0.033565	0.03672048100270331	32.067584	done	1.356581	0.9166536199991242	78.614528	done	0.080148	0.08566104600322433	32.153600
svcomp2025-cra-monotone-hulls-integralized/nla-digbench/hard-llbc9dec.i---hull-9_integralized.yml	done	0.038483	0.04094955598702654	32.178176	done	0.039584	0.0420054819987854	32.088064	done	1.359731	0.9300295249995543	78.356480	done	0.041553	0.04439536900463281	32.509952
svcomp2025-cra-monotone-hulls-integralized/nla-digbench/hard-u276981.i---hull-10_integralized.yml	done	0.038502	0.040848225995432585	32.436224	done	0.033248	0.036206172000674997	32.165888	done	1.260913	0.8846555290001561	78.450688	done	0.033909	0.03707212399604032	32.333824
svcomp2025-cra-monotone-hulls-integralized/nla-digbench/hard-u276981.i---hull-11_integralized.yml	done	0.037929	0.04077090599457733	32.440320	done	0.035736	0.03799833100492833	32.301056	done	1.302885	0.9358873740056879	77.803520	done	0.034833	0.03739059399958933	32.354304
svcomp2025-cra-monotone-hulls-integralized/nla-digbench/hard-u276981.i---hull-6_integralized.yml	done	0.045101	0.048004879005020484	32.391168	done	0.038077	0.04079564299900085	32.145408	done	1.013152	0.7231939049961511	69.222400	done	0.048809	0.05072981600096682	33.087488
svcomp2025-cra-monotone-hulls-integralized/nla-digbench/hard-u276981.i---hull-7_integralized.yml	done	0.04316	0.04601615699357353	32.321536	done	0.036771	0.0396224220021395	32.485376	done	1.009187	0.7141639750043396	69.550080	done	0.045595	0.04816689500148641	32.534528
svcomp2025-cra-monotone-hulls-integralized/nla-digbench/hard-u276981.i---hull-8_integralized.yml	done	0.039532	0.04256490000989288	32.518144	done	0.035177	0.03737540199654177	32.067584	done	1.353025	0.9222333169964259	78.417920	done	0.040705	0.04342630500468658	32.366592
svcomp2025-cra-monotone-hulls-integralized/nla-digbench/hard-u276981.i---hull-9_integralized.yml	done	0.041117	0.04357458901358768	32.186368	done	0.033725	0.03630420999979833	32.067584	done	1.336669	0.9207659370003967	77.733888	done	0.035535	0.03782618100376567	32.247808
svcomp2025-cra-monotone-hulls-integralized/nla-digbench-scaling/bresenham-ll_unwindbound1002d312f.i---hull-0_integralized.yml	done	0.031936	0.03484472999116406	31.744000	done	0.030042	0.0327683400028036	31.690752	TIMEOUT	30.678645	21.03524049900443	995.184640	done	0.029795	0.032098119001602754	31.694848
svcomp2025-cra-monotone-hulls-integralized/nla-digbench-scaling/bresenham-ll_unwindbound1002d312f.i---hull-1_integralized.yml	done	0.037487	0.03979451101622544	31.748096	done	0.041177	0.04491811100160703	31.981568	TIMEOUT	30.809494	20.965859260999423	978.272256	done	0.031221	0.0342222600011155	31.682560
svcomp2025-cra-monotone-hulls-integralized/nla-digbench-scaling/bresenham-ll_unwindbound1002d312f.i---hull-2_integralized.yml	done	0.060544	0.06305373899522237	32.940032	done	0.053518	0.056302085002243984	32.419840	TIMEOUT	31.268683	20.813121217004664	905.162752	done	0.278657	0.2813594249964808	39.677952
svcomp2025-cra-monotone-hulls-integralized/nla-digbench-scaling/bresenham-ll_unwindbound1002d312f.i---hull-3_integralized.yml	done	0.058507	0.06079352498636581	32.747520	done	0.047877	0.05089416300324956	32.387072	TIMEOUT	31.207993	20.838937986001838	894.013440	done	0.288162	0.29157172499981243	39.862272
svcomp2025-cra-monotone-hulls-integralized/nla-digbench-scaling/bresenham-ll_unwindbound1002d312f.i---hull-4_integralized.yml	done	0.515647	0.5186270230042282	40.730624	done	0.651554	0.6541937009969843	34.177024	TIMEOUT	30.139312	21.281237584997143	1078.878208	TIMEOUT	30.850156	30.85842803199921	58.957824
svcomp2025-cra-monotone-hulls-integralized/nla-digbench-scaling/bresenham-ll_unwindbound1002d312f.i---hull-5_integralized.yml	done	0.492884	0.49562334301299416	40.755200	done	0.641219	0.6436113909949199	34.201600	TIMEOUT	30.227596	21.25205920800363	1079.394304	TIMEOUT	30.853405	30.858478244001162	58.863616
svcomp2025-cra-monotone-hulls-integralized/nla-digbench-scaling/bresenham-ll_unwindbound10ddd1db.i---hull-0_integralized.yml	done	0.032982	0.03572552901459858	31.739904	done	0.032657	0.035078779998002574	31.698944	done	3.813369	2.437222140993981	118.452224	done	0.032006	0.03455743799713673	31.723520
svcomp2025-cra-monotone-hulls-integralized/nla-digbench-scaling/bresenham-ll_unwindbound10ddd1db.i---hull-1_integralized.yml	done	0.033353	0.035879169998224825	31.744000	done	0.032234	0.03390804600348929	31.801344	done	3.799808	2.4400710230038385	117.817344	done	0.032502	0.034863781998865306	31.989760
svcomp2025-cra-monotone-hulls-integralized/nla-digbench-scaling/bresenham-ll_unwindbound10ddd1db.i---hull-2_integralized.yml	done	0.055097	0.057884078996721655	32.636928	done	0.045301	0.047011049995489884	32.309248	done	5.092562	3.2368701259983936	135.794688	done	0.319194	0.3218373270065058	37.814272
svcomp2025-cra-monotone-hulls-integralized/nla-digbench-scaling/bresenham-ll_unwindbound10ddd1db.i---hull-3_integralized.yml	done	0.053931	0.05711428099311888	33.173504	done	0.040223	0.043444960996566806	32.403456	done	5.118577	3.265359571996669	135.921664	done	0.301863	0.30417425600171555	37.810176
svcomp2025-cra-monotone-hulls-integralized/nla-digbench-scaling/bresenham-ll_unwindbound10ddd1db.i---hull-4_integralized.yml	done	0.080738	0.0836177009914536	33.906688	done	0.05912	0.06142073299997719	33.566720	done	3.730967	2.475825633999193	130.035712	done	1.259602	1.2628143440015265	39.854080
svcomp2025-cra-monotone-hulls-integralized/nla-digbench-scaling/bresenham-ll_unwindbound10ddd1db.i---hull-5_integralized.yml	done	0.073581	0.07674386398866773	33.914880	done	0.063272	0.066066484003386	33.468416	done	3.725712	2.489241351999226	129.310720	done	1.27776	1.2803365270010545	39.301120
svcomp2025-cra-monotone-hulls-integralized/nla-digbench-scaling/bresenham-ll_unwindbound2070e615.i---hull-0_integralized.yml	done	0.031709	0.03460667302715592	31.744000	done	0.0302	0.03275027700146893	31.694848	done	8.567261	5.51936139800091	220.299264	done	0.033889	0.0369702000025427	31.686656
svcomp2025-cra-monotone-hulls-integralized/nla-digbench-scaling/bresenham-ll_unwindbound2070e615.i---hull-1_integralized.yml	done	0.032327	0.034563216991955414	31.862784	done	0.034444	0.03672491199540673	31.805440	done	8.549802	5.488086555000336	219.107328	done	0.031584	0.03442306199576706	31.948800
svcomp2025-cra-monotone-hulls-integralized/nla-digbench-scaling/bresenham-ll_unwindbound2070e615.i---hull-2_integralized.yml	done	0.059584	0.06285825200029649	32.862208	done	0.049349	0.05168890200002352	32.657408	done	11.27651	7.217624999000691	258.920448	done	0.106011	0.1088019900053041	34.537472
svcomp2025-cra-monotone-hulls-integralized/nla-digbench-scaling/bresenham-ll_unwindbound2070e615.i---hull-3_integralized.yml	done	0.062094	0.06487407299573533	32.763904	done	0.048442	0.05117203400004655	32.395264	done	11.281376	7.19583937900461	259.076096	done	0.104346	0.10737186400365317	34.394112
svcomp2025-cra-monotone-hulls-integralized/nla-digbench-scaling/bresenham-ll_unwindbound2070e615.i---hull-4_integralized.yml	done	0.134541	0.13677718900726177	36.417536	done	0.112352	0.11535868800274329	36.151296	done	8.140055	5.467258653996396	239.575040	done	16.423348	16.429625554002996	67.207168
svcomp2025-cra-monotone-hulls-integralized/nla-digbench-scaling/bresenham-ll_unwindbound2070e615.i---hull-5_integralized.yml	done	0.142636	0.14545251900563017	36.478976	done	0.114369	0.1177809260043432	35.889152	done	8.102967	5.39049076900119	240.009216	done	16.485148	16.489265606003755	67.190784
svcomp2025-cra-monotone-hulls-integralized/nla-digbench-scaling/bresenham-ll_unwindbound50164661.i---hull-0_integralized.yml	done	0.032671	0.035416222002822906	31.744000	done	0.032029	0.03492540099978214	31.809536	done	23.366449	15.356346241998835	606.605312	done	0.036663	0.039854059999925084	31.989760
svcomp2025-cra-monotone-hulls-integralized/nla-digbench-scaling/bresenham-ll_unwindbound50164661.i---hull-1_integralized.yml	done	0.035182	0.0375362100021448	31.875072	done	0.033842	0.03641321500617778	31.793152	done	23.762981	15.608392704001744	606.539776	done	0.031189	0.03363960400020005	31.985664
svcomp2025-cra-monotone-hulls-integralized/nla-digbench-scaling/bresenham-ll_unwindbound50164661.i---hull-2_integralized.yml	done	0.068563	0.07156937499530613	33.292288	done	0.056264	0.05888680699717952	32.534528	TIMEOUT	30.059633	19.598421907998272	713.179136	done	0.171213	0.17420919799769763	36.028416
svcomp2025-cra-monotone-hulls-integralized/nla-digbench-scaling/bresenham-ll_unwindbound50164661.i---hull-3_integralized.yml	done	0.065061	0.06775759000447579	32.862208	done	0.060509	0.06295800699444953	32.600064	TIMEOUT	30.107033	19.584200679004425	710.922240	done	0.170117	0.1736024769998039	36.036608
svcomp2025-cra-monotone-hulls-integralized/nla-digbench-scaling/bresenham-ll_unwindbound50164661.i---hull-4_integralized.yml	done	0.098364	0.10149715800071135	33.677312	done	0.080542	0.08330400600243593	33.247232	done	22.378038	15.16596004999883	662.175744	TIMEOUT	30.853472	30.85970967799949	60.100608
svcomp2025-cra-monotone-hulls-integralized/nla-digbench-scaling/bresenham-ll_unwindbound50164661.i---hull-5_integralized.yml	done	0.097664	0.10036832999321632	33.951744	done	0.085595	0.08793283800332574	33.222656	done	22.647687	15.363357487003668	662.806528	TIMEOUT	30.85004	30.857531313995423	59.904000
svcomp2025-cra-monotone-hulls-integralized/nla-digbench-scaling/bresenham-ll_unwindbound529a499.i---hull-0_integralized.yml	done	0.037148	0.03930530301295221	31.752192	done	0.030884	0.03330064000329003	31.711232	done	1.285264	0.8365850409973064	66.723840	done	0.029715	0.03221700900030555	32.030720
svcomp2025-cra-monotone-hulls-integralized/nla-digbench-scaling/bresenham-ll_unwindbound529a499.i---hull-1_integralized.yml	done	0.038827	0.04090814501978457	31.916032	done	0.039188	0.04173396700207377	31.780864	done	1.284313	0.8348927710030694	67.276800	done	0.037381	0.039858812000602484	31.756288
svcomp2025-cra-monotone-hulls-integralized/nla-digbench-scaling/bresenham-ll_unwindbound529a499.i---hull-2_integralized.yml	done	0.056196	0.058590836997609586	32.722944	done	0.045867	0.048201828001765534	32.436224	done	1.663805	1.068605173000833	74.272768	done	0.197759	0.20074612600001274	34.127872
svcomp2025-cra-monotone-hulls-integralized/nla-digbench-scaling/bresenham-ll_unwindbound529a499.i---hull-3_integralized.yml	done	0.059367	0.0618659169995226	32.825344	done	0.051633	0.0541778959959629	32.632832	done	1.687117	1.1031842829979723	73.809920	done	0.180997	0.18412332200387027	34.562048
svcomp2025-cra-monotone-hulls-integralized/nla-digbench-scaling/bresenham-ll_unwindbound529a499.i---hull-4_integralized.yml	done	0.065585	0.06752985701314174	33.804288	done	0.055949	0.05811001300025964	33.333248	done	1.19177	0.8118260849951184	70.713344	done	0.372534	0.3750571950004087	38.395904
svcomp2025-cra-monotone-hulls-integralized/nla-digbench-scaling/bresenham-ll_unwindbound529a499.i---hull-5_integralized.yml	done	0.070876	0.07372026800294407	33.796096	done	0.054679	0.057641930994577706	33.071104	done	1.165531	0.783190784000908	70.930432	done	0.362807	0.365987592995225	38.293504
svcomp2025-cra-monotone-hulls-integralized/nla-digbench-scaling/dijkstra-u_unwindbound100e4c5c3.i---hull-0_integralized.yml	done	0.097227	0.09973314599483274	34.430976	done	0.062559	0.06512808599654818	33.538048	TIMEOUT	30.315491	19.5061628570038	567.398400	done	0.104655	0.10737288900418207	35.082240
svcomp2025-cra-monotone-hulls-integralized/nla-digbench-scaling/dijkstra-u_unwindbound100e4c5c3.i---hull-1_integralized.yml	done	0.101032	0.10351718199672177	34.324480	done	0.06088	0.06396164799662074	33.546240	TIMEOUT	30.427405	19.523226921999594	506.716160	done	0.110466	0.11346177200175589	35.074048
svcomp2025-cra-monotone-hulls-integralized/nla-digbench-scaling/dijkstra-u_unwindbound100e4c5c3.i---hull-2_integralized.yml	done	0.103014	0.10594140397734009	34.840576	done	0.058056	0.06081197899766266	33.513472	TIMEOUT	31.125811	19.499193597999692	507.645952	done	2.303169	2.3063484970043646	59.273216
svcomp2025-cra-monotone-hulls-integralized/nla-digbench-scaling/dijkstra-u_unwindbound100e4c5c3.i---hull-3_integralized.yml	done	0.103107	0.10591554502025247	34.758656	done	0.059009	0.062358486000448465	33.431552	TIMEOUT	31.11168	19.524800547005725	507.641856	done	2.319118	2.3218104890038376	59.437056
svcomp2025-cra-monotone-hulls-integralized/nla-digbench-scaling/dijkstra-u_unwindbound100e4c5c3.i---hull-4_integralized.yml	done	0.095374	0.0979675589769613	34.447360	done	0.061834	0.0651628810010152	34.017280	TIMEOUT	31.281934	20.805429699998058	661.032960	done	0.833683	0.836862657997699	44.134400
svcomp2025-cra-monotone-hulls-integralized/nla-digbench-scaling/dijkstra-u_unwindbound100e4c5c3.i---hull-5_integralized.yml	done	0.090983	0.09372339502442628	34.291712	done	0.063828	0.06667518999893218	33.800192	TIMEOUT	31.228338	20.840659980000055	655.261696	done	0.812287	0.8150283599970862	44.494848
svcomp2025-cra-monotone-hulls-integralized/nla-digbench-scaling/dijkstra-u_unwindbound10bb20f6.i---hull-0_integralized.yml	done	0.0853	0.0874621809925884	34.177024	done	0.061539	0.06407736900291638	33.550336	TIMEOUT	30.368636	19.554149935996975	508.923904	done	0.111974	0.1151879690005444	35.201024
svcomp2025-cra-monotone-hulls-integralized/nla-digbench-scaling/dijkstra-u_unwindbound10bb20f6.i---hull-1_integralized.yml	done	0.08601	0.0887667000060901	34.443264	done	0.060477	0.0634907679996104	33.562624	TIMEOUT	30.470216	19.5080457580043	513.523712	done	0.108412	0.11170481900626328	35.246080
svcomp2025-cra-monotone-hulls-integralized/nla-digbench-scaling/dijkstra-u_unwindbound10bb20f6.i---hull-2_integralized.yml	done	0.104851	0.10786245300550945	34.746368	done	0.063802	0.06688221800141037	33.431552	TIMEOUT	31.12696	19.530760467998334	511.135744	done	0.151163	0.15399255699594505	35.979264
svcomp2025-cra-monotone-hulls-integralized/nla-digbench-scaling/dijkstra-u_unwindbound10bb20f6.i---hull-3_integralized.yml	done	0.100955	0.10358266701223329	35.008512	done	0.059599	0.062149086996214464	33.685504	TIMEOUT	31.164122	19.477554276003502	511.254528	done	0.151727	0.15448601199750556	35.921920
svcomp2025-cra-monotone-hulls-integralized/nla-digbench-scaling/dijkstra-u_unwindbound10bb20f6.i---hull-4_integralized.yml	done	0.086584	0.08941659299307503	34.398208	done	0.068076	0.07091360100457678	33.763328	TIMEOUT	31.225438	20.850563897998654	653.017088	done	0.398562	0.4018361019989243	40.050688
svcomp2025-cra-monotone-hulls-integralized/nla-digbench-scaling/dijkstra-u_unwindbound10bb20f6.i---hull-5_integralized.yml	done	0.086731	0.09057594800833613	34.455552	done	0.063827	0.06681122499867342	33.751040	TIMEOUT	31.280977	20.832918974003405	652.763136	done	0.431191	0.4346423619936104	40.308736
svcomp2025-cra-monotone-hulls-integralized/nla-digbench-scaling/dijkstra-u_unwindbound20bb8766.i---hull-0_integralized.yml	done	0.088182	0.09087393298977986	34.185216	done	0.061379	0.06359958999382798	33.550336	TIMEOUT	30.343435	19.48929576199589	570.585088	done	0.107385	0.10944816499977605	35.266560
svcomp2025-cra-monotone-hulls-integralized/nla-digbench-scaling/dijkstra-u_unwindbound20bb8766.i---hull-1_integralized.yml	done	0.091266	0.09391543100355193	34.185216	done	0.05823	0.06077682800241746	33.644544	TIMEOUT	30.311573	19.536853344994597	537.739264	done	0.110459	0.11305904999608174	35.098624
svcomp2025-cra-monotone-hulls-integralized/nla-digbench-scaling/dijkstra-u_unwindbound20bb8766.i---hull-2_integralized.yml	done	0.10309	0.10586030600825325	34.758656	done	0.058159	0.06152808600018034	33.431552	TIMEOUT	31.232185	19.502265222996357	506.630144	done	0.426041	0.4292617130049621	39.370752
svcomp2025-cra-monotone-hulls-integralized/nla-digbench-scaling/dijkstra-u_unwindbound20bb8766.i---hull-3_integralized.yml	done	0.105544	0.108278819010593	34.926592	done	0.063327	0.06575915599387372	33.431552	TIMEOUT	31.127389	19.506266639000387	513.093632	done	0.394245	0.3971770930002094	39.350272
svcomp2025-cra-monotone-hulls-integralized/nla-digbench-scaling/dijkstra-u_unwindbound20bb8766.i---hull-4_integralized.yml	done	0.09544	0.0978498249896802	34.435072	done	0.088059	0.09082405400113203	33.755136	TIMEOUT	31.325099	20.822408475003613	656.306176	done	0.43349	0.43683201399835525	40.747008
svcomp2025-cra-monotone-hulls-integralized/nla-digbench-scaling/dijkstra-u_unwindbound20bb8766.i---hull-5_integralized.yml	done	0.095323	0.0984188010042999	34.775040	done	0.063051	0.06535478700243402	33.751040	TIMEOUT	31.265368	20.821557386996574	660.811776	done	0.455107	0.45827544599887915	40.579072
svcomp2025-cra-monotone-hulls-integralized/nla-digbench-scaling/dijkstra-u_unwindbound2fe0114.i---hull-0_integralized.yml	done	0.093644	0.09650598600273952	34.406400	done	0.064143	0.06713058299646946	33.550336	done	28.588745	17.663283715002763	450.744320	done	0.107209	0.1102015980068245	35.069952
svcomp2025-cra-monotone-hulls-integralized/nla-digbench-scaling/dijkstra-u_unwindbound2fe0114.i---hull-1_integralized.yml	done	0.090768	0.09346269399975426	34.144256	done	0.060313	0.06332968700007768	33.550336	done	28.761042	17.823859531999915	449.523712	done	0.107328	0.10980077600106597	35.074048
svcomp2025-cra-monotone-hulls-integralized/nla-digbench-scaling/dijkstra-u_unwindbound2fe0114.i---hull-2_integralized.yml	done	0.078515	0.08098882497870363	34.095104	done	0.048418	0.05089811500511132	33.058816	TIMEOUT	30.462123	18.78764005999983	470.433792	done	0.06463	0.06798306600103388	33.648640
svcomp2025-cra-monotone-hulls-integralized/nla-digbench-scaling/dijkstra-u_unwindbound2fe0114.i---hull-3_integralized.yml	done	0.07574	0.07837932300753891	34.205696	done	0.048198	0.051202506001573056	33.058816	done	29.992443	18.524868528998923	470.540288	done	0.065862	0.06896599200263154	33.914880
svcomp2025-cra-monotone-hulls-integralized/nla-digbench-scaling/dijkstra-u_unwindbound2fe0114.i---hull-4_integralized.yml	done	0.098042	0.10017184499884024	34.701312	done	0.07233	0.0751904389981064	33.886208	done	19.18855	12.924778922999394	424.693760	done	0.09354	0.09574460799922235	34.930688
svcomp2025-cra-monotone-hulls-integralized/nla-digbench-scaling/dijkstra-u_unwindbound2fe0114.i---hull-5_integralized.yml	done	0.098786	0.10100926199811511	34.590720	done	0.067383	0.07031620300404029	33.796096	done	19.46924	13.06546208999498	424.259584	done	0.090712	0.09302429600211326	34.922496
svcomp2025-cra-monotone-hulls-integralized/nla-digbench-scaling/dijkstra-u_unwindbound50142a22.i---hull-0_integralized.yml	done	0.09004	0.09234411100624129	34.631680	done	0.061044	0.06372292400192237	33.873920	TIMEOUT	30.432523	19.519632510004158	508.567552	done	0.10847	0.11108748400147306	35.160064
svcomp2025-cra-monotone-hulls-integralized/nla-digbench-scaling/dijkstra-u_unwindbound50142a22.i---hull-1_integralized.yml	done	0.090595	0.09296624100534245	34.172928	done	0.062737	0.06577897299575852	33.595392	TIMEOUT	30.335202	19.513216011000623	546.328576	done	0.110056	0.11278735700034304	35.065856
svcomp2025-cra-monotone-hulls-integralized/nla-digbench-scaling/dijkstra-u_unwindbound50142a22.i---hull-2_integralized.yml	done	0.099059	0.10175290700863115	35.016704	done	0.058881	0.06198543600476114	33.583104	TIMEOUT	31.023008	19.53294512499997	509.018112	done	0.644053	0.6469964889984112	41.893888
svcomp2025-cra-monotone-hulls-integralized/nla-digbench-scaling/dijkstra-u_unwindbound50142a22.i---hull-3_integralized.yml	done	0.105055	0.10781568501261063	34.877440	done	0.058535	0.06077721800102154	33.476608	TIMEOUT	31.205113	19.506203082004504	510.857216	done	0.626582	0.6289969079953153	42.004480
svcomp2025-cra-monotone-hulls-integralized/nla-digbench-scaling/dijkstra-u_unwindbound50142a22.i---hull-4_integralized.yml	done	0.09211	0.09483178597292863	34.426880	done	0.072425	0.07557468800223432	33.906688	TIMEOUT	31.246926	20.83797506800329	657.739776	done	0.771914	0.7742589359986596	44.867584
svcomp2025-cra-monotone-hulls-integralized/nla-digbench-scaling/dijkstra-u_unwindbound50142a22.i---hull-5_integralized.yml	done	0.092873	0.09565854698303156	34.398208	done	0.068001	0.07083879299898399	34.361344	TIMEOUT	31.275405	20.833609945999342	650.645504	done	0.803452	0.8071149039969896	44.920832
svcomp2025-cra-monotone-hulls-integralized/nla-digbench-scaling/dijkstra-u_unwindbound5acc0f6.i---hull-0_integralized.yml	done	0.104713	0.10762770398287103	34.742272	done	0.060937	0.06363215100282105	33.521664	TIMEOUT	30.367736	19.521445180995215	536.698880	done	0.112185	0.11482003600394819	35.069952
svcomp2025-cra-monotone-hulls-integralized/nla-digbench-scaling/dijkstra-u_unwindbound5acc0f6.i---hull-1_integralized.yml	done	0.103893	0.10690632302430458	34.631680	done	0.060881	0.06374954999773763	33.521664	TIMEOUT	30.330051	19.51799454200227	562.364416	done	0.108039	0.11055363700143062	35.241984
svcomp2025-cra-monotone-hulls-integralized/nla-digbench-scaling/dijkstra-u_unwindbound5acc0f6.i---hull-2_integralized.yml	done	0.104315	0.10769875600817613	34.766848	done	0.0559	0.05818252499739174	33.419264	TIMEOUT	31.148216	19.495147936002468	510.836736	done	0.113908	0.11652447099913843	35.495936
svcomp2025-cra-monotone-hulls-integralized/nla-digbench-scaling/dijkstra-u_unwindbound5acc0f6.i---hull-3_integralized.yml	done	0.101244	0.10464038397185504	34.938880	done	0.061089	0.0638736559994868	33.652736	TIMEOUT	31.089479	19.50439654300135	508.301312	done	0.109741	0.11297547199501423	35.229696
svcomp2025-cra-monotone-hulls-integralized/nla-digbench-scaling/dijkstra-u_unwindbound5acc0f6.i---hull-4_integralized.yml	done	0.089288	0.09250832098769024	34.402304	done	0.064374	0.06732817500596866	33.927168	TIMEOUT	31.239428	20.839054997995845	655.196160	done	0.16312	0.16582932099845493	36.556800
svcomp2025-cra-monotone-hulls-integralized/nla-digbench-scaling/dijkstra-u_unwindbound5acc0f6.i---hull-5_integralized.yml	done	0.084861	0.08805894700344652	34.426880	done	0.067165	0.06997728699934669	33.918976	TIMEOUT	31.145315	20.866619259999425	658.653184	done	0.167157	0.17022340800031088	36.945920
svcomp2025-cra-monotone-hulls-integralized/nla-digbench-scaling/dijkstra-u_valuebound1002d0ee2.i---hull-0_integralized.yml	done	0.082132	0.08487885698559694	33.890304	done	0.059709	0.06243628400261514	33.230848	done	18.089147	11.714512708997063	371.974144	done	0.103494	0.10700918799557257	35.012608
svcomp2025-cra-monotone-hulls-integralized/nla-digbench-scaling/dijkstra-u_valuebound1002d0ee2.i---hull-1_integralized.yml	done	0.07529	0.07829862899961881	33.918976	done	0.056665	0.05911558699881425	33.558528	done	17.864114	11.46635790199798	372.252672	done	0.105115	0.10814859400124988	34.996224
svcomp2025-cra-monotone-hulls-integralized/nla-digbench-scaling/dijkstra-u_valuebound1002d0ee2.i---hull-2_integralized.yml	done	0.05394	0.0563760340155568	33.329152	done	0.04817	0.050395851001667324	32.956416	done	18.188034	11.830336172999523	390.594560	done	0.074255	0.07696141400083434	33.968128
svcomp2025-cra-monotone-hulls-integralized/nla-digbench-scaling/dijkstra-u_valuebound1002d0ee2.i---hull-3_integralized.yml	done	0.054141	0.05647166198468767	33.050624	done	0.048981	0.05138276900106575	32.989184	done	18.361158	11.948474160002661	390.897664	done	0.07833	0.08103275400208076	34.058240
svcomp2025-cra-monotone-hulls-integralized/nla-digbench-scaling/dijkstra-u_valuebound1002d0ee2.i---hull-4_integralized.yml	done	0.082502	0.08457859299960546	34.004992	done	0.055122	0.05775630100106355	33.251328	done	16.281472	10.732414336998772	358.998016	done	0.070474	0.07244557000376517	33.841152
svcomp2025-cra-monotone-hulls-integralized/nla-digbench-scaling/dijkstra-u_valuebound1002d0ee2.i---hull-5_integralized.yml	done	0.083702	0.08578560099704191	33.972224	done	0.056781	0.05972314799873857	33.284096	done	16.249662	10.65552267699968	358.338560	done	0.073417	0.07623688700550701	34.082816
svcomp2025-cra-monotone-hulls-integralized/nla-digbench-scaling/dijkstra-u_valuebound10369fbb.i---hull-0_integralized.yml	done	0.076605	0.07953441300196573	33.767424	done	0.055802	0.0587943280042964	33.198080	done	17.903819	11.530926571998862	371.744768	done	0.104996	0.10779190600442234	35.262464
svcomp2025-cra-monotone-hulls-integralized/nla-digbench-scaling/dijkstra-u_valuebound10369fbb.i---hull-1_integralized.yml	done	0.074997	0.0776632979977876	33.665024	done	0.054818	0.057434407994151115	33.193984	done	17.628351	11.39861425699928	371.122176	done	0.10262	0.10592697399988538	35.012608
svcomp2025-cra-monotone-hulls-integralized/nla-digbench-scaling/dijkstra-u_valuebound10369fbb.i---hull-2_integralized.yml	done	0.054393	0.057426523009780794	33.034240	done	0.052186	0.0547149870035355	33.628160	done	18.373513	11.991113443997165	390.582272	done	0.081561	0.08423205700091785	33.959936
svcomp2025-cra-monotone-hulls-integralized/nla-digbench-scaling/dijkstra-u_valuebound10369fbb.i---hull-3_integralized.yml	done	0.058985	0.06143790399073623	33.288192	done	0.050235	0.05201460899843369	32.960512	done	18.135995	11.87975291100156	390.868992	done	0.077844	0.08128373799991095	33.955840
svcomp2025-cra-monotone-hulls-integralized/nla-digbench-scaling/dijkstra-u_valuebound10369fbb.i---hull-4_integralized.yml	done	0.079766	0.0814763380039949	33.927168	done	0.055716	0.05811491200438468	33.259520	done	16.489848	10.82520496199868	357.941248	done	0.069806	0.0717608580016531	33.951744
svcomp2025-cra-monotone-hulls-integralized/nla-digbench-scaling/dijkstra-u_valuebound10369fbb.i---hull-5_integralized.yml	done	0.080425	0.08331847601220943	34.029568	done	0.058705	0.060947187994315755	33.357824	done	16.293064	10.716698160002124	358.899712	done	0.071155	0.07403297799464781	33.857536
svcomp2025-cra-monotone-hulls-integralized/nla-digbench-scaling/dijkstra-u_valuebound1c0b41a.i---hull-0_integralized.yml	done	0.071881	0.07509242501691915	33.918976	done	0.058809	0.06149047600047197	33.447936	done	17.678261	11.437178334999771	371.785728	done	0.102704	0.1050785920015187	35.127296
svcomp2025-cra-monotone-hulls-integralized/nla-digbench-scaling/dijkstra-u_valuebound1c0b41a.i---hull-1_integralized.yml	done	0.077177	0.08010197101975791	33.660928	done	0.055394	0.057959514000685886	33.193984	done	18.103406	11.550674448000791	371.073024	done	0.112213	0.11501661800139118	35.135488
svcomp2025-cra-monotone-hulls-integralized/nla-digbench-scaling/dijkstra-u_valuebound1c0b41a.i---hull-2_integralized.yml	done	0.055328	0.057893576013157144	33.030144	done	0.049246	0.05204557099932572	32.956416	done	18.210881	11.870859179995023	390.377472	done	0.07594	0.07895880299474811	33.968128
svcomp2025-cra-monotone-hulls-integralized/nla-digbench-scaling/dijkstra-u_valuebound1c0b41a.i---hull-3_integralized.yml	done	0.054088	0.05596093999338336	33.034240	done	0.054209	0.056510546994104516	32.968704	done	18.371863	11.974896892003017	391.278592	done	0.077159	0.07982197299861582	34.091008
svcomp2025-cra-monotone-hulls-integralized/nla-digbench-scaling/dijkstra-u_valuebound1c0b41a.i---hull-4_integralized.yml	done	0.083541	0.0858606219990179	34.123776	done	0.053139	0.05577155200444395	33.247232	done	16.17791	10.628079392998188	358.309888	done	0.069283	0.07194993399753002	33.972224
svcomp2025-cra-monotone-hulls-integralized/nla-digbench-scaling/dijkstra-u_valuebound1c0b41a.i---hull-5_integralized.yml	done	0.078867	0.08163618799881078	34.193408	done	0.053722	0.05640533899713773	33.239040	done	16.352447	10.850416476998362	358.780928	done	0.070752	0.07359031800297089	33.845248
svcomp2025-cra-monotone-hulls-integralized/nla-digbench-scaling/dijkstra-u_valuebound208594ca.i---hull-0_integralized.yml	done	0.07147	0.07352693800930865	33.665024	done	0.069841	0.07284852000157116	33.419264	done	18.049973	11.71053272899735	371.224576	done	0.108431	0.11093535400141263	35.004416
svcomp2025-cra-monotone-hulls-integralized/nla-digbench-scaling/dijkstra-u_valuebound208594ca.i---hull-1_integralized.yml	done	0.085266	0.08942548700724728	33.656832	done	0.058175	0.060912455002835486	33.189888	done	17.862059	11.529745189000096	370.720768	done	0.106383	0.10893289099476533	35.123200
svcomp2025-cra-monotone-hulls-integralized/nla-digbench-scaling/dijkstra-u_valuebound208594ca.i---hull-2_integralized.yml	done	0.054239	0.05670566999469884	33.361920	done	0.054293	0.05688495800131932	33.087488	done	18.539183	12.042153932001384	391.471104	done	0.074149	0.07681858599971747	33.947648
svcomp2025-cra-monotone-hulls-integralized/nla-digbench-scaling/dijkstra-u_valuebound208594ca.i---hull-3_integralized.yml	done	0.059749	0.06215618900023401	33.153024	done	0.052939	0.055141277000075206	33.189888	done	18.34814	12.03422538599989	391.032832	done	0.075522	0.07891284299694235	34.222080
svcomp2025-cra-monotone-hulls-integralized/nla-digbench-scaling/dijkstra-u_valuebound208594ca.i---hull-4_integralized.yml	done	0.077734	0.07999348099110648	34.029568	done	0.056286	0.05865127000288339	33.251328	done	16.275513	10.770792738003365	358.522880	done	0.067853	0.07023585699789692	34.095104
svcomp2025-cra-monotone-hulls-integralized/nla-digbench-scaling/dijkstra-u_valuebound208594ca.i---hull-5_integralized.yml	done	0.079364	0.08250809399760328	34.086912	done	0.057248	0.06009713099774672	33.357824	done	16.249327	10.687192037999921	357.863424	done	0.075932	0.0785903430005419	33.845248
svcomp2025-cra-monotone-hulls-integralized/nla-digbench-scaling/dijkstra-u_valuebound2307724.i---hull-0_integralized.yml	done	0.074784	0.07727530298870988	33.669120	done	0.055006	0.05761069599975599	33.255424	done	17.752132	11.487192022003	371.380224	done	0.105417	0.10835968599712942	35.004416
svcomp2025-cra-monotone-hulls-integralized/nla-digbench-scaling/dijkstra-u_valuebound2307724.i---hull-1_integralized.yml	done	0.073805	0.07635484202182852	33.652736	done	0.061184	0.06405017399811186	33.255424	done	17.884475	11.535840673001076	371.847168	done	0.109067	0.11156811300315894	35.012608
svcomp2025-cra-monotone-hulls-integralized/nla-digbench-scaling/dijkstra-u_valuebound2307724.i---hull-2_integralized.yml	done	0.054399	0.05768654399435036	33.136640	done	0.051455	0.05424318700534059	33.091584	done	18.445906	12.047760688998096	390.701056	done	0.079343	0.08198205699591199	33.964032
svcomp2025-cra-monotone-hulls-integralized/nla-digbench-scaling/dijkstra-u_valuebound2307724.i---hull-3_integralized.yml	done	0.063623	0.06581784799345769	33.218560	done	0.051682	0.054121692999615334	33.267712	done	18.295652	11.954500412997731	391.577600	done	0.076716	0.07976493099704385	34.213888
svcomp2025-cra-monotone-hulls-integralized/nla-digbench-scaling/dijkstra-u_valuebound2307724.i---hull-4_integralized.yml	done	0.081778	0.08496237601502798	34.025472	done	0.061861	0.06448916000226745	33.259520	done	16.313085	10.813837479996437	359.022592	done	0.071464	0.07427101199573372	33.837056
svcomp2025-cra-monotone-hulls-integralized/nla-digbench-scaling/dijkstra-u_valuebound2307724.i---hull-5_integralized.yml	done	0.089316	0.09255269699497148	34.095104	done	0.0569	0.0590339420014061	33.517568	done	16.31558	10.69886288500129	359.178240	done	0.069928	0.07269468699814752	33.832960
svcomp2025-cra-monotone-hulls-integralized/nla-digbench-scaling/dijkstra-u_valuebound50e90558.i---hull-0_integralized.yml	done	0.073983	0.07660203397972509	34.119680	done	0.056137	0.05867936999857193	33.296384	done	17.905712	11.49373249799828	371.625984	done	0.108887	0.11156658900290495	35.012608
svcomp2025-cra-monotone-hulls-integralized/nla-digbench-scaling/dijkstra-u_valuebound50e90558.i---hull-1_integralized.yml	done	0.075096	0.07766188998357393	33.669120	done	0.058116	0.0609712910008966	33.472512	done	17.731308	11.39565812300134	371.351552	done	0.109005	0.11186514699511463	35.004416
svcomp2025-cra-monotone-hulls-integralized/nla-digbench-scaling/dijkstra-u_valuebound50e90558.i---hull-2_integralized.yml	done	0.055685	0.058551644993713126	33.046528	done	0.049512	0.052354400999320205	33.062912	done	18.38934	11.954623550001998	391.225344	done	0.076162	0.07876382600079523	33.964032
svcomp2025-cra-monotone-hulls-integralized/nla-digbench-scaling/dijkstra-u_valuebound50e90558.i---hull-3_integralized.yml	done	0.05792	0.06064780199085362	33.132544	done	0.050485	0.05292270700010704	32.952320	done	18.459299	12.091414784998051	390.856704	done	0.074801	0.07751293299952522	33.959936
svcomp2025-cra-monotone-hulls-integralized/nla-digbench-scaling/dijkstra-u_valuebound50e90558.i---hull-4_integralized.yml	done	0.077486	0.08037073697778396	33.923072	done	0.058622	0.06160257200099295	33.259520	done	16.353488	10.686458991003747	358.637568	done	0.07124	0.07425985100417165	33.898496
svcomp2025-cra-monotone-hulls-integralized/nla-digbench-scaling/dijkstra-u_valuebound50e90558.i---hull-5_integralized.yml	done	0.079419	0.08170056997914799	34.185216	done	0.058289	0.06117446300049778	33.660928	done	16.344283	10.679398947002483	358.330368	done	0.070297	0.07295681899995543	34.115584
svcomp2025-cra-monotone-hulls-integralized/nla-digbench-scaling/dijkstra-u_valuebound58809ba.i---hull-0_integralized.yml	done	0.075711	0.07776380100403912	33.656832	done	0.056807	0.05996928999957163	33.193984	done	18.151268	11.67691410799307	371.437568	done	0.106686	0.10959775900118984	35.155968
svcomp2025-cra-monotone-hulls-integralized/nla-digbench-scaling/dijkstra-u_valuebound58809ba.i---hull-1_integralized.yml	done	0.075372	0.07798707799520344	33.669120	done	0.058609	0.061037409999698866	33.419264	done	18.118443	11.71352770699741	371.777536	done	0.152633	0.15696572400338482	35.074048
svcomp2025-cra-monotone-hulls-integralized/nla-digbench-scaling/dijkstra-u_valuebound58809ba.i---hull-2_integralized.yml	done	0.058163	0.06039432800025679	33.030144	done	0.049297	0.052039729001990054	33.017856	done	18.573192	12.092350325001462	390.668288	done	0.077526	0.08031420799670741	34.078720
svcomp2025-cra-monotone-hulls-integralized/nla-digbench-scaling/dijkstra-u_valuebound58809ba.i---hull-3_integralized.yml	done	0.061356	0.06418395999935456	33.263616	done	0.053824	0.05653268799505895	33.210368	done	18.442449	12.022945431002881	390.434816	done	0.084218	0.0869625970008201	33.968128
svcomp2025-cra-monotone-hulls-integralized/nla-digbench-scaling/dijkstra-u_valuebound58809ba.i---hull-4_integralized.yml	done	0.081151	0.0837016130099073	34.045952	done	0.054986	0.058227918001648504	33.628160	done	16.326299	10.710006713998155	359.030784	done	0.069258	0.07201816099404823	33.837056
svcomp2025-cra-monotone-hulls-integralized/nla-digbench-scaling/dijkstra-u_valuebound58809ba.i---hull-5_integralized.yml	done	0.086664	0.08870520698837936	33.931264	done	0.062309	0.06469727600051556	33.255424	done	16.352138	10.741333142999792	359.260160	done	0.070354	0.07311322099849349	33.898496
svcomp2025-cra-monotone-hulls-integralized/nla-digbench-scaling/egcd-ll_unwindbound1005abd47.i---hull-2_integralized.yml	done	0.040005	0.04248131497297436	32.563200	done	0.035027	0.0374415910046082	32.493568	done	0.07821	0.08091679200151702	41.967616	TIMEOUT	30.854155	30.861234181997133	144.220160
svcomp2025-cra-monotone-hulls-integralized/nla-digbench-scaling/egcd-ll_unwindbound1005abd47.i---hull-3_integralized.yml	done	0.039378	0.041899086005287245	32.555008	done	0.041859	0.04421576700406149	32.497664	done	0.075421	0.0777598360000411	41.734144	TIMEOUT	30.853733	30.86041845100408	132.816896
svcomp2025-cra-monotone-hulls-integralized/nla-digbench-scaling/egcd-ll_unwindbound1005abd47.i---hull-4_integralized.yml	done	0.044424	0.04693054599920288	33.034240	done	0.038363	0.04091118499491131	32.706560	done	0.082922	0.08530259800318163	41.291776	TIMEOUT	30.853364	30.860667791996093	135.528448
svcomp2025-cra-monotone-hulls-integralized/nla-digbench-scaling/egcd-ll_unwindbound1005abd47.i---hull-5_integralized.yml	done	0.046473	0.049641057004919276	33.075200	done	0.036644	0.03919288900215179	32.686080	done	0.074943	0.0778297040014877	41.172992	TIMEOUT	30.851776	30.861702114001673	135.581696
svcomp2025-cra-monotone-hulls-integralized/nla-digbench-scaling/egcd-ll_unwindbound20622acd.i---hull-2_integralized.yml	done	0.045342	0.04790239900466986	32.563200	done	0.033646	0.03614610400109086	32.489472	done	0.075629	0.07792739599972265	41.820160	done	2.366958	2.3697797400018317	59.936768
svcomp2025-cra-monotone-hulls-integralized/nla-digbench-scaling/egcd-ll_unwindbound20622acd.i---hull-3_integralized.yml	done	0.0435	0.04628591099753976	33.153024	done	0.037487	0.040092680996167473	32.493568	done	0.078106	0.08103674899757607	41.975808	done	2.382486	2.3855481739956303	59.830272
svcomp2025-cra-monotone-hulls-integralized/nla-digbench-scaling/egcd-ll_unwindbound20622acd.i---hull-4_integralized.yml	done	0.046124	0.04875408697989769	32.940032	done	0.047755	0.04987105899635935	32.727040	done	0.078522	0.08092369399673771	41.164800	done	1.107033	1.1100898069998948	55.345152
svcomp2025-cra-monotone-hulls-integralized/nla-digbench-scaling/egcd-ll_unwindbound20622acd.i---hull-5_integralized.yml	done	0.042024	0.044716156990034506	32.825344	done	0.036424	0.03899331700085895	32.686080	done	0.076451	0.07964815499872202	41.259008	done	1.107241	1.109964470997511	55.123968
svcomp2025-cra-monotone-hulls-integralized/nla-digbench-scaling/egcd-ll_unwindbound509bad3e.i---hull-2_integralized.yml	done	0.039902	0.04275514098117128	32.555008	done	0.03602	0.03791880599601427	32.489472	done	0.074519	0.07801493199804099	41.713664	TIMEOUT	30.854568	30.86197466500016	72.445952
svcomp2025-cra-monotone-hulls-integralized/nla-digbench-scaling/egcd-ll_unwindbound509bad3e.i---hull-3_integralized.yml	done	0.039213	0.041820904007181525	32.927744	done	0.036184	0.03852637300587958	32.600064	done	0.079041	0.08156270000472432	41.717760	TIMEOUT	30.854173	30.862129801003903	72.179712
svcomp2025-cra-monotone-hulls-integralized/nla-digbench-scaling/egcd-ll_unwindbound509bad3e.i---hull-4_integralized.yml	done	0.041883	0.044854020001366735	32.964608	done	0.035689	0.03824012899713125	32.931840	done	0.076749	0.08026542400330072	41.160704	done	1.114336	1.117190072000085	55.906304
svcomp2025-cra-monotone-hulls-integralized/nla-digbench-scaling/egcd-ll_unwindbound509bad3e.i---hull-5_integralized.yml	done	0.044948	0.04725335299735889	33.079296	done	0.035737	0.038394751005398575	32.759808	done	0.077294	0.08040365899796598	41.418752	done	1.154182	1.1569636260028346	55.910400
svcomp2025-cra-monotone-hulls-integralized/nla-digbench-scaling/egcd2-ll_unwindbound100372502.i---hull-10_integralized.yml	done	0.055127	0.058092523977393284	33.497088	done	0.044578	0.04710946599516319	33.128448	done	0.089628	0.09285346300021047	43.401216	done	1.537452	1.5401707270066254	59.011072
svcomp2025-cra-monotone-hulls-integralized/nla-digbench-scaling/egcd2-ll_unwindbound100372502.i---hull-11_integralized.yml	done	0.055484	0.05909844598500058	33.284096	done	0.047204	0.04982175300392555	33.067008	done	0.084494	0.08727603900479153	43.380736	done	1.477097	1.480868617996748	59.039744
svcomp2025-cra-monotone-hulls-integralized/nla-digbench-scaling/egcd2-ll_unwindbound100372502.i---hull-8_integralized.yml	done	0.054147	0.057212988001992926	33.148928	done	0.042288	0.044686371002171654	32.800768	done	0.08323	0.08549665900500258	43.978752	done	1.872635	1.8754267809999874	53.813248
svcomp2025-cra-monotone-hulls-integralized/nla-digbench-scaling/egcd2-ll_unwindbound100372502.i---hull-9_integralized.yml	done	0.054592	0.05761549301678315	33.333248	done	0.044442	0.046709014000953175	32.890880	done	0.092003	0.09422245199675672	43.982848	done	1.866821	1.8694761579972692	53.813248
svcomp2025-cra-monotone-hulls-integralized/nla-digbench-scaling/fermat1-ll_unwindbound1003d3e1b.i---hull-12_integralized.yml	done	0.046269	0.04902875900734216	32.559104	done	0.038584	0.04112769700441277	32.317440	done	0.154243	0.1285324140044395	44.478464	done	1.220998	1.2240899310054374	49.725440
svcomp2025-cra-monotone-hulls-integralized/nla-digbench-scaling/fermat1-ll_unwindbound1003d3e1b.i---hull-13_integralized.yml	done	0.048982	0.05157975002657622	32.817152	done	0.043372	0.0458171840000432	32.313344	done	0.156238	0.12800176099699456	44.404736	done	1.298944	1.3018033689950244	49.557504
svcomp2025-cra-monotone-hulls-integralized/nla-digbench-scaling/fermat1-ll_unwindbound1003d3e1b.i---hull-16_integralized.yml	done	0.079952	0.0828842360060662	33.943552	done	0.051654	0.05407526499766391	33.357824	done	0.166865	0.13833130100101698	46.264320	done	2.444614	2.4491715780022787	60.203008
svcomp2025-cra-monotone-hulls-integralized/nla-digbench-scaling/fermat1-ll_unwindbound1003d3e1b.i---hull-17_integralized.yml	done	0.080466	0.08343864299240522	33.816576	done	0.054039	0.05669565599964699	33.386496	done	0.162866	0.13412717200117186	46.497792	done	2.462671	2.4661592330012354	59.936768
svcomp2025-cra-monotone-hulls-integralized/nla-digbench-scaling/hard-ll_unwindbound10062b2a4.i---hull-10_integralized.yml	done	0.041424	0.04461966999224387	32.337920	done	0.037558	0.040193336993979756	32.636928	done	3.461288	2.500689852000505	142.561280	done	0.261218	0.26407447300152853	38.748160
svcomp2025-cra-monotone-hulls-integralized/nla-digbench-scaling/hard-ll_unwindbound10062b2a4.i---hull-11_integralized.yml	done	0.039708	0.04230973400990479	32.346112	done	0.035806	0.0382382809984847	32.256000	done	3.405912	2.4562584969971795	143.458304	done	0.263965	0.26596556900040014	38.182912
svcomp2025-cra-monotone-hulls-integralized/nla-digbench-scaling/hard-ll_unwindbound10062b2a4.i---hull-6_integralized.yml	done	0.045851	0.04854835200239904	32.530432	done	0.040363	0.043544132000533864	32.452608	done	4.080537	2.701973334995273	128.339968	done	0.049712	0.052335592001327313	32.878592
svcomp2025-cra-monotone-hulls-integralized/nla-digbench-scaling/hard-ll_unwindbound10062b2a4.i---hull-7_integralized.yml	done	0.051763	0.05396753299282864	32.612352	done	0.039534	0.042702475999249145	32.555008	done	3.931818	2.5926902389983297	127.741952	done	0.053663	0.05650449899985688	32.804864
svcomp2025-cra-monotone-hulls-integralized/nla-digbench-scaling/hard-ll_unwindbound10062b2a4.i---hull-8_integralized.yml	done	0.042761	0.045503128989366814	32.489472	done	0.039006	0.04199429699656321	32.739328	done	5.291589	3.4084156890021404	145.690624	done	0.316625	0.31956218000414083	39.768064
svcomp2025-cra-monotone-hulls-integralized/nla-digbench-scaling/hard-ll_unwindbound10062b2a4.i---hull-9_integralized.yml	done	0.049145	0.051316872995812446	32.493568	done	0.038557	0.04159262199391378	32.448512	done	5.241704	3.3773963279963937	146.300928	done	0.323439	0.3264004529992235	39.510016
svcomp2025-cra-monotone-hulls-integralized/nla-digbench-scaling/hard-ll_unwindbound10746f9a.i---hull-10_integralized.yml	done	0.044716	0.047112339991144836	32.374784	done	0.035476	0.03815867000230355	32.251904	done	3.533697	2.5478959109968855	143.486976	done	0.074192	0.0768668320015422	34.324480
svcomp2025-cra-monotone-hulls-integralized/nla-digbench-scaling/hard-ll_unwindbound10746f9a.i---hull-11_integralized.yml	done	0.040689	0.04373203800059855	32.374784	done	0.034732	0.037678173001040705	32.366592	done	3.558416	2.5579997050008387	143.347712	done	0.076453	0.07870551100495504	34.082816
svcomp2025-cra-monotone-hulls-integralized/nla-digbench-scaling/hard-ll_unwindbound10746f9a.i---hull-6_integralized.yml	done	0.047717	0.05027640701155178	32.587776	done	0.038635	0.04127824800525559	32.305152	done	3.976212	2.6506811660001404	127.975424	done	0.052027	0.05411070700210985	32.792576
svcomp2025-cra-monotone-hulls-integralized/nla-digbench-scaling/hard-ll_unwindbound10746f9a.i---hull-7_integralized.yml	done	0.048088	0.051007233996642753	32.796672	done	0.039664	0.04167996499745641	32.309248	done	4.062888	2.6797852870004135	128.135168	done	0.053607	0.056312977998459246	32.796672
svcomp2025-cra-monotone-hulls-integralized/nla-digbench-scaling/hard-ll_unwindbound10746f9a.i---hull-8_integralized.yml	done	0.060744	0.06413507601246238	32.624640	done	0.036056	0.038883969995367806	32.370688	done	5.309323	3.4224390629970003	145.694720	done	0.073816	0.07641946499643382	34.091008
svcomp2025-cra-monotone-hulls-integralized/nla-digbench-scaling/hard-ll_unwindbound10746f9a.i---hull-9_integralized.yml	done	0.043158	0.045775431994115934	32.534528	done	0.036325	0.03899968200130388	32.374784	done	5.212437	3.341071009999723	145.985536	done	0.082852	0.08583841300423956	34.279424
svcomp2025-cra-monotone-hulls-integralized/nla-digbench-scaling/hard-ll_unwindbound202def98.i---hull-10_integralized.yml	done	0.04481	0.04740527700050734	32.370688	done	0.044764	0.047249381997971795	32.264192	done	3.518154	2.5331191389996093	143.028224	done	0.0821	0.08501083300507162	34.582528
svcomp2025-cra-monotone-hulls-integralized/nla-digbench-scaling/hard-ll_unwindbound202def98.i---hull-11_integralized.yml	done	0.047881	0.05013560797669925	32.604160	done	0.035956	0.03811482099990826	32.436224	done	3.472388	2.483751701998699	143.335424	done	0.083598	0.08642934000090463	34.586624
svcomp2025-cra-monotone-hulls-integralized/nla-digbench-scaling/hard-ll_unwindbound202def98.i---hull-6_integralized.yml	done	0.046032	0.04915837399312295	32.522240	done	0.045354	0.048007604003942106	32.305152	done	4.003102	2.6421293199964566	128.315392	done	0.049459	0.051598092999483924	33.042432
svcomp2025-cra-monotone-hulls-integralized/nla-digbench-scaling/hard-ll_unwindbound202def98.i---hull-7_integralized.yml	done	0.04762	0.050380614993628114	32.514048	done	0.038492	0.040853117003280204	32.296960	done	4.155353	2.7555132469933596	127.893504	done	0.058154	0.06025840200163657	32.792576
svcomp2025-cra-monotone-hulls-integralized/nla-digbench-scaling/hard-ll_unwindbound202def98.i---hull-8_integralized.yml	done	0.045458	0.04839605500455946	32.714752	done	0.038182	0.04068731999723241	32.448512	done	5.177661	3.315283479001664	146.423808	done	0.130133	0.13340492200222798	36.343808
svcomp2025-cra-monotone-hulls-integralized/nla-digbench-scaling/hard-ll_unwindbound202def98.i---hull-9_integralized.yml	done	0.050392	0.05298215401126072	32.624640	done	0.038741	0.04194751600152813	32.456704	done	5.427151	3.504091356000572	145.846272	done	0.128143	0.131359008999425	36.077568
svcomp2025-cra-monotone-hulls-integralized/nla-digbench-scaling/hard-ll_unwindbound227b325.i---hull-10_integralized.yml	done	0.041926	0.04481215900159441	32.321536	done	0.034487	0.037009513995144516	32.219136	done	1.810054	1.3155397929949686	93.741056	done	0.036818	0.03894721200049389	32.542720
svcomp2025-cra-monotone-hulls-integralized/nla-digbench-scaling/hard-ll_unwindbound227b325.i---hull-11_integralized.yml	done	0.04385	0.04653824301203713	32.325632	done	0.037875	0.04061254500265932	32.219136	done	1.73936	1.2441136630004621	94.265344	done	0.035886	0.038376290001906455	32.509952
svcomp2025-cra-monotone-hulls-integralized/nla-digbench-scaling/hard-ll_unwindbound227b325.i---hull-6_integralized.yml	done	0.046687	0.049409712984925136	32.534528	done	0.040833	0.043495771002199035	32.276480	done	1.994231	1.3055883529959829	85.299200	done	0.050395	0.05265114099893253	32.784384
svcomp2025-cra-monotone-hulls-integralized/nla-digbench-scaling/hard-ll_unwindbound227b325.i---hull-7_integralized.yml	done	0.045759	0.048233381006866693	32.698368	done	0.040147	0.04205700299644377	32.268288	done	2.001361	1.3078968140034704	86.216704	done	0.050422	0.052481831997283734	32.907264
svcomp2025-cra-monotone-hulls-integralized/nla-digbench-scaling/hard-ll_unwindbound227b325.i---hull-8_integralized.yml	done	0.041223	0.043816610996145755	32.428032	done	0.034994	0.036929547000909224	32.530432	done	2.657113	1.7053268489980837	96.493568	done	0.038897	0.041379607006092556	32.346112
svcomp2025-cra-monotone-hulls-integralized/nla-digbench-scaling/hard-ll_unwindbound227b325.i---hull-9_integralized.yml	done	0.045032	0.04716118299984373	32.444416	done	0.036192	0.03835064800659893	32.268288	done	2.70428	1.763231878001534	96.661504	done	0.03664	0.03925392500241287	32.460800
svcomp2025-cra-monotone-hulls-integralized/nla-digbench-scaling/hard-ll_unwindbound50945b5e.i---hull-10_integralized.yml	done	0.041234	0.04392088600434363	32.366592	done	0.038588	0.04099425500317011	32.251904	done	3.516846	2.5454243130006944	142.536704	done	0.153347	0.15604721199633786	36.544512
svcomp2025-cra-monotone-hulls-integralized/nla-digbench-scaling/hard-ll_unwindbound50945b5e.i---hull-11_integralized.yml	done	0.045471	0.04793550999602303	32.636928	done	0.047	0.05001673600054346	32.518144	done	3.532484	2.5473731199963368	143.093760	done	0.145834	0.14825186500092968	36.544512
svcomp2025-cra-monotone-hulls-integralized/nla-digbench-scaling/hard-ll_unwindbound50945b5e.i---hull-6_integralized.yml	done	0.045507	0.04843260202324018	32.677888	done	0.038762	0.041103558003669605	32.288768	done	3.929906	2.580437961994903	128.925696	done	0.050916	0.05346319000091171	32.915456
svcomp2025-cra-monotone-hulls-integralized/nla-digbench-scaling/hard-ll_unwindbound50945b5e.i---hull-7_integralized.yml	done	0.047095	0.04938237901660614	32.522240	done	0.038177	0.04015309499663999	32.313344	done	4.06265	2.6644294020006782	128.159744	done	0.053374	0.056415330996969715	32.927744
svcomp2025-cra-monotone-hulls-integralized/nla-digbench-scaling/hard-ll_unwindbound50945b5e.i---hull-8_integralized.yml	done	0.05023	0.052548523992300034	32.722944	done	0.04022	0.04281888699915726	32.452608	done	5.218641	3.373781875001441	146.018304	done	0.139497	0.14202519100217614	37.277696
svcomp2025-cra-monotone-hulls-integralized/nla-digbench-scaling/hard-ll_unwindbound50945b5e.i---hull-9_integralized.yml	done	0.049236	0.05157242499990389	32.702464	done	0.038738	0.04156222500023432	32.477184	done	5.420012	3.5031766469983268	145.620992	done	0.140851	0.1440073509947979	37.380096
svcomp2025-cra-monotone-hulls-integralized/nla-digbench-scaling/hard-ll_unwindbound566b261.i---hull-10_integralized.yml	done	0.039975	0.04266851698048413	32.665600	done	0.038468	0.04174101499665994	32.317440	done	3.524215	2.4965354630039656	143.413248	done	0.050856	0.05325782999716466	32.673792
svcomp2025-cra-monotone-hulls-integralized/nla-digbench-scaling/hard-ll_unwindbound566b261.i---hull-11_integralized.yml	done	0.040115	0.04274830801296048	32.636928	done	0.034048	0.036750179999216925	32.301056	done	3.50484	2.5245331330006593	143.761408	done	0.045597	0.048171572998398915	32.669696
svcomp2025-cra-monotone-hulls-integralized/nla-digbench-scaling/hard-ll_unwindbound566b261.i---hull-6_integralized.yml	done	0.046999	0.04968192501110025	32.526336	done	0.038305	0.040746302001934964	32.276480	done	3.994707	2.624741512001492	128.090112	done	0.053925	0.05724823500349885	32.796672
svcomp2025-cra-monotone-hulls-integralized/nla-digbench-scaling/hard-ll_unwindbound566b261.i---hull-7_integralized.yml	done	0.04548	0.048621682974044234	32.690176	done	0.041071	0.04348239400133025	32.559104	done	4.002822	2.6317009609992965	128.192512	done	0.051887	0.054763956999522634	32.788480
svcomp2025-cra-monotone-hulls-integralized/nla-digbench-scaling/hard-ll_unwindbound566b261.i---hull-8_integralized.yml	done	0.043983	0.046077914972556755	32.501760	done	0.039537	0.04220152000198141	32.591872	done	5.268375	3.3927375880011823	146.141184	done	0.059842	0.06278334200032987	33.284096
svcomp2025-cra-monotone-hulls-integralized/nla-digbench-scaling/hard-ll_unwindbound566b261.i---hull-9_integralized.yml	done	0.045207	0.0482291069929488	32.862208	done	0.040022	0.04264451299968641	32.481280	done	5.422515	3.5525196909948136	145.752064	done	0.061845	0.06493979699735064	33.259520
svcomp2025-cra-monotone-hulls-integralized/nla-digbench-scaling/hard-ll_valuebound1006fcfa1.i---hull-10_integralized.yml	done	0.037779	0.04020419201697223	32.428032	done	0.03471	0.037664180003048386	32.100352	done	1.330794	0.9580603040012647	78.299136	done	0.035279	0.03809278200060362	32.202752
svcomp2025-cra-monotone-hulls-integralized/nla-digbench-scaling/hard-ll_valuebound1006fcfa1.i---hull-11_integralized.yml	done	0.038132	0.04056067002238706	32.432128	done	0.032498	0.035128923002048396	32.092160	done	1.291393	0.9294822649972048	78.118912	done	0.033331	0.035653849998197984	32.071680
svcomp2025-cra-monotone-hulls-integralized/nla-digbench-scaling/hard-ll_valuebound1006fcfa1.i---hull-6_integralized.yml	done	0.042837	0.045555327989859506	32.305152	done	0.037169	0.03950397900189273	32.403456	done	1.006787	0.7205980389990145	69.750784	done	0.045537	0.048642525995092	32.559104
svcomp2025-cra-monotone-hulls-integralized/nla-digbench-scaling/hard-ll_valuebound1006fcfa1.i---hull-7_integralized.yml	done	0.040708	0.04343755199806765	32.567296	done	0.036639	0.038657917000819	32.464896	done	1.024361	0.7370107309980085	69.410816	done	0.051627	0.05402342200250132	32.555008
svcomp2025-cra-monotone-hulls-integralized/nla-digbench-scaling/hard-ll_valuebound1006fcfa1.i---hull-8_integralized.yml	done	0.040772	0.04374118000851013	32.190464	done	0.039124	0.041621692005719524	32.215040	done	1.358206	0.9460926500032656	77.881344	done	0.043832	0.046317155996803194	32.112640
svcomp2025-cra-monotone-hulls-integralized/nla-digbench-scaling/hard-ll_valuebound1006fcfa1.i---hull-9_integralized.yml	done	0.03702	0.039724206988466904	32.190464	done	0.035917	0.038475437999295536	32.428032	done	1.338912	0.9204021400000784	78.118912	done	0.038613	0.04082771200046409	32.239616
svcomp2025-cra-monotone-hulls-integralized/nla-digbench-scaling/hard-ll_valuebound105ba232.i---hull-10_integralized.yml	done	0.040238	0.043214815988903865	32.165888	done	0.038659	0.04121007800131338	32.051200	done	1.29444	0.9191270420051296	78.004224	done	0.035113	0.03783907799515873	32.063488
svcomp2025-cra-monotone-hulls-integralized/nla-digbench-scaling/hard-ll_valuebound105ba232.i---hull-11_integralized.yml	done	0.038987	0.041641861986136064	32.174080	done	0.034166	0.036501968002994545	32.137216	done	1.369825	0.9863740619985037	78.573568	done	0.034398	0.03672815800382523	32.075776
svcomp2025-cra-monotone-hulls-integralized/nla-digbench-scaling/hard-ll_valuebound105ba232.i---hull-6_integralized.yml	done	0.043837	0.04659848698065616	32.309248	done	0.035655	0.03780965899932198	32.141312	done	1.002352	0.7133555309992516	69.459968	done	0.046882	0.05067038500419585	32.681984
svcomp2025-cra-monotone-hulls-integralized/nla-digbench-scaling/hard-ll_valuebound105ba232.i---hull-7_integralized.yml	done	0.044142	0.04665485699661076	32.325632	done	0.038774	0.04112604700640077	32.239616	done	1.01216	0.7208547949994681	69.578752	done	0.045402	0.04800335600157268	32.550912
svcomp2025-cra-monotone-hulls-integralized/nla-digbench-scaling/hard-ll_valuebound105ba232.i---hull-8_integralized.yml	done	0.045168	0.047438365989364684	32.190464	done	0.034444	0.036671043002570514	32.059392	done	1.342439	0.9305999400021392	78.229504	done	0.036451	0.03918788600276457	32.169984
svcomp2025-cra-monotone-hulls-integralized/nla-digbench-scaling/hard-ll_valuebound105ba232.i---hull-9_integralized.yml	done	0.039559	0.042515657987678424	32.456704	done	0.033927	0.03659666200110223	32.067584	done	1.365009	0.9441058429947589	77.959168	done	0.03827	0.040987346998008434	32.526336
svcomp2025-cra-monotone-hulls-integralized/nla-digbench-scaling/hard-ll_valuebound200ef1d9.i---hull-10_integralized.yml	done	0.036378	0.039259396988200024	32.194560	done	0.033347	0.03617749800469028	32.043008	done	1.275056	0.9008770149957854	78.774272	done	0.035154	0.03754354000557214	32.169984
svcomp2025-cra-monotone-hulls-integralized/nla-digbench-scaling/hard-ll_valuebound200ef1d9.i---hull-11_integralized.yml	done	0.036838	0.03954257399891503	32.186368	done	0.034275	0.03659150900057284	32.313344	done	1.292058	0.9168042659948696	78.188544	done	0.038259	0.0410631420018035	32.333824
svcomp2025-cra-monotone-hulls-integralized/nla-digbench-scaling/hard-ll_valuebound200ef1d9.i---hull-6_integralized.yml	done	0.054127	0.05678919600904919	32.378880	done	0.03668	0.03938072999881115	32.329728	done	1.009544	0.7168290970003	69.001216	done	0.045931	0.048378887004218996	32.555008
svcomp2025-cra-monotone-hulls-integralized/nla-digbench-scaling/hard-ll_valuebound200ef1d9.i---hull-7_integralized.yml	done	0.045018	0.04756586000439711	32.366592	done	0.044265	0.04705791400192538	32.428032	done	1.006536	0.7027718680037651	69.611520	done	0.04917	0.05164060500101186	32.555008
svcomp2025-cra-monotone-hulls-integralized/nla-digbench-scaling/hard-ll_valuebound200ef1d9.i---hull-8_integralized.yml	done	0.037978	0.04057977898628451	32.194560	done	0.036084	0.038991330002318136	32.067584	done	1.363661	0.9262449020025088	77.078528	done	0.03599	0.0382399880036246	32.100352
svcomp2025-cra-monotone-hulls-integralized/nla-digbench-scaling/hard-ll_valuebound200ef1d9.i---hull-9_integralized.yml	done	0.041065	0.04392924698186107	32.178176	done	0.03721	0.039482902000600006	32.071680	done	1.336332	0.9149014790018555	77.770752	done	0.036112	0.03851241200027289	32.329728
svcomp2025-cra-monotone-hulls-integralized/nla-digbench-scaling/hard-ll_valuebound2dc4ee1.i---hull-10_integralized.yml	done	0.03691	0.039554798015160486	32.276480	done	0.044392	0.04664450699783629	32.137216	done	1.266699	0.9108853860016097	78.209024	done	0.037687	0.04016308999416651	32.473088
svcomp2025-cra-monotone-hulls-integralized/nla-digbench-scaling/hard-ll_valuebound2dc4ee1.i---hull-11_integralized.yml	done	0.038571	0.041110448975814506	32.284672	done	0.035273	0.038129729000502266	32.055296	done	1.263047	0.8976858050009469	78.204928	done	0.034619	0.03667366899753688	32.178176
svcomp2025-cra-monotone-hulls-integralized/nla-digbench-scaling/hard-ll_valuebound2dc4ee1.i---hull-6_integralized.yml	done	0.04567	0.048677017010049894	32.301056	done	0.037022	0.040039166997303255	32.436224	done	1.053272	0.7465920110043953	69.525504	done	0.045423	0.04816021000442561	32.563200
svcomp2025-cra-monotone-hulls-integralized/nla-digbench-scaling/hard-ll_valuebound2dc4ee1.i---hull-7_integralized.yml	done	0.043077	0.04609755301498808	32.473088	done	0.037865	0.040181171003496274	32.153600	done	1.054994	0.7530454810039373	69.021696	done	0.044791	0.047751705002156086	32.555008
svcomp2025-cra-monotone-hulls-integralized/nla-digbench-scaling/hard-ll_valuebound2dc4ee1.i---hull-8_integralized.yml	done	0.046213	0.04916848600259982	32.198656	done	0.040195	0.04272544199920958	32.321536	done	1.373598	0.945635747993947	77.860864	done	0.041496	0.04452065400255378	32.247808
svcomp2025-cra-monotone-hulls-integralized/nla-digbench-scaling/hard-ll_valuebound2dc4ee1.i---hull-9_integralized.yml	done	0.040373	0.04291878500953317	32.452608	done	0.035106	0.0380814790041768	32.088064	done	1.366219	0.9521613819961203	78.004224	done	0.036661	0.03949591900163796	32.239616
svcomp2025-cra-monotone-hulls-integralized/nla-digbench-scaling/hard-ll_valuebound50b6eabd.i---hull-10_integralized.yml	done	0.038211	0.041389337013242766	32.317440	done	0.03753	0.04036460399947828	32.047104	done	1.281058	0.9154668679984752	78.532608	done	0.041273	0.04375678099313518	32.071680
svcomp2025-cra-monotone-hulls-integralized/nla-digbench-scaling/hard-ll_valuebound50b6eabd.i---hull-11_integralized.yml	done	0.037359	0.03998751498875208	32.165888	done	0.033804	0.03639674500300316	32.051200	done	1.283613	0.9165056850033579	78.397440	done	0.033608	0.03629999199620215	32.063488
svcomp2025-cra-monotone-hulls-integralized/nla-digbench-scaling/hard-ll_valuebound50b6eabd.i---hull-6_integralized.yml	done	0.042243	0.044632217002799734	32.550912	done	0.043224	0.04648009400261799	32.157696	done	1.022836	0.7285356249994948	68.968448	done	0.045947	0.04871173499850556	32.653312
svcomp2025-cra-monotone-hulls-integralized/nla-digbench-scaling/hard-ll_valuebound50b6eabd.i---hull-7_integralized.yml	done	0.042275	0.04442979098530486	32.296960	done	0.038566	0.04104580199782504	32.141312	done	1.004629	0.7107579520015861	69.984256	done	0.052932	0.05614585599687416	32.714752
svcomp2025-cra-monotone-hulls-integralized/nla-digbench-scaling/hard-ll_valuebound50b6eabd.i---hull-8_integralized.yml	done	0.042569	0.045471021003322676	32.186368	done	0.040339	0.042614384001353756	32.067584	done	1.352135	0.9293731189973187	77.971456	done	0.03574	0.038448022001830395	32.096256
svcomp2025-cra-monotone-hulls-integralized/nla-digbench-scaling/hard-ll_valuebound50b6eabd.i---hull-9_integralized.yml	done	0.039768	0.04213019600138068	32.292864	done	0.034725	0.037151215998164844	32.075776	done	1.434713	0.9948740600011661	78.266368	done	0.043759	0.046025935997022316	32.206848
svcomp2025-cra-monotone-hulls-integralized/nla-digbench-scaling/hard-ll_valuebound52df6e2.i---hull-10_integralized.yml	done	0.040667	0.04362349398434162	32.165888	done	0.03863	0.04097123700194061	32.296960	done	1.286722	0.9190321540008881	78.659584	done	0.035823	0.038392039998143446	32.083968
svcomp2025-cra-monotone-hulls-integralized/nla-digbench-scaling/hard-ll_valuebound52df6e2.i---hull-11_integralized.yml	done	0.037367	0.04009456900530495	32.178176	done	0.040525	0.04347295600018697	32.047104	done	1.284843	0.9170731949998299	78.524416	done	0.032758	0.03519579900603276	32.063488
svcomp2025-cra-monotone-hulls-integralized/nla-digbench-scaling/hard-ll_valuebound52df6e2.i---hull-6_integralized.yml	done	0.045229	0.04805025598034263	32.563200	done	0.040335	0.04351634300110163	32.235520	done	1.011191	0.7202225349974469	69.935104	done	0.050289	0.05283872300060466	32.948224
svcomp2025-cra-monotone-hulls-integralized/nla-digbench-scaling/hard-ll_valuebound52df6e2.i---hull-7_integralized.yml	done	0.048531	0.05091992599773221	32.305152	done	0.037396	0.03972794799483381	32.141312	done	1.037505	0.7405357160023414	69.279744	done	0.046808	0.049229144999117125	32.559104
svcomp2025-cra-monotone-hulls-integralized/nla-digbench-scaling/hard-ll_valuebound52df6e2.i---hull-8_integralized.yml	done	0.039078	0.04199039697414264	32.456704	done	0.035194	0.03813737900054548	32.329728	done	1.35511	0.9258475829992676	77.680640	done	0.035967	0.03817272200103616	32.104448
svcomp2025-cra-monotone-hulls-integralized/nla-digbench-scaling/hard-ll_valuebound52df6e2.i---hull-9_integralized.yml	done	0.038143	0.04086786101106554	32.190464	done	0.041109	0.04351152700110106	32.075776	done	1.363566	0.9365035869996063	77.893632	done	0.043513	0.045434920000843704	32.337920
svcomp2025-cra-monotone-hulls-integralized/nla-digbench-scaling/hard-u_unwindbound10094e83c.i---hull-10_integralized.yml	done	0.039053	0.04223441399517469	32.350208	done	0.040093	0.043038021998654585	32.362496	done	3.483542	2.4909682889992837	142.450688	done	0.269932	0.2728051910016802	38.100992
svcomp2025-cra-monotone-hulls-integralized/nla-digbench-scaling/hard-u_unwindbound10094e83c.i---hull-11_integralized.yml	done	0.039388	0.04217555301147513	32.346112	done	0.035373	0.03848322700650897	32.256000	done	3.478194	2.503347429999849	143.900672	done	0.253554	0.2561264169999049	38.219776
svcomp2025-cra-monotone-hulls-integralized/nla-digbench-scaling/hard-u_unwindbound10094e83c.i---hull-6_integralized.yml	done	0.082623	0.0858858450083062	32.538624	done	0.041456	0.04409324399603065	32.296960	done	4.014808	2.6394250219964306	127.967232	done	0.051146	0.05347170599998208	32.784384
svcomp2025-cra-monotone-hulls-integralized/nla-digbench-scaling/hard-u_unwindbound10094e83c.i---hull-7_integralized.yml	done	0.049381	0.051924465980846435	32.837632	done	0.039396	0.041507219000777695	32.301056	done	3.989053	2.626538422999147	127.279104	done	0.052908	0.05563050899945665	32.952320
svcomp2025-cra-monotone-hulls-integralized/nla-digbench-scaling/hard-u_unwindbound10094e83c.i---hull-8_integralized.yml	done	0.043539	0.04619557302794419	32.501760	done	0.038974	0.041123300994513556	32.497664	done	5.30164	3.4184470609980053	146.157568	done	0.323587	0.3261270399962086	39.370752
svcomp2025-cra-monotone-hulls-integralized/nla-digbench-scaling/hard-u_unwindbound10094e83c.i---hull-9_integralized.yml	done	0.043037	0.04546480599674396	32.493568	done	0.037882	0.04097532699961448	32.636928	done	5.250355	3.3931217760036816	145.526784	done	0.321885	0.3251079359979485	39.518208
svcomp2025-cra-monotone-hulls-integralized/nla-digbench-scaling/hard-u_unwindbound10d8c97b.i---hull-10_integralized.yml	done	0.040881	0.04404954900383018	32.354304	done	0.035281	0.03786178500013193	32.514048	done	3.520347	2.488675710003008	143.036416	done	0.075467	0.07787924799777102	34.168832
svcomp2025-cra-monotone-hulls-integralized/nla-digbench-scaling/hard-u_unwindbound10d8c97b.i---hull-11_integralized.yml	done	0.040105	0.04296734000672586	32.464896	done	0.033582	0.03599379699880956	32.247808	done	3.502342	2.484902782998688	143.462400	done	0.075043	0.07770663499832153	33.976320
svcomp2025-cra-monotone-hulls-integralized/nla-digbench-scaling/hard-u_unwindbound10d8c97b.i---hull-6_integralized.yml	done	0.046594	0.04887257199152373	32.641024	done	0.038593	0.041776177000429016	32.407552	done	4.034756	2.653832103998866	128.409600	done	0.049532	0.05170439399807947	32.788480
svcomp2025-cra-monotone-hulls-integralized/nla-digbench-scaling/hard-u_unwindbound10d8c97b.i---hull-7_integralized.yml	done	0.050508	0.05323580699041486	33.009664	done	0.039395	0.0420528570030001	32.305152	done	4.070095	2.6588458940022974	129.232896	done	0.051966	0.05423031399550382	32.972800
svcomp2025-cra-monotone-hulls-integralized/nla-digbench-scaling/hard-u_unwindbound10d8c97b.i---hull-8_integralized.yml	done	0.04333	0.04563035099999979	32.505856	done	0.03662	0.039437095998437144	32.632832	done	5.230561	3.3428568960007397	146.014208	done	0.075273	0.07809842900314834	34.103296
svcomp2025-cra-monotone-hulls-integralized/nla-digbench-scaling/hard-u_unwindbound10d8c97b.i---hull-9_integralized.yml	done	0.0418	0.04418211098527536	32.735232	done	0.037358	0.03990188100578962	32.370688	done	5.386956	3.484798953999416	145.571840	done	0.079009	0.0818923699989682	34.091008
svcomp2025-cra-monotone-hulls-integralized/nla-digbench-scaling/hard-u_unwindbound203e737e.i---hull-10_integralized.yml	done	0.039356	0.04267442401032895	32.366592	done	0.034705	0.03757174700149335	32.247808	done	3.472185	2.479977344002691	142.999552	done	0.084668	0.08740763500100002	34.570240
svcomp2025-cra-monotone-hulls-integralized/nla-digbench-scaling/hard-u_unwindbound203e737e.i---hull-11_integralized.yml	done	0.039509	0.04231364402221516	32.473088	done	0.036585	0.03878057199472096	32.260096	done	3.543408	2.515919669996947	143.392768	done	0.089326	0.0920136549975723	34.660352
svcomp2025-cra-monotone-hulls-integralized/nla-digbench-scaling/hard-u_unwindbound203e737e.i---hull-6_integralized.yml	done	0.052477	0.05496172999846749	32.522240	done	0.047002	0.04994268599693896	32.559104	done	4.057112	2.6780605950043537	127.774720	done	0.051999	0.05495637199783232	33.054720
svcomp2025-cra-monotone-hulls-integralized/nla-digbench-scaling/hard-u_unwindbound203e737e.i---hull-7_integralized.yml	done	0.046695	0.04966278001666069	32.636928	done	0.039544	0.04161148199636955	32.296960	done	4.072124	2.691108933002397	127.557632	done	0.047965	0.050345734001894016	32.784384
svcomp2025-cra-monotone-hulls-integralized/nla-digbench-scaling/hard-u_unwindbound203e737e.i---hull-8_integralized.yml	done	0.045488	0.0488027969840914	32.718848	done	0.038477	0.041337559996463824	32.772096	done	5.355484	3.4489690750051523	146.354176	done	0.119814	0.1222571699981927	36.085760
svcomp2025-cra-monotone-hulls-integralized/nla-digbench-scaling/hard-u_unwindbound203e737e.i---hull-9_integralized.yml	done	0.049198	0.051842914981534705	32.616448	done	0.038163	0.04078348400071263	32.559104	done	5.300072	3.4265199579967884	146.345984	done	0.126792	0.12969590299326228	36.343808
svcomp2025-cra-monotone-hulls-integralized/nla-digbench-scaling/hard-u_unwindbound2359161.i---hull-10_integralized.yml	done	0.039832	0.04247446299996227	32.391168	done	0.035841	0.03856819299835479	32.215040	done	1.764098	1.2636582230043132	94.470144	done	0.035935	0.03809907400136581	32.276480
svcomp2025-cra-monotone-hulls-integralized/nla-digbench-scaling/hard-u_unwindbound2359161.i---hull-11_integralized.yml	done	0.040175	0.04257737900479697	32.325632	done	0.034175	0.036995597001805436	32.219136	done	1.763031	1.2659619350015419	94.085120	done	0.037971	0.04076169700419996	32.411648
svcomp2025-cra-monotone-hulls-integralized/nla-digbench-scaling/hard-u_unwindbound2359161.i---hull-6_integralized.yml	done	0.05117	0.053362409002147615	32.522240	done	0.043095	0.045869932997447904	32.546816	done	1.992561	1.306185291003203	86.228992	done	0.051406	0.054508831999555696	32.788480
svcomp2025-cra-monotone-hulls-integralized/nla-digbench-scaling/hard-u_unwindbound2359161.i---hull-7_integralized.yml	done	0.047272	0.04952200100524351	32.526336	done	0.039436	0.041738942003576085	32.276480	done	2.032193	1.3310430889978306	85.663744	done	0.051693	0.05490143199858721	32.792576
svcomp2025-cra-monotone-hulls-integralized/nla-digbench-scaling/hard-u_unwindbound2359161.i---hull-8_integralized.yml	done	0.043237	0.04563748498912901	32.428032	done	0.036348	0.0397621669981163	32.264192	done	2.736333	1.7582801379976445	96.116736	done	0.039575	0.042413069000758696	32.473088
svcomp2025-cra-monotone-hulls-integralized/nla-digbench-scaling/hard-u_unwindbound2359161.i---hull-9_integralized.yml	done	0.045896	0.04815524199511856	32.686080	done	0.036203	0.038951866001298185	32.374784	done	2.718995	1.7523353759970632	95.387648	done	0.039663	0.042528553000011016	32.620544
svcomp2025-cra-monotone-hulls-integralized/nla-digbench-scaling/hard-u_unwindbound50c0d3cc.i---hull-10_integralized.yml	done	0.039706	0.042334402998676524	32.366592	done	0.034709	0.037603942000714596	32.518144	done	3.512345	2.525867176002066	143.200256	done	0.148685	0.1514203019978595	36.659200
svcomp2025-cra-monotone-hulls-integralized/nla-digbench-scaling/hard-u_unwindbound50c0d3cc.i---hull-11_integralized.yml	done	0.044708	0.047511573997326195	32.485376	done	0.033921	0.037297754002793226	32.251904	done	3.538409	2.516329942001903	143.802368	done	0.150352	0.15306991699617356	36.634624
svcomp2025-cra-monotone-hulls-integralized/nla-digbench-scaling/hard-u_unwindbound50c0d3cc.i---hull-6_integralized.yml	done	0.047404	0.0502587009978015	32.657408	done	0.042135	0.0444592889980413	32.555008	done	4.001993	2.6100617609990877	128.401408	done	0.054195	0.0566185330026201	33.083392
svcomp2025-cra-monotone-hulls-integralized/nla-digbench-scaling/hard-u_unwindbound50c0d3cc.i---hull-7_integralized.yml	done	0.053714	0.0560244939988479	32.722944	done	0.038941	0.04253425700153457	32.374784	done	4.007953	2.610585327995068	128.323584	done	0.05089	0.054980540997348726	32.890880
svcomp2025-cra-monotone-hulls-integralized/nla-digbench-scaling/hard-u_unwindbound50c0d3cc.i---hull-8_integralized.yml	done	0.046777	0.04917417699471116	32.718848	done	0.047198	0.04941307300032349	32.464896	done	5.175512	3.3238388679965283	145.166336	done	0.14809	0.15085448500030907	37.285888
svcomp2025-cra-monotone-hulls-integralized/nla-digbench-scaling/hard-u_unwindbound50c0d3cc.i---hull-9_integralized.yml	done	0.047353	0.050089140015188605	32.976896	done	0.038835	0.04149768699426204	32.460800	done	5.109808	3.296049567994487	146.280448	done	0.146203	0.14902099000028102	37.457920
svcomp2025-cra-monotone-hulls-integralized/nla-digbench-scaling/hard-u_unwindbound5ac732b.i---hull-10_integralized.yml	done	0.0402	0.04338922299211845	32.632832	done	0.033787	0.03659381199395284	32.264192	done	3.5256	2.516821336997964	143.343616	done	0.050205	0.053374303999589756	32.657408
svcomp2025-cra-monotone-hulls-integralized/nla-digbench-scaling/hard-u_unwindbound5ac732b.i---hull-11_integralized.yml	done	0.040913	0.04369198300992139	32.391168	done	0.040057	0.04306923900003312	32.337920	done	3.471091	2.505927669997618	143.515648	done	0.045831	0.0482213560026139	32.665600
svcomp2025-cra-monotone-hulls-integralized/nla-digbench-scaling/hard-u_unwindbound5ac732b.i---hull-6_integralized.yml	done	0.052509	0.05558002000907436	32.649216	done	0.040864	0.043165144001250155	32.284672	done	3.968248	2.6029305560005014	128.860160	done	0.050989	0.05366378000326222	33.062912
svcomp2025-cra-monotone-hulls-integralized/nla-digbench-scaling/hard-u_unwindbound5ac732b.i---hull-7_integralized.yml	done	0.048257	0.05132699399837293	32.681984	done	0.042504	0.045070444997691084	32.546816	done	4.105971	2.720325080998009	128.450560	done	0.051365	0.05406374399899505	32.870400
svcomp2025-cra-monotone-hulls-integralized/nla-digbench-scaling/hard-u_unwindbound5ac732b.i---hull-8_integralized.yml	done	0.04315	0.04570998399867676	32.489472	done	0.036849	0.03957549099868629	32.440320	done	5.23954	3.36936257200432	146.243584	done	0.059783	0.06286319399805507	33.308672
svcomp2025-cra-monotone-hulls-integralized/nla-digbench-scaling/hard-u_unwindbound5ac732b.i---hull-9_integralized.yml	done	0.043913	0.046692532021552324	32.612352	done	0.036657	0.039853999005572405	32.382976	done	5.261294	3.454131917998893	146.128896	done	0.0604	0.0627530440033297	33.480704
svcomp2025-cra-monotone-hulls-integralized/nla-digbench-scaling/hard-u_valuebound1002ba09b.i---hull-10_integralized.yml	done	0.035966	0.03866396899684332	32.165888	done	0.043148	0.046083100998657756	32.346112	done	1.344942	0.9534477060005884	78.438400	done	0.036864	0.039828838998801075	32.071680
svcomp2025-cra-monotone-hulls-integralized/nla-digbench-scaling/hard-u_valuebound1002ba09b.i---hull-11_integralized.yml	done	0.035364	0.03794937298516743	32.161792	done	0.034118	0.03695834699465195	32.153600	done	1.290109	0.9245202210004209	78.155776	done	0.034955	0.03712614499818301	32.071680
svcomp2025-cra-monotone-hulls-integralized/nla-digbench-scaling/hard-u_valuebound1002ba09b.i---hull-6_integralized.yml	done	0.04199	0.043919998017372563	32.296960	done	0.042034	0.04447729100502329	32.505856	done	1.017177	0.7240705010044621	69.537792	done	0.045878	0.048732973998994567	32.555008
svcomp2025-cra-monotone-hulls-integralized/nla-digbench-scaling/hard-u_valuebound1002ba09b.i---hull-7_integralized.yml	done	0.04411	0.04631047698785551	32.296960	done	0.056397	0.05964435200439766	32.145408	done	1.007742	0.7111430950026261	69.214208	done	0.046598	0.04898923099972308	32.563200
svcomp2025-cra-monotone-hulls-integralized/nla-digbench-scaling/hard-u_valuebound1002ba09b.i---hull-8_integralized.yml	done	0.039987	0.04228266701102257	32.219136	done	0.035274	0.03813637400162406	32.325632	done	1.409029	0.9721133500061114	78.135296	done	0.037219	0.039480888000980485	32.112640
svcomp2025-cra-monotone-hulls-integralized/nla-digbench-scaling/hard-u_valuebound1002ba09b.i---hull-9_integralized.yml	done	0.041297	0.04370653798105195	32.456704	done	0.035667	0.03793902100005653	32.174080	done	1.389024	0.965267875995778	77.746176	done	0.038057	0.04077291100111324	32.108544
svcomp2025-cra-monotone-hulls-integralized/nla-digbench-scaling/hard-u_valuebound105899af.i---hull-10_integralized.yml	done	0.04275	0.04539762999047525	32.157696	done	0.034496	0.03695824400347192	32.047104	done	1.296337	0.9214321690014913	77.766656	done	0.034712	0.03735331999632763	32.079872
svcomp2025-cra-monotone-hulls-integralized/nla-digbench-scaling/hard-u_valuebound105899af.i---hull-11_integralized.yml	done	0.040682	0.04318901398801245	32.313344	done	0.033328	0.035763314001087565	32.047104	done	1.301992	0.9174069239961682	78.311424	done	0.038119	0.040704863000428304	32.067584
svcomp2025-cra-monotone-hulls-integralized/nla-digbench-scaling/hard-u_valuebound105899af.i---hull-6_integralized.yml	done	0.041713	0.04472619597800076	32.522240	done	0.036786	0.03914442800305551	32.145408	done	1.004535	0.716910507006105	69.517312	done	0.045462	0.04783673700148938	32.870400
svcomp2025-cra-monotone-hulls-integralized/nla-digbench-scaling/hard-u_valuebound105899af.i---hull-7_integralized.yml	done	0.062153	0.06492796700331382	32.378880	done	0.037093	0.039360736998787615	32.149504	done	1.024274	0.7285993010009406	69.251072	done	0.049052	0.051395246999163646	32.550912
svcomp2025-cra-monotone-hulls-integralized/nla-digbench-scaling/hard-u_valuebound105899af.i---hull-8_integralized.yml	done	0.040943	0.04349378900951706	32.292864	done	0.035298	0.03721356399910292	32.325632	done	1.354701	0.9358968939995975	77.955072	done	0.035736	0.038311796000925824	32.202752
svcomp2025-cra-monotone-hulls-integralized/nla-digbench-scaling/hard-u_valuebound105899af.i---hull-9_integralized.yml	done	0.040731	0.042991687019821256	32.464896	done	0.034695	0.0372366730007343	32.333824	done	1.405831	0.9708931909990497	78.008320	done	0.036245	0.03887757699703798	32.231424
svcomp2025-cra-monotone-hulls-integralized/nla-digbench-scaling/hard-u_valuebound2072e57b.i---hull-10_integralized.yml	done	0.037705	0.04035764100262895	32.169984	done	0.039207	0.04156181999860564	32.165888	done	1.323404	0.9525460840013693	78.454784	done	0.041294	0.04365513199445559	32.079872
svcomp2025-cra-monotone-hulls-integralized/nla-digbench-scaling/hard-u_valuebound2072e57b.i---hull-11_integralized.yml	done	0.038439	0.04072600498329848	32.432128	done	0.04363	0.04622982799628517	32.043008	done	1.269269	0.9060510510025779	78.319616	done	0.041287	0.043930661006015725	32.071680
svcomp2025-cra-monotone-hulls-integralized/nla-digbench-scaling/hard-u_valuebound2072e57b.i---hull-6_integralized.yml	done	0.044225	0.0470192409993615	32.591872	done	0.036624	0.03915261200017994	32.153600	done	1.018908	0.721684992997325	69.722112	done	0.048793	0.051447576995997224	32.546816
svcomp2025-cra-monotone-hulls-integralized/nla-digbench-scaling/hard-u_valuebound2072e57b.i---hull-7_integralized.yml	done	0.043291	0.04597853100858629	32.337920	done	0.035818	0.038579906002269126	32.145408	done	1.020539	0.7276870109999436	69.971968	done	0.053835	0.0563560829978087	32.555008
svcomp2025-cra-monotone-hulls-integralized/nla-digbench-scaling/hard-u_valuebound2072e57b.i---hull-8_integralized.yml	done	0.039071	0.04171329102246091	32.538624	done	0.038296	0.04043081499548862	32.071680	done	1.370529	0.9472016130021075	78.110720	done	0.036632	0.040072715004498605	32.329728
svcomp2025-cra-monotone-hulls-integralized/nla-digbench-scaling/hard-u_valuebound2072e57b.i---hull-9_integralized.yml	done	0.045377	0.04839833499863744	32.526336	done	0.04308	0.04548675700061722	32.157696	done	1.335685	0.9180597169979592	77.541376	done	0.041477	0.0444144770008279	32.174080
svcomp2025-cra-monotone-hulls-integralized/nla-digbench-scaling/hard-u_valuebound27f9189.i---hull-10_integralized.yml	done	0.039444	0.042083775013452396	32.174080	done	0.035096	0.03745721800078172	32.043008	done	1.269078	0.8944060479989275	77.910016	done	0.033241	0.03602601499733282	32.329728
svcomp2025-cra-monotone-hulls-integralized/nla-digbench-scaling/hard-u_valuebound27f9189.i---hull-11_integralized.yml	done	0.037872	0.04033871597493999	32.432128	done	0.036543	0.03945610699884128	32.043008	done	1.263058	0.8945257540035527	78.094336	done	0.042041	0.04436525899654953	32.071680
svcomp2025-cra-monotone-hulls-integralized/nla-digbench-scaling/hard-u_valuebound27f9189.i---hull-6_integralized.yml	done	0.042481	0.04566514299949631	32.337920	done	0.044091	0.04668103300355142	32.133120	done	1.026297	0.7325490119983442	69.578752	done	0.048405	0.05124721299944213	32.804864
svcomp2025-cra-monotone-hulls-integralized/nla-digbench-scaling/hard-u_valuebound27f9189.i---hull-7_integralized.yml	done	0.042728	0.04487835499458015	32.301056	done	0.036777	0.03910052400169661	32.137216	done	1.033835	0.7438662970016594	69.701632	done	0.048089	0.05076470800122479	33.001472
svcomp2025-cra-monotone-hulls-integralized/nla-digbench-scaling/hard-u_valuebound27f9189.i---hull-8_integralized.yml	done	0.041396	0.0440869269950781	32.485376	done	0.043107	0.04580101399915293	32.088064	done	1.360336	0.9337992829969153	77.967360	done	0.037028	0.03993569000158459	32.108544
svcomp2025-cra-monotone-hulls-integralized/nla-digbench-scaling/hard-u_valuebound27f9189.i---hull-9_integralized.yml	done	0.039199	0.0422260970226489	32.190464	done	0.034764	0.03779476800264092	32.153600	done	1.36536	0.9363753159996122	77.545472	done	0.035912	0.03824140300275758	32.264192
svcomp2025-cra-monotone-hulls-integralized/nla-digbench-scaling/hard-u_valuebound50bc78ae.i---hull-10_integralized.yml	done	0.040724	0.0438468020001892	32.436224	done	0.035523	0.03810668299411191	32.149504	done	1.276109	0.9054864970021299	78.049280	done	0.034251	0.03691330300353002	32.075776
svcomp2025-cra-monotone-hulls-integralized/nla-digbench-scaling/hard-u_valuebound50bc78ae.i---hull-11_integralized.yml	done	0.037205	0.03991261500050314	32.165888	done	0.034322	0.03696340099850204	32.051200	done	1.281631	0.9109029929968528	78.397440	done	0.03525	0.03764650199445896	32.145408
svcomp2025-cra-monotone-hulls-integralized/nla-digbench-scaling/hard-u_valuebound50bc78ae.i---hull-6_integralized.yml	done	0.044084	0.04660430800868198	32.387072	done	0.042643	0.04481232100079069	32.223232	done	1.031677	0.7491838429996278	69.636096	done	0.046578	0.0486775379977189	32.546816
svcomp2025-cra-monotone-hulls-integralized/nla-digbench-scaling/hard-u_valuebound50bc78ae.i---hull-7_integralized.yml	done	0.045214	0.04863371400278993	32.301056	done	0.038918	0.041966815006162506	32.411648	done	1.01172	0.7158601080009248	69.406720	done	0.047453	0.04964415299764369	32.669696
svcomp2025-cra-monotone-hulls-integralized/nla-digbench-scaling/hard-u_valuebound50bc78ae.i---hull-8_integralized.yml	done	0.038999	0.04182444798061624	32.284672	done	0.036687	0.039152270001068246	32.337920	done	1.367207	0.9306220360012958	78.229504	done	0.035779	0.038996251998469234	32.108544
svcomp2025-cra-monotone-hulls-integralized/nla-digbench-scaling/hard-u_valuebound50bc78ae.i---hull-9_integralized.yml	done	0.039054	0.04161487097735517	32.280576	done	0.03818	0.04049268100061454	32.329728	done	1.40561	0.9592225619999226	78.524416	done	0.035575	0.03837300200393656	32.104448
svcomp2025-cra-monotone-hulls-integralized/nla-digbench-scaling/hard-u_valuebound561a8b1.i---hull-10_integralized.yml	done	0.036994	0.03935591099434532	32.436224	done	0.037641	0.04013994999695569	32.157696	done	1.277589	0.9042019770058687	78.192640	done	0.034145	0.03633237799658673	32.174080
svcomp2025-cra-monotone-hulls-integralized/nla-digbench-scaling/hard-u_valuebound561a8b1.i---hull-11_integralized.yml	done	0.037064	0.03979890700429678	32.178176	done	0.035484	0.03797307099739555	32.051200	done	1.247404	0.8899462659974233	77.369344	done	0.036899	0.0393086999974912	32.071680
svcomp2025-cra-monotone-hulls-integralized/nla-digbench-scaling/hard-u_valuebound561a8b1.i---hull-6_integralized.yml	done	0.044104	0.04688057300518267	32.309248	done	0.0378	0.04086718399776146	32.243712	done	1.030364	0.7317319750000024	68.820992	done	0.047439	0.05015962199831847	32.542720
svcomp2025-cra-monotone-hulls-integralized/nla-digbench-scaling/hard-u_valuebound561a8b1.i---hull-7_integralized.yml	done	0.043867	0.047554049000609666	32.305152	done	0.036795	0.039227465000294615	32.333824	done	1.021426	0.7225241329942946	69.324800	done	0.046299	0.048530956999456976	32.813056
svcomp2025-cra-monotone-hulls-integralized/nla-digbench-scaling/hard-u_valuebound561a8b1.i---hull-8_integralized.yml	done	0.038924	0.04128280500299297	32.190464	done	0.034109	0.03657316799944965	32.071680	done	1.400508	0.9667526470002485	77.303808	done	0.036976	0.03991680599574465	32.206848
svcomp2025-cra-monotone-hulls-integralized/nla-digbench-scaling/hard-u_valuebound561a8b1.i---hull-9_integralized.yml	done	0.039643	0.04183207399910316	32.448512	done	0.0379	0.039846382998803165	32.284672	done	1.395887	0.9449998510026489	78.327808	done	0.043569	0.04567112000222551	32.100352
svcomp2025-cra-monotone-hulls-integralized/nla-digbench-scaling/hard2_unwindbound100ed93b7.i---hull-10_integralized.yml	done	0.039761	0.04202779202023521	32.268288	done	0.052519	0.05500975500035565	32.206848	done	1.976379	1.3998328590023448	102.518784	done	0.241407	0.24425933900056407	38.019072
svcomp2025-cra-monotone-hulls-integralized/nla-digbench-scaling/hard2_unwindbound100ed93b7.i---hull-11_integralized.yml	done	0.039861	0.042351974989287555	32.497664	done	0.040468	0.0428036089942907	32.206848	done	1.973002	1.3983253949991195	101.810176	done	0.244918	0.2474558079993585	38.187008
svcomp2025-cra-monotone-hulls-integralized/nla-digbench-scaling/hard2_unwindbound100ed93b7.i---hull-6_integralized.yml	done	0.04387	0.04635649599367753	32.665600	done	0.035436	0.037781576000270434	32.296960	done	2.376409	1.5397562819998711	92.311552	done	0.040206	0.0425553460008814	32.399360
svcomp2025-cra-monotone-hulls-integralized/nla-digbench-scaling/hard2_unwindbound100ed93b7.i---hull-7_integralized.yml	done	0.047249	0.05021003700676374	32.399360	done	0.03694	0.03962174399930518	32.522240	done	2.371353	1.535793590999674	93.347840	done	0.04543	0.04739809800230432	32.493568
svcomp2025-cra-monotone-hulls-integralized/nla-digbench-scaling/hard2_unwindbound100ed93b7.i---hull-8_integralized.yml	done	0.045345	0.04732215197873302	32.591872	done	0.039538	0.042065364999871235	32.657408	done	2.987727	1.8960782499998459	103.301120	done	0.239731	0.24287974899925757	37.314560
svcomp2025-cra-monotone-hulls-integralized/nla-digbench-scaling/hard2_unwindbound100ed93b7.i---hull-9_integralized.yml	done	0.046973	0.04914677600027062	32.595968	done	0.045161	0.04727557000296656	32.428032	done	3.0043	1.9139392349970876	102.793216	done	0.238356	0.24112192200118443	37.298176
svcomp2025-cra-monotone-hulls-integralized/nla-digbench-scaling/hard2_unwindbound10d6c388.i---hull-10_integralized.yml	done	0.036824	0.03924675501184538	32.546816	done	0.033581	0.035564065001381095	32.317440	done	2.047766	1.4779334160048165	102.387712	done	0.064949	0.06745857999339933	33.480704
svcomp2025-cra-monotone-hulls-integralized/nla-digbench-scaling/hard2_unwindbound10d6c388.i---hull-11_integralized.yml	done	0.03976	0.04258009200566448	32.542720	done	0.035536	0.03728779900120571	32.194560	done	1.95756	1.3946187520050444	102.293504	done	0.06519	0.06790344399632886	33.607680
svcomp2025-cra-monotone-hulls-integralized/nla-digbench-scaling/hard2_unwindbound10d6c388.i---hull-6_integralized.yml	done	0.044057	0.04691350198118016	32.657408	done	0.03525	0.03854691499873297	32.256000	done	2.301432	1.4904917669991846	93.720576	done	0.040623	0.04304692299774615	32.399360
svcomp2025-cra-monotone-hulls-integralized/nla-digbench-scaling/hard2_unwindbound10d6c388.i---hull-7_integralized.yml	done	0.042873	0.04536092499620281	32.403456	done	0.037323	0.03977246100112097	32.370688	done	2.350605	1.508956865996879	92.557312	done	0.040677	0.043256756995106116	32.530432
svcomp2025-cra-monotone-hulls-integralized/nla-digbench-scaling/hard2_unwindbound10d6c388.i---hull-8_integralized.yml	done	0.046656	0.04963800101540983	32.591872	done	0.037991	0.04002484699594788	32.608256	done	3.040445	1.9534286639973288	103.919616	done	0.056188	0.058462373999645934	33.009664
svcomp2025-cra-monotone-hulls-integralized/nla-digbench-scaling/hard2_unwindbound10d6c388.i---hull-9_integralized.yml	done	0.045517	0.04853581701172516	32.587776	done	0.038024	0.0403225449990714	32.395264	done	3.035883	1.9414011990011204	103.776256	done	0.057159	0.05941440599417547	33.013760
svcomp2025-cra-monotone-hulls-integralized/nla-digbench-scaling/hard2_unwindbound201117cf.i---hull-10_integralized.yml	done	0.036981	0.039734869002131745	32.276480	done	0.034186	0.037092120001034345	32.206848	done	1.971471	1.4023175580005045	101.818368	done	0.07078	0.07377408199681668	33.673216
svcomp2025-cra-monotone-hulls-integralized/nla-digbench-scaling/hard2_unwindbound201117cf.i---hull-11_integralized.yml	done	0.038753	0.04188719001831487	32.391168	done	0.036139	0.03937344199948711	32.194560	done	1.954148	1.3868169999987003	102.178816	done	0.07073	0.07308979400113458	33.677312
svcomp2025-cra-monotone-hulls-integralized/nla-digbench-scaling/hard2_unwindbound201117cf.i---hull-6_integralized.yml	done	0.041251	0.043548771005589515	32.497664	done	0.037165	0.04053917399869533	32.260096	done	2.379303	1.5266354639970814	93.372416	done	0.046244	0.048568353995506186	32.415744
svcomp2025-cra-monotone-hulls-integralized/nla-digbench-scaling/hard2_unwindbound201117cf.i---hull-7_integralized.yml	done	0.042527	0.04551642699516378	32.706560	done	0.042273	0.04506551100348588	32.276480	done	2.335712	1.4998976409988245	93.159424	done	0.043727	0.045991829996637534	32.591872
svcomp2025-cra-monotone-hulls-integralized/nla-digbench-scaling/hard2_unwindbound201117cf.i---hull-8_integralized.yml	done	0.051067	0.053780619986355305	32.858112	done	0.038318	0.04076372500276193	32.354304	done	3.033435	1.9367897400006768	104.165376	done	0.079648	0.08334402200125623	34.283520
svcomp2025-cra-monotone-hulls-integralized/nla-digbench-scaling/hard2_unwindbound201117cf.i---hull-9_integralized.yml	done	0.04512	0.047630237007979304	32.600064	done	0.037807	0.041020519005542155	32.358400	done	3.094099	1.9719261529971845	103.882752	done	0.07901	0.0817676480000955	33.775616
svcomp2025-cra-monotone-hulls-integralized/nla-digbench-scaling/hard2_unwindbound2ad7ead.i---hull-11_integralized.yml	done	0.037363	0.03986653100582771	32.387072	done	0.032832	0.03550908800389152	32.137216	done	1.006425	0.709055562998401	73.961472	done	0.040861	0.042944460998114664	32.411648
svcomp2025-cra-monotone-hulls-integralized/nla-digbench-scaling/hard2_unwindbound2ad7ead.i---hull-6_integralized.yml	done	0.042387	0.0451507429825142	32.411648	done	0.035672	0.03872109400253976	32.251904	done	1.193806	0.7730360889981966	68.145152	done	0.040168	0.04263861000072211	32.411648
svcomp2025-cra-monotone-hulls-integralized/nla-digbench-scaling/hard2_unwindbound2ad7ead.i---hull-7_integralized.yml	done	0.044	0.04703213201719336	32.743424	done	0.03708	0.039618253002117854	32.296960	done	1.17827	0.7681712590056122	67.911680	done	0.039521	0.04316984199977014	32.436224
svcomp2025-cra-monotone-hulls-integralized/nla-digbench-scaling/hard2_unwindbound2ad7ead.i---hull-8_integralized.yml	done	0.043903	0.04550347599433735	32.448512	done	0.036376	0.039443064997612964	32.485376	done	1.558499	0.997324000003573	75.464704	done	0.038012	0.04045273599331267	32.247808
svcomp2025-cra-monotone-hulls-integralized/nla-digbench-scaling/hard2_unwindbound2ad7ead.i---hull-9_integralized.yml	done	0.04255	0.044470838009146973	32.440320	done	0.037458	0.04005993800092256	32.231424	done	1.555618	1.0075588610052364	74.940416	done	0.038933	0.041797691003012005	32.632832
svcomp2025-cra-monotone-hulls-integralized/nla-digbench-scaling/hard2_unwindbound5053bb67.i---hull-10_integralized.yml	done	0.037544	0.040002666995860636	32.288768	done	0.038557	0.04116029199940385	32.440320	done	2.088772	1.494716740999138	102.858752	done	0.139183	0.1421686630055774	35.987456
svcomp2025-cra-monotone-hulls-integralized/nla-digbench-scaling/hard2_unwindbound5053bb67.i---hull-11_integralized.yml	done	0.036144	0.03933133999817073	32.555008	done	0.033196	0.03577852799935499	32.182272	done	2.011442	1.4166880269985995	102.621184	done	0.148536	0.1510363440029323	35.684352
svcomp2025-cra-monotone-hulls-integralized/nla-digbench-scaling/hard2_unwindbound5053bb67.i---hull-6_integralized.yml	done	0.043471	0.046079563995590433	32.477184	done	0.036493	0.03915752999455435	32.276480	done	2.396988	1.5430404979997547	93.474816	done	0.040302	0.04270236900629243	32.395264
svcomp2025-cra-monotone-hulls-integralized/nla-digbench-scaling/hard2_unwindbound5053bb67.i---hull-7_integralized.yml	done	0.042178	0.04476658700150438	32.399360	done	0.037929	0.04033249899657676	32.256000	done	2.395971	1.5601190980014508	92.016640	done	0.039085	0.041158252002787776	32.501760
svcomp2025-cra-monotone-hulls-integralized/nla-digbench-scaling/hard2_unwindbound5053bb67.i---hull-8_integralized.yml	done	0.04518	0.04784085799474269	32.661504	done	0.049649	0.05174437000096077	32.366592	done	3.04779	1.9599810850049835	103.960576	done	0.137014	0.1400106520013651	35.524608
svcomp2025-cra-monotone-hulls-integralized/nla-digbench-scaling/hard2_unwindbound5053bb67.i---hull-9_integralized.yml	done	0.046212	0.04873003900866024	32.591872	done	0.039344	0.04226907699921867	32.358400	done	3.039049	1.9509443329952774	104.116224	done	0.131413	0.1341158240029472	35.434496
svcomp2025-cra-monotone-hulls-integralized/nla-digbench-scaling/hard2_unwindbound548804a.i---hull-10_integralized.yml	done	0.037086	0.03919635800411925	32.358400	done	0.033977	0.03695051999966381	32.190464	done	1.991643	1.4284841999979108	102.133760	done	0.040995	0.04328609399817651	32.714752
svcomp2025-cra-monotone-hulls-integralized/nla-digbench-scaling/hard2_unwindbound548804a.i---hull-11_integralized.yml	done	0.036436	0.038992705987766385	32.366592	done	0.033283	0.036225381001713686	32.190464	done	2.001867	1.4216798929992365	102.473728	done	0.040864	0.04349186499894131	32.555008
svcomp2025-cra-monotone-hulls-integralized/nla-digbench-scaling/hard2_unwindbound548804a.i---hull-6_integralized.yml	done	0.041305	0.04391384098562412	32.399360	done	0.045652	0.048736313001427334	32.280576	done	2.381447	1.5356553029996576	92.884992	done	0.038845	0.04128011300053913	32.407552
svcomp2025-cra-monotone-hulls-integralized/nla-digbench-scaling/hard2_unwindbound548804a.i---hull-7_integralized.yml	done	0.041556	0.0443951659835875	32.403456	done	0.037148	0.039239032004843466	32.522240	done	2.389883	1.5510205059981672	92.471296	done	0.039241	0.04192482899816241	32.411648
svcomp2025-cra-monotone-hulls-integralized/nla-digbench-scaling/hard2_unwindbound548804a.i---hull-8_integralized.yml	done	0.044917	0.04759032899164595	32.829440	done	0.039433	0.042231615996570326	32.452608	done	3.066963	1.9609750809977413	104.361984	done	0.052558	0.05569217800075421	33.034240
svcomp2025-cra-monotone-hulls-integralized/nla-digbench-scaling/hard2_unwindbound548804a.i---hull-9_integralized.yml	done	0.048656	0.05086435898556374	32.587776	done	0.039588	0.04248299199389294	32.706560	done	3.051146	1.95030612499977	103.915520	done	0.049087	0.051921445003245026	32.890880
svcomp2025-cra-monotone-hulls-integralized/nla-digbench-scaling/lcm1_unwindbound1004f4d7c.i---hull-14_integralized.yml	done	0.076946	0.07942660900880583	34.312192	done	0.059087	0.06202791899704607	33.341440	done	9.804839	8.063421418999496	599.281664	done	2.152816	2.1561533929998404	62.881792
svcomp2025-cra-monotone-hulls-integralized/nla-digbench-scaling/lcm1_unwindbound1004f4d7c.i---hull-15_integralized.yml	done	0.077691	0.08021278699743561	34.045952	done	0.052833	0.05528868200053694	33.239040	done	9.85095	8.119612733004033	599.126016	done	2.275631	2.2798971960000927	62.672896
svcomp2025-cra-monotone-hulls-integralized/nla-digbench-scaling/lcm1_unwindbound1004f4d7c.i---hull-16_integralized.yml	done	0.07845	0.08157907400163822	34.045952	done	0.0522	0.05499453200172866	33.316864	done	0.382272	0.38476037699729204	85.221376	done	4.083761	4.0878842969977995	83.460096
svcomp2025-cra-monotone-hulls-integralized/nla-digbench-scaling/lcm1_unwindbound1004f4d7c.i---hull-17_integralized.yml	done	0.077986	0.08116111601702869	34.390016	done	0.054236	0.056944664000184275	33.320960	done	0.374862	0.3778756559986505	85.475328	done	4.16067	4.164715830003843	83.509248
svcomp2025-cra-monotone-hulls-integralized/nla-digbench-scaling/lcm1_unwindbound10ca02f9.i---hull-14_integralized.yml	done	0.072748	0.07531969802221283	33.681408	done	0.045951	0.048813702996994834	32.940032	done	10.093975	8.34615642800054	593.686528	done	0.301762	0.30440880200330867	38.060032
svcomp2025-cra-monotone-hulls-integralized/nla-digbench-scaling/lcm1_unwindbound10ca02f9.i---hull-15_integralized.yml	done	0.06679	0.06991936999838799	33.918976	done	0.046535	0.048454569005116355	33.193984	done	9.701118	7.933208448004734	593.514496	done	0.282541	0.285007348000363	38.064128
svcomp2025-cra-monotone-hulls-integralized/nla-digbench-scaling/lcm1_unwindbound10ca02f9.i---hull-16_integralized.yml	done	0.084498	0.08755427302094176	34.312192	done	0.062624	0.06475279900041642	33.546240	done	12.474114	10.839871514996048	670.158848	done	0.589747	0.5923167229993851	42.205184
svcomp2025-cra-monotone-hulls-integralized/nla-digbench-scaling/lcm1_unwindbound10ca02f9.i---hull-17_integralized.yml	done	0.082503	0.08539550600107759	34.320384	done	0.058795	0.06154268699901877	33.558528	done	13.002116	11.367640845004644	670.220288	done	0.539268	0.5425901810012874	42.135552
svcomp2025-cra-monotone-hulls-integralized/nla-digbench-scaling/lcm1_unwindbound2064a45a.i---hull-14_integralized.yml	done	0.08291	0.0852208900032565	34.086912	done	0.052035	0.05468729200219968	33.198080	done	7.935063	6.684491435997188	521.134080	done	0.405129	0.40903507600160083	40.583168
svcomp2025-cra-monotone-hulls-integralized/nla-digbench-scaling/lcm1_unwindbound2064a45a.i---hull-15_integralized.yml	done	0.077317	0.08085476999985985	34.406400	done	0.055365	0.05825825100328075	33.652736	done	8.15073	6.877572984994913	521.408512	done	0.395922	0.39953964100277517	40.554496
svcomp2025-cra-monotone-hulls-integralized/nla-digbench-scaling/lcm1_unwindbound50e2cbf6.i---hull-14_integralized.yml	done	0.100554	0.10382409597514197	34.873344	done	0.06625	0.06908187700173585	33.812480	done	9.225942	7.60482635799417	473.583616	done	2.821031	2.8250609160022577	66.121728
svcomp2025-cra-monotone-hulls-integralized/nla-digbench-scaling/lcm1_unwindbound50e2cbf6.i---hull-15_integralized.yml	done	0.098258	0.10069917800137773	34.770944	done	0.068146	0.07068707900180016	33.804288	done	9.498695	7.826622382999631	475.090944	done	3.018457	3.0217667239994626	66.068480
svcomp2025-cra-monotone-hulls-integralized/nla-digbench-scaling/lcm1_unwindbound50e2cbf6.i---hull-16_integralized.yml	done	0.078815	0.08148106900625862	34.185216	done	0.056701	0.059468310995725915	33.337344	done	7.736281	6.815701651001291	497.065984	done	2.531146	2.534200576999865	60.350464
svcomp2025-cra-monotone-hulls-integralized/nla-digbench-scaling/lcm1_unwindbound50e2cbf6.i---hull-17_integralized.yml	done	0.080923	0.08365961202071048	34.365440	done	0.053821	0.057413091002672445	33.325056	done	7.588837	6.703092939998896	497.000448	done	2.615637	2.6190815860027215	60.248064
svcomp2025-cra-monotone-hulls-integralized/nla-digbench-scaling/lcm1_unwindbound5e2c3f5.i---hull-16_integralized.yml	done	0.103082	0.10620453901356086	34.521088	done	0.052718	0.05523535900283605	33.275904	done	1.96374	1.7144918749982025	186.871808	done	0.125715	0.1285112450059387	36.216832
svcomp2025-cra-monotone-hulls-integralized/nla-digbench-scaling/lcm1_unwindbound5e2c3f5.i---hull-17_integralized.yml	done	0.079228	0.08193792297970504	34.164736	done	0.055702	0.05853469399880851	33.284096	done	2.012627	1.7674037860051612	187.310080	done	0.123288	0.12627815900486894	35.954688
svcomp2025-cra-monotone-hulls-integralized/nla-digbench-scaling/lcm2_unwindbound100e4700a.i---hull-2_integralized.yml	done	0.041561	0.04438240799936466	32.260096	done	0.03849	0.04133748100139201	32.112640	done	1.207759	0.8128527679946274	67.805184	done	0.58083	0.5835784500013688	44.425216
svcomp2025-cra-monotone-hulls-integralized/nla-digbench-scaling/lcm2_unwindbound100e4700a.i---hull-3_integralized.yml	done	0.042877	0.04521791799925268	32.256000	done	0.038015	0.04084168699773727	32.112640	done	1.199351	0.8193543020024663	68.972544	done	0.614233	0.61715115300467	44.535808
svcomp2025-cra-monotone-hulls-integralized/nla-digbench-scaling/lcm2_unwindbound10a923c3.i---hull-2_integralized.yml	done	0.046371	0.04950295502203517	32.636928	done	0.042674	0.044652762000623625	32.370688	done	1.21609	0.8198208180037909	68.390912	done	0.070342	0.07276904400350759	33.456128
svcomp2025-cra-monotone-hulls-integralized/nla-digbench-scaling/lcm2_unwindbound10a923c3.i---hull-3_integralized.yml	done	0.044252	0.04724944898043759	32.256000	done	0.036846	0.03891176799515961	32.137216	done	1.244571	0.8384293769995566	68.759552	done	0.068073	0.07120495100389235	33.488896
svcomp2025-cra-monotone-hulls-integralized/nla-digbench-scaling/lcm2_unwindbound2012ff3b.i---hull-2_integralized.yml	done	0.041731	0.045045481994748116	32.346112	done	0.035908	0.03832971600058954	32.366592	done	1.210402	0.8232435259997146	68.415488	done	0.106425	0.10923749500216218	34.779136
svcomp2025-cra-monotone-hulls-integralized/nla-digbench-scaling/lcm2_unwindbound2012ff3b.i---hull-3_integralized.yml	done	0.041056	0.04369978798786178	32.251904	done	0.036693	0.038945214000705164	32.116736	done	1.240487	0.8492192630001227	68.399104	done	0.10429	0.10752025800320553	34.766848
svcomp2025-cra-monotone-hulls-integralized/nla-digbench-scaling/lcm2_unwindbound2b5eca6.i---hull-2_integralized.yml	done	0.04203	0.04504703197744675	32.260096	done	0.037498	0.03977282200503396	32.108544	done	1.214654	0.8230160919993068	67.448832	done	0.039873	0.04288678100419929	32.276480
svcomp2025-cra-monotone-hulls-integralized/nla-digbench-scaling/lcm2_unwindbound2b5eca6.i---hull-3_integralized.yml	done	0.045798	0.04794629800016992	32.272384	done	0.034835	0.036771583996596746	32.104448	done	1.206583	0.8194399900021381	68.149248	done	0.04527	0.04800121200241847	32.276480
svcomp2025-cra-monotone-hulls-integralized/nla-digbench-scaling/lcm2_unwindbound50c249bf.i---hull-2_integralized.yml	done	0.04264	0.04568410699721426	32.256000	done	0.035376	0.03830353900411865	32.133120	done	1.22783	0.8350854930031346	68.771840	done	0.205665	0.2089861929998733	38.100992
svcomp2025-cra-monotone-hulls-integralized/nla-digbench-scaling/lcm2_unwindbound50c249bf.i---hull-3_integralized.yml	done	0.047954	0.050357226020423695	32.251904	done	0.048949	0.05140769200079376	32.190464	done	1.209634	0.8316697899936116	68.493312	done	0.21142	0.21408610499929637	38.105088
svcomp2025-cra-monotone-hulls-integralized/nla-digbench-scaling/lcm2_unwindbound544b83f.i---hull-2_integralized.yml	done	0.040588	0.043050060980021954	32.284672	done	0.039248	0.041684743999212515	32.124928	done	1.283465	0.8819952980047674	68.378624	done	0.051626	0.05467848199623404	32.976896
svcomp2025-cra-monotone-hulls-integralized/nla-digbench-scaling/lcm2_unwindbound544b83f.i---hull-3_integralized.yml	done	0.041748	0.0444361659756396	32.342016	done	0.036492	0.038966381005593576	32.382976	done	1.265274	0.8597865570045542	68.362240	done	0.053703	0.05651399899943499	32.710656
svcomp2025-cra-monotone-hulls-integralized/nla-digbench-scaling/prod4br-ll_unwindbound100a5f2e6.i---hull-0_integralized.yml	done	0.059093	0.06229104500380345	33.513472	done	0.050112	0.05301489400153514	33.009664	done	2.765849	1.8876794090028852	104.079360	done	0.053442	0.05695229399862001	33.390592
svcomp2025-cra-monotone-hulls-integralized/nla-digbench-scaling/prod4br-ll_unwindbound100a5f2e6.i---hull-1_integralized.yml	done	0.058975	0.061288239987334237	33.337344	done	0.04861	0.05140166099590715	33.247232	done	2.7731	1.8832481860008556	104.189952	done	0.052162	0.05516561800322961	33.075200
svcomp2025-cra-monotone-hulls-integralized/nla-digbench-scaling/prod4br-ll_unwindbound100a5f2e6.i---hull-2_integralized.yml	done	0.045379	0.048007650999352336	33.013760	done	0.038895	0.04198744900349993	32.735232	done	1.446103	0.9875247919990215	79.355904	done	0.483193	0.48610011999699054	41.848832
svcomp2025-cra-monotone-hulls-integralized/nla-digbench-scaling/prod4br-ll_unwindbound100a5f2e6.i---hull-3_integralized.yml	done	0.044115	0.04679663901333697	32.845824	done	0.036559	0.03877438500057906	32.727040	done	1.494972	1.0187324750004336	80.019456	done	0.483854	0.48695592100557406	41.590784
svcomp2025-cra-monotone-hulls-integralized/nla-digbench-scaling/prod4br-ll_unwindbound100a5f2e6.i---hull-4_integralized.yml	done	0.052901	0.05629359799786471	33.271808	done	0.043126	0.04605718699895078	33.005568	done	1.483703	1.0073066280019702	80.838656	done	1.210023	1.2135744960032753	49.045504
svcomp2025-cra-monotone-hulls-integralized/nla-digbench-scaling/prod4br-ll_unwindbound100a5f2e6.i---hull-5_integralized.yml	done	0.048429	0.05078533900086768	33.067008	done	0.043369	0.04630862799967872	33.112064	done	1.513151	1.0242591470014304	80.285696	done	1.195942	1.1989292520011077	49.160192
svcomp2025-cra-monotone-hulls-integralized/nla-digbench-scaling/prod4br-ll_unwindbound105fcf24.i---hull-0_integralized.yml	done	0.049852	0.05251444401801564	33.017856	done	0.042255	0.04489310899953125	32.792576	done	1.698394	1.137108470997191	80.211968	done	0.047785	0.05022069100232329	32.948224
svcomp2025-cra-monotone-hulls-integralized/nla-digbench-scaling/prod4br-ll_unwindbound105fcf24.i---hull-1_integralized.yml	done	0.053851	0.05691211498924531	33.251328	done	0.043478	0.04593685000145342	33.046528	done	1.694761	1.14557720200537	80.011264	done	0.045608	0.04853215099865338	33.210368
svcomp2025-cra-monotone-hulls-integralized/nla-digbench-scaling/prod4br-ll_unwindbound105fcf24.i---hull-2_integralized.yml	done	0.043556	0.046182467020116746	32.972800	done	0.044778	0.04822075899573974	33.083392	done	1.505229	1.0372496979980497	79.360000	done	0.087532	0.0904341019995627	34.586624
svcomp2025-cra-monotone-hulls-integralized/nla-digbench-scaling/prod4br-ll_unwindbound105fcf24.i---hull-3_integralized.yml	done	0.043737	0.04599619598593563	32.870400	done	0.039054	0.041561913007171825	32.788480	done	1.448181	0.9918816010031151	79.466496	done	0.079468	0.08227034800074762	34.312192
svcomp2025-cra-monotone-hulls-integralized/nla-digbench-scaling/prod4br-ll_unwindbound105fcf24.i---hull-4_integralized.yml	done	0.042828	0.04527922999113798	32.804864	done	0.035862	0.03829499000130454	32.690176	done	1.410189	0.9653897759999381	77.950976	done	0.088856	0.09136515799764311	34.557952
svcomp2025-cra-monotone-hulls-integralized/nla-digbench-scaling/prod4br-ll_unwindbound105fcf24.i---hull-5_integralized.yml	done	0.048189	0.05013247497845441	33.394688	done	0.037105	0.04011850700044306	32.800768	done	1.430571	0.9851732350070961	78.069760	done	0.094423	0.0971688119971077	34.541568
svcomp2025-cra-monotone-hulls-integralized/nla-digbench-scaling/prod4br-ll_unwindbound134c15c.i---hull-0_integralized.yml	done	0.062129	0.06489329697797075	33.406976	done	0.054229	0.056683173002966214	33.411072	done	1.422614	0.98037124700204	75.513856	done	0.062998	0.06576564399438212	33.525760
svcomp2025-cra-monotone-hulls-integralized/nla-digbench-scaling/prod4br-ll_unwindbound134c15c.i---hull-1_integralized.yml	done	0.06198	0.06511249399045482	33.406976	done	0.092047	0.09616208199440734	33.169408	done	1.449387	1.0001763730033417	75.509760	done	0.06508	0.06678861800173763	33.415168
svcomp2025-cra-monotone-hulls-integralized/nla-digbench-scaling/prod4br-ll_unwindbound206995d0.i---hull-0_integralized.yml	done	0.060276	0.06275601001107134	33.411072	done	0.055308	0.057751553002162836	33.538048	done	2.751187	1.8714922150029452	102.391808	done	0.066751	0.07050667900330154	33.517568
svcomp2025-cra-monotone-hulls-integralized/nla-digbench-scaling/prod4br-ll_unwindbound206995d0.i---hull-1_integralized.yml	done	0.062172	0.06484204099979252	33.767424	done	0.051229	0.05394749200058868	33.124352	done	2.7006	1.8461014269996667	102.465536	done	0.064833	0.0670442320042639	33.677312
svcomp2025-cra-monotone-hulls-integralized/nla-digbench-scaling/prod4br-ll_unwindbound206995d0.i---hull-2_integralized.yml	done	0.045344	0.04770429898053408	33.144832	done	0.041086	0.04314727099699667	32.743424	done	1.836814	1.2663139810028952	87.015424	done	0.125299	0.12793422999675386	35.700736
svcomp2025-cra-monotone-hulls-integralized/nla-digbench-scaling/prod4br-ll_unwindbound206995d0.i---hull-3_integralized.yml	done	0.047467	0.04974493899499066	33.271808	done	0.041673	0.044557064000400715	33.009664	done	1.831687	1.2388293459953275	87.093248	done	0.12919	0.13245850000384962	35.700736
svcomp2025-cra-monotone-hulls-integralized/nla-digbench-scaling/prod4br-ll_unwindbound206995d0.i---hull-4_integralized.yml	done	0.055779	0.05841166799655184	33.079296	done	0.04542	0.04807395200623432	32.985088	done	1.767416	1.2069814709975617	82.923520	done	0.135161	0.1379390849979245	36.175872
svcomp2025-cra-monotone-hulls-integralized/nla-digbench-scaling/prod4br-ll_unwindbound206995d0.i---hull-5_integralized.yml	done	0.048984	0.051152025000192225	33.177600	done	0.042728	0.045700286005740054	32.972800	done	1.742223	1.1922866280001472	82.579456	done	0.143999	0.14707341200119117	35.909632
svcomp2025-cra-monotone-hulls-integralized/nla-digbench-scaling/prod4br-ll_unwindbound2444b05.i---hull-0_integralized.yml	done	0.062016	0.06427682400681078	33.394688	done	0.054934	0.05749612300132867	33.062912	done	2.846311	1.9447639760037418	102.481920	done	0.061658	0.06505053399450844	33.435648
svcomp2025-cra-monotone-hulls-integralized/nla-digbench-scaling/prod4br-ll_unwindbound2444b05.i---hull-1_integralized.yml	done	0.065419	0.06833620701218024	33.501184	done	0.052386	0.055324583998299204	33.062912	done	2.823775	1.9301442989963107	102.457344	done	0.06114	0.06440589600242674	33.337344
svcomp2025-cra-monotone-hulls-integralized/nla-digbench-scaling/prod4br-ll_unwindbound2444b05.i---hull-2_integralized.yml	done	0.046473	0.049472775019239634	33.275904	done	0.039217	0.04233173499960685	32.976896	done	1.473228	1.0085812550023547	80.109568	done	0.044873	0.04762792900146451	33.071104
svcomp2025-cra-monotone-hulls-integralized/nla-digbench-scaling/prod4br-ll_unwindbound2444b05.i---hull-3_integralized.yml	done	0.043651	0.04587940900819376	32.890880	done	0.038383	0.04090997100138338	32.985088	done	1.509837	1.0381711390000419	79.826944	done	0.043444	0.04638834099750966	33.247232
svcomp2025-cra-monotone-hulls-integralized/nla-digbench-scaling/prod4br-ll_unwindbound2444b05.i---hull-4_integralized.yml	done	0.049716	0.0519310389936436	33.067008	done	0.041733	0.044417843004339375	33.128448	done	1.741778	1.1834687180016772	83.001344	done	0.053415	0.0562245190012618	33.116160
svcomp2025-cra-monotone-hulls-integralized/nla-digbench-scaling/prod4br-ll_unwindbound2444b05.i---hull-5_integralized.yml	done	0.050367	0.05264898997847922	33.062912	done	0.041678	0.044301285000983626	32.890880	done	1.762313	1.2015357599957497	82.878464	done	0.050392	0.0531221010023728	33.230848
svcomp2025-cra-monotone-hulls-integralized/nla-digbench-scaling/prod4br-ll_unwindbound50f295a2.i---hull-0_integralized.yml	done	0.06197	0.06374168000184	33.660928	done	0.053389	0.05587314299918944	33.374208	done	2.789239	1.9042405530053657	102.768640	done	0.065886	0.06907088000298245	33.476608
svcomp2025-cra-monotone-hulls-integralized/nla-digbench-scaling/prod4br-ll_unwindbound50f295a2.i---hull-1_integralized.yml	done	0.063931	0.06561797499307431	33.411072	done	0.054114	0.057058069003687706	33.116160	done	2.755244	1.9040557549960795	103.096320	done	0.060676	0.063923761001206	33.607680
svcomp2025-cra-monotone-hulls-integralized/nla-digbench-scaling/prod4br-ll_unwindbound50f295a2.i---hull-2_integralized.yml	done	0.046083	0.048540552001213655	32.870400	done	0.039616	0.04187716799788177	32.718848	done	1.530019	1.0586758549980004	80.056320	done	0.257749	0.26037638200068614	37.974016
svcomp2025-cra-monotone-hulls-integralized/nla-digbench-scaling/prod4br-ll_unwindbound50f295a2.i---hull-3_integralized.yml	done	0.045826	0.04832145301043056	32.972800	done	0.038202	0.0404954949990497	32.727040	done	1.491924	1.012935810998897	80.130048	done	0.252797	0.25636827800190076	37.969920
svcomp2025-cra-monotone-hulls-integralized/nla-digbench-scaling/prod4br-ll_unwindbound50f295a2.i---hull-4_integralized.yml	done	0.053109	0.055577343999175355	33.177600	done	0.042533	0.044887410003866535	32.890880	done	1.945655	1.3091932169991196	87.707648	done	0.223199	0.2262583839983563	37.658624
svcomp2025-cra-monotone-hulls-integralized/nla-digbench-scaling/prod4br-ll_unwindbound50f295a2.i---hull-5_integralized.yml	done	0.05577	0.058024415018735453	33.325056	done	0.042729	0.04545545900327852	32.890880	done	1.839767	1.260689162001654	87.695360	done	0.23515	0.23783294599707006	37.662720
svcomp2025-cra-monotone-hulls-integralized/nla-digbench-scaling/prod4br-ll_unwindbound5f66eb4.i---hull-0_integralized.yml	done	0.063721	0.06670761801069602	33.669120	done	0.056576	0.058663001997047104	33.116160	done	2.785244	1.9176800049972371	101.744640	done	0.070632	0.07314992399915354	33.263616
svcomp2025-cra-monotone-hulls-integralized/nla-digbench-scaling/prod4br-ll_unwindbound5f66eb4.i---hull-1_integralized.yml	done	0.069302	0.07221960101742297	33.447936	done	0.053986	0.056794209995132405	33.107968	done	2.803103	1.9021624809975037	102.694912	done	0.060351	0.06298773200251162	33.251328
svcomp2025-cra-monotone-hulls-integralized/nla-digbench-scaling/prod4br-ll_unwindbound5f66eb4.i---hull-2_integralized.yml	done	0.044441	0.04671168199274689	32.878592	done	0.046715	0.04927694700018037	32.817152	done	1.506872	1.032777578002424	79.753216	done	0.063226	0.06568969000363722	33.411072
svcomp2025-cra-monotone-hulls-integralized/nla-digbench-scaling/prod4br-ll_unwindbound5f66eb4.i---hull-3_integralized.yml	done	0.045395	0.04799511400051415	32.878592	done	0.039573	0.04155853200063575	32.825344	done	1.535187	1.0676714519941015	80.310272	done	0.056787	0.059793161002744455	33.538048
svcomp2025-cra-monotone-hulls-integralized/nla-digbench-scaling/prod4br-ll_unwindbound5f66eb4.i---hull-4_integralized.yml	done	0.051427	0.054063888994278386	33.083392	done	0.045051	0.04697858999861637	32.911360	done	1.923641	1.3221808420057641	83.570688	done	0.067383	0.06961017800495028	33.832960
svcomp2025-cra-monotone-hulls-integralized/nla-digbench-scaling/prod4br-ll_unwindbound5f66eb4.i---hull-5_integralized.yml	done	0.053606	0.05630520998965949	33.189888	done	0.042996	0.04592534599942155	32.968704	done	1.90982	1.3151036849958473	83.431424	done	0.069078	0.07210023400693899	33.800192
svcomp2025-cra-monotone-hulls-integralized/nla-digbench-scaling/prodbin-ll_unwindbound106f6fa1.i---hull-2_integralized.yml	done	0.034721	0.038370152993593365	32.018432	done	0.03135	0.034959689000970684	31.895552	done	1.150092	0.741879594999773	65.146880	done	0.059128	0.061207425002066884	32.993280
svcomp2025-cra-monotone-hulls-integralized/nla-digbench-scaling/prodbin-ll_unwindbound106f6fa1.i---hull-3_integralized.yml	done	0.037817	0.04000402599922381	31.985664	done	0.030807	0.033710149000398815	31.870976	done	1.120103	0.7159782450034982	65.531904	done	0.058696	0.0611398740002187	32.989184
svcomp2025-cra-monotone-hulls-integralized/nla-digbench-scaling/prodbin-ll_unwindbound20f34355.i---hull-2_integralized.yml	done	0.037099	0.03965850398526527	31.875072	done	0.033776	0.03640058299788507	31.997952	done	1.146999	0.7416003679973073	64.950272	done	0.085222	0.08776057600334752	34.250752
svcomp2025-cra-monotone-hulls-integralized/nla-digbench-scaling/prodbin-ll_unwindbound20f34355.i---hull-3_integralized.yml	done	0.033655	0.03630695299943909	31.887360	done	0.032327	0.034462912000890356	32.137216	done	1.160444	0.7467166900023585	65.531904	done	0.089414	0.09267752400046447	34.299904
svcomp2025-cra-monotone-hulls-integralized/nla-digbench-scaling/prodbin-ll_unwindbound2c1505e.i---hull-2_integralized.yml	done	0.036939	0.03960365301463753	31.997952	done	0.037055	0.04002410099928966	32.141312	done	1.14157	0.7398985670006368	65.089536	done	0.035333	0.037350099002651405	32.333824
svcomp2025-cra-monotone-hulls-integralized/nla-digbench-scaling/prodbin-ll_unwindbound2c1505e.i---hull-3_integralized.yml	done	0.039419	0.041465983988018706	31.948800	done	0.030968	0.03345041599823162	31.887360	done	1.162825	0.747267071994429	65.376256	done	0.035702	0.038816466003481764	31.952896
svcomp2025-cra-monotone-hulls-integralized/nla-digbench-scaling/prodbin-ll_unwindbound50f845b8.i---hull-2_integralized.yml	done	0.034495	0.036748220009030774	31.993856	done	0.03915	0.04169081600412028	31.899648	done	1.163219	0.7481248569965828	65.392640	done	0.1851	0.18781914099963615	36.634624
svcomp2025-cra-monotone-hulls-integralized/nla-digbench-scaling/prodbin-ll_unwindbound50f845b8.i---hull-3_integralized.yml	done	0.036672	0.0394026710127946	31.895552	done	0.032725	0.03500694200192811	31.883264	done	1.121858	0.719291836998309	65.605632	done	0.179244	0.1821271059961873	36.995072
svcomp2025-cra-monotone-hulls-integralized/nla-digbench-scaling/prodbin-ll_unwindbound5e87262.i---hull-2_integralized.yml	done	0.033648	0.03619026599335484	32.055296	done	0.031972	0.034682691999478266	32.178176	done	1.14252	0.723375675996067	65.929216	done	0.053006	0.055726794002112	32.440320
svcomp2025-cra-monotone-hulls-integralized/nla-digbench-scaling/prodbin-ll_unwindbound5e87262.i---hull-3_integralized.yml	done	0.036323	0.038681580015691	32.256000	done	0.034082	0.036705252998217475	31.944704	done	1.150227	0.7461918769986369	65.142784	done	0.045736	0.047954966001270805	32.493568
svcomp2025-termination-monotone-hulls-integralized/loops/compactdd45f6.i---hull-0_integralized.yml	done	0.032789	0.034780839981976897	31.354880	done	0.028906	0.031637666004826315	31.244288	done	0.026627	0.02877807800541632	31.371264	TIMEOUT	30.864682	30.876346945995465	428.908544
svcomp2025-termination-monotone-hulls-integralized/loops/compactdd45f6.i---hull-10_integralized.yml	done	0.028213	0.03069593699183315	31.232000	done	0.043923	0.04636765399482101	31.227904	done	0.027797	0.03017679300683085	31.289344	TIMEOUT	30.867087	30.876542836995213	424.681472
svcomp2025-termination-monotone-hulls-integralized/loops/compactdd45f6.i---hull-11_integralized.yml	done	0.030585	0.03376326701254584	31.379456	done	0.029539	0.031980811996618286	31.485952	done	0.031001	0.03360077900288161	31.289344	TIMEOUT	30.870169	30.878680789995997	422.363136
svcomp2025-termination-monotone-hulls-integralized/loops/compactdd45f6.i---hull-12_integralized.yml	done	0.028165	0.030763349001063034	31.477760	done	0.031072	0.03444593999302015	31.453184	done	0.028837	0.030784410002524965	31.391744	TIMEOUT	30.867535	30.879210988001432	421.097472
svcomp2025-termination-monotone-hulls-integralized/loops/compactdd45f6.i---hull-13_integralized.yml	done	0.03247	0.03544486701139249	31.358976	done	0.028448	0.030692692002048716	31.502336	done	0.027345	0.02972823299933225	31.322112	TIMEOUT	30.870014	30.87910402399575	423.452672
svcomp2025-termination-monotone-hulls-integralized/loops/compactdd45f6.i---hull-1_integralized.yml	done	0.027975	0.030248824012232944	31.461376	done	0.032686	0.035614279011497274	31.297536	done	0.031927	0.0348261570034083	31.477760	TIMEOUT	30.864584	30.87593211199419	431.595520
svcomp2025-termination-monotone-hulls-integralized/loops/compactdd45f6.i---hull-8_integralized.yml	done	0.02793	0.030740290007088333	31.227904	done	0.02828	0.030531504002283327	31.485952	done	0.029864	0.03191398599301465	31.559680	TIMEOUT	30.86416	30.874890757004323	417.595392
svcomp2025-termination-monotone-hulls-integralized/loops/compactdd45f6.i---hull-9_integralized.yml	done	0.029517	0.03213515199604444	31.256576	done	0.028833	0.03164175098936539	31.600640	done	0.031112	0.03317927900934592	31.391744	TIMEOUT	30.868009	30.878723641006218	421.150720
svcomp2025-termination-monotone-hulls-integralized/loops/heavy-1b343bd.i---hull-0_integralized.yml	done	0.03178	0.0351050489989575	31.473664	done	0.035855	0.03847370599396527	31.412224	done	0.033167	0.035411403005127795	31.711232	TIMEOUT	30.867809	30.879254169005435	474.005504
svcomp2025-termination-monotone-hulls-integralized/loops/heavy-1b343bd.i---hull-10_integralized.yml	done	0.030566	0.03310733998659998	31.444992	done	0.030341	0.032770050995168276	31.399936	done	0.031437	0.03384838599595241	31.588352	TIMEOUT	30.866486	30.87822133399459	477.765632
svcomp2025-termination-monotone-hulls-integralized/loops/heavy-1b343bd.i---hull-11_integralized.yml	done	0.032948	0.03555645499727689	31.735808	done	0.028986	0.03151163400616497	31.596544	done	0.032951	0.03514508101216052	31.588352	TIMEOUT	30.867114	30.877776911998808	474.804224
svcomp2025-termination-monotone-hulls-integralized/loops/heavy-1b343bd.i---hull-14_integralized.yml	done	0.030689	0.03323320500203408	31.625216	done	0.030418	0.032651390007231385	31.567872	done	0.030934	0.032939857002929784	31.940608	TIMEOUT	30.868779	30.88024006300111	492.244992
svcomp2025-termination-monotone-hulls-integralized/loops/heavy-1b343bd.i---hull-15_integralized.yml	done	0.030523	0.03300533999572508	31.756288	done	0.029054	0.031703485001344234	31.502336	done	0.031145	0.03342596100992523	31.830016	TIMEOUT	30.868599	30.87720439999248	488.513536
svcomp2025-termination-monotone-hulls-integralized/loops/heavy-1b343bd.i---hull-16_integralized.yml	done	0.030258	0.0330735290190205	31.522816	done	0.029194	0.03184457399765961	31.502336	done	0.031345	0.033241658995393664	31.813632	TIMEOUT	30.869048	30.878676823995193	476.094464
svcomp2025-termination-monotone-hulls-integralized/loops/heavy-1b343bd.i---hull-17_integralized.yml	done	0.033132	0.035632311017252505	31.494144	done	0.030071	0.032755182997789234	31.506432	done	0.031334	0.033462669991422445	31.920128	TIMEOUT	30.866842	30.877880118991015	477.290496
svcomp2025-termination-monotone-hulls-integralized/loops/heavy-1b343bd.i---hull-18_integralized.yml	done	0.03293	0.03562802099622786	31.502336	done	0.033803	0.03656667598988861	31.539200	done	0.03005	0.03239732299698517	32.083968	TIMEOUT	30.867539	30.87796561299183	490.303488
svcomp2025-termination-monotone-hulls-integralized/loops/heavy-1b343bd.i---hull-19_integralized.yml	done	0.030839	0.033497836004244164	31.621120	done	0.036448	0.03906677999475505	31.502336	done	0.03336	0.03588926000520587	31.838208	TIMEOUT	30.873858	30.883659034996526	486.961152
svcomp2025-termination-monotone-hulls-integralized/loops/heavy-1b343bd.i---hull-1_integralized.yml	done	0.031492	0.03372010699240491	31.469568	done	0.028666	0.030810105003183708	31.670272	done	0.030106	0.03251941599592101	32.067584	TIMEOUT	30.866198	30.8780012060015	474.214400
svcomp2025-termination-monotone-hulls-integralized/loops/heavy-1b343bd.i---hull-26_integralized.yml	done	0.033994	0.03608222701586783	31.756288	done	0.029805	0.0324163599871099	31.780864	done	0.032389	0.03491473699978087	31.932416	TIMEOUT	30.86455	30.876706258990453	515.420160
svcomp2025-termination-monotone-hulls-integralized/loops/heavy-1b343bd.i---hull-27_integralized.yml	done	0.031717	0.03418987197801471	31.662080	done	0.029953	0.033161371989990585	31.514624	done	0.031841	0.03473104200384114	31.940608	TIMEOUT	30.863744	30.878371587998117	514.052096
svcomp2025-termination-monotone-hulls-integralized/loops/heavy-1b343bd.i---hull-28_integralized.yml	done	0.031375	0.033591756015084684	31.563776	done	0.03046	0.03299040200363379	31.576064	done	0.030833	0.03333697500056587	31.961088	TIMEOUT	30.869348	30.87987479000003	522.141696
svcomp2025-termination-monotone-hulls-integralized/loops/heavy-1b343bd.i---hull-29_integralized.yml	done	0.0305	0.03300699099781923	31.760384	done	0.030032	0.033381600995198824	31.567872	done	0.031143	0.033311823004623875	31.956992	TIMEOUT	30.869289	30.878941660994315	522.117120
svcomp2025-termination-monotone-hulls-integralized/loops/heavy-1b343bd.i---hull-30_integralized.yml	done	0.037765	0.03973180797765963	31.703040	done	0.03136	0.035059300003922544	31.543296	done	0.031338	0.034067269996739924	32.153600	TIMEOUT	30.866675	30.876260213990463	518.369280
svcomp2025-termination-monotone-hulls-integralized/loops/heavy-1b343bd.i---hull-31_integralized.yml	done	0.029846	0.03231641501770355	31.543296	done	0.031484	0.034213235005154274	31.567872	done	0.032806	0.03503473500313703	31.936512	TIMEOUT	30.869612	30.882931492000353	519.995392
svcomp2025-termination-monotone-hulls-integralized/loops/heavy-1b343bd.i---hull-8_integralized.yml	done	0.030378	0.03311606199713424	31.719424	done	0.030963	0.03423410300456453	31.412224	done	0.03116	0.03333650100103114	31.735808	TIMEOUT	30.869098	30.879038005004986	476.610560
svcomp2025-termination-monotone-hulls-integralized/loops/heavy-1b343bd.i---hull-9_integralized.yml	done	0.032385	0.034873554977821186	31.727616	done	0.029286	0.03182864699920174	31.420416	done	0.030909	0.03352193100727163	31.600640	TIMEOUT	30.875097	30.886111273997813	475.111424
svcomp2025-termination-monotone-hulls-integralized/loops/heavy-26f222e.i---hull-0_integralized.yml	done	0.032367	0.03497167400200851	31.907840	done	0.030783	0.03311202199256513	31.412224	done	0.030572	0.03322541399393231	31.592448	TIMEOUT	30.867031	30.876470236005844	473.083904
svcomp2025-termination-monotone-hulls-integralized/loops/heavy-26f222e.i---hull-10_integralized.yml	done	0.030457	0.03349824299220927	31.715328	done	0.030948	0.03390015799959656	31.408128	done	0.030409	0.03304329099773895	31.592448	TIMEOUT	30.867358	30.879113324001082	479.154176
svcomp2025-termination-monotone-hulls-integralized/loops/heavy-26f222e.i---hull-11_integralized.yml	done	0.032821	0.035666190990014	31.571968	done	0.028954	0.03164741600630805	31.408128	done	0.02894	0.031949762007570826	31.584256	TIMEOUT	30.867711	30.8782600100094	478.416896
svcomp2025-termination-monotone-hulls-integralized/loops/heavy-26f222e.i---hull-14_integralized.yml	done	0.031028	0.033487626002170146	31.510528	done	0.029991	0.03248835999693256	31.768576	done	0.038172	0.040258321998408064	31.956992	TIMEOUT	30.867299	30.879440632998012	493.191168
svcomp2025-termination-monotone-hulls-integralized/loops/heavy-26f222e.i---hull-15_integralized.yml	done	0.030856	0.03335771101410501	31.621120	done	0.029069	0.03161048499168828	31.756288	done	0.030468	0.03407585099921562	31.846400	TIMEOUT	30.869758	30.880635167995933	490.016768
svcomp2025-termination-monotone-hulls-integralized/loops/heavy-26f222e.i---hull-16_integralized.yml	done	0.03112	0.03371265600435436	31.809536	done	0.029592	0.03338751298724674	31.760384	done	0.031854	0.03384422400267795	32.088064	TIMEOUT	30.871181	30.881504488002975	474.681344
svcomp2025-termination-monotone-hulls-integralized/loops/heavy-26f222e.i---hull-17_integralized.yml	done	0.031746	0.0345729420077987	31.502336	done	0.030228	0.03311036298691761	31.588352	done	0.033857	0.036263058995245956	31.805440	TIMEOUT	30.866246	30.87905386601051	475.365376
svcomp2025-termination-monotone-hulls-integralized/loops/heavy-26f222e.i---hull-18_integralized.yml	done	0.02983	0.03190809200168587	31.551488	done	0.030337	0.03343054000288248	31.551488	done	0.032085	0.035244226004579104	32.284672	TIMEOUT	30.867048	30.878992358993855	495.628288
svcomp2025-termination-monotone-hulls-integralized/loops/heavy-26f222e.i---hull-19_integralized.yml	done	0.030284	0.03274030101601966	31.494144	done	0.032196	0.034494542007450946	31.559680	done	0.035023	0.0378806149965385	32.051200	TIMEOUT	30.865307	30.87950273299066	489.320448
svcomp2025-termination-monotone-hulls-integralized/loops/heavy-26f222e.i---hull-1_integralized.yml	done	0.031048	0.03312022000318393	31.469568	done	0.028353	0.030964545003371313	31.408128	done	0.032393	0.035196393000660464	31.862784	TIMEOUT	30.869007	30.878791995011852	473.346048
svcomp2025-termination-monotone-hulls-integralized/loops/heavy-26f222e.i---hull-26_integralized.yml	done	0.03009	0.03253393599879928	31.543296	done	0.035389	0.03798620899033267	31.797248	done	0.030866	0.033278545990469866	31.936512	TIMEOUT	30.864901	30.876241895006387	512.503808
svcomp2025-termination-monotone-hulls-integralized/loops/heavy-26f222e.i---hull-27_integralized.yml	done	0.034727	0.03754655699594878	31.543296	done	0.029707	0.03239163900434505	31.514624	done	0.033206	0.03579028199601453	32.038912	TIMEOUT	30.866805	30.879399117999128	512.897024
svcomp2025-termination-monotone-hulls-integralized/loops/heavy-26f222e.i---hull-28_integralized.yml	done	0.036593	0.039198387996293604	31.907840	done	0.031125	0.033316468994598836	31.567872	done	0.0306	0.03326609999930952	32.043008	TIMEOUT	30.867941	30.878871966007864	520.396800
svcomp2025-termination-monotone-hulls-integralized/loops/heavy-26f222e.i---hull-29_integralized.yml	done	0.030943	0.0332461729994975	31.662080	done	0.034126	0.0365931289998116	31.559680	done	0.030602	0.03303780700662173	31.956992	TIMEOUT	30.87094	30.880765961002908	519.610368
svcomp2025-termination-monotone-hulls-integralized/loops/heavy-26f222e.i---hull-30_integralized.yml	done	0.032327	0.03523298699292354	31.559680	done	0.036582	0.03873399599979166	31.563776	done	0.030781	0.03341218299465254	32.243712	TIMEOUT	30.867007	30.875601383988396	512.454656
svcomp2025-termination-monotone-hulls-integralized/loops/heavy-26f222e.i---hull-31_integralized.yml	done	0.02957	0.03208850201917812	31.555584	done	0.033682	0.03638608500477858	31.817728	done	0.030803	0.0331440399895655	32.198656	TIMEOUT	30.865997	30.876044762000674	517.599232
svcomp2025-termination-monotone-hulls-integralized/loops/heavy-26f222e.i---hull-8_integralized.yml	done	0.030191	0.03239947897964157	31.465472	done	0.02989	0.03255393401195761	31.399936	done	0.034194	0.036859658008324914	31.817728	TIMEOUT	30.869466	30.880204301996855	474.415104
svcomp2025-termination-monotone-hulls-integralized/loops/heavy-26f222e.i---hull-9_integralized.yml	done	0.030225	0.032420464005554095	31.461376	done	0.030281	0.033311823004623875	31.412224	done	0.029873	0.031941602006554604	31.592448	TIMEOUT	30.870708	30.88403227899107	472.727552
svcomp2025-termination-monotone-hulls-integralized/loops/n.c24d5e78b.i---hull-28_integralized.yml	done	0.040716	0.04382283199811354	32.903168	done	0.035981	0.0382803729880834	32.972800	done	0.053209	0.05594030900101643	37.249024	done	6.470528	6.474664779991144	85.635072
svcomp2025-termination-monotone-hulls-integralized/loops/n.c24d5e78b.i---hull-29_integralized.yml	done	0.044216	0.04691818801802583	33.169408	done	0.038668	0.04119065300619695	32.710656	done	0.0532	0.05581330499262549	37.138432	done	6.570442	6.57399797400285	85.409792
svcomp2025-termination-monotone-hulls-integralized/loops/n.c24d5e78b.i---hull-30_integralized.yml	done	0.057825	0.060975818982115015	33.296384	done	0.041539	0.04420189700613264	32.923648	done	0.077022	0.07984212299925275	41.586688	done	7.207577	7.211197317010374	84.893696
svcomp2025-termination-monotone-hulls-integralized/loops/n.c24d5e78b.i---hull-31_integralized.yml	done	0.05409	0.056419370986986905	33.292288	done	0.04882	0.0509553690062603	33.103872	done	0.077207	0.07985064899548888	41.410560	done	7.140734	7.146399579010904	84.729856
svcomp2025-termination-monotone-hulls-integralized/loops/n.c24d5e78b.i---hull-32_integralized.yml	done	0.044087	0.046840201976010576	33.185792	done	0.03746	0.039689108001766726	32.735232	done	0.05679	0.0595353250100743	37.695488	done	7.192432	7.197118530995795	84.844544
svcomp2025-termination-monotone-hulls-integralized/loops/n.c24d5e78b.i---hull-33_integralized.yml	done	0.044411	0.04732009500730783	32.927744	done	0.034584	0.037200323000433855	32.960512	done	0.053918	0.05740802599757444	37.687296	done	7.151338	7.156450649999897	84.844544
svcomp2025-termination-monotone-hulls-integralized/loop-acceleration/array_2-1-simplef653a9.i---hull-0_integralized.yml	done	0.032647	0.035148433002177626	31.571968	done	0.031377	0.03459287200530525	31.670272	done	0.034988	0.03791587099840399	32.026624	done	1.54272	1.5462210129917366	64.970752
svcomp2025-termination-monotone-hulls-integralized/loop-acceleration/array_2-1-simplef653a9.i---hull-10_integralized.yml	done	0.032156	0.0344371989776846	31.453184	done	0.030805	0.03313853099825792	31.399936	done	0.031617	0.03463315400585998	31.707136	done	1.020149	1.0236418130079983	65.126400
svcomp2025-termination-monotone-hulls-integralized/loop-acceleration/array_2-1-simplef653a9.i---hull-11_integralized.yml	done	0.029959	0.03236422999179922	31.473664	done	0.030741	0.033330840000417084	31.395840	done	0.031932	0.034626470995135605	31.596544	done	1.024022	1.027719496996724	64.942080
svcomp2025-termination-monotone-hulls-integralized/loop-acceleration/array_2-1-simplef653a9.i---hull-12_integralized.yml	done	0.031381	0.033676749997539446	31.862784	done	0.030219	0.032022045998019166	31.383552	done	0.031836	0.03473764398950152	31.580160	done	1.113098	1.116739739998593	65.097728
svcomp2025-termination-monotone-hulls-integralized/loop-acceleration/array_2-1-simplef653a9.i---hull-13_integralized.yml	done	0.041302	0.04352791502606124	31.440896	done	0.030248	0.03205441799946129	31.399936	done	0.032435	0.03500589699251577	31.694848	done	1.121229	1.1246061389974784	64.974848
svcomp2025-termination-monotone-hulls-integralized/loop-acceleration/array_2-1-simplef653a9.i---hull-1_integralized.yml	done	0.029868	0.03324338799575344	31.461376	done	0.031607	0.03407995498855598	31.404032	done	0.033583	0.035731490002945065	31.612928	done	1.579586	1.5832852510066004	64.442368
svcomp2025-termination-monotone-hulls-integralized/loop-acceleration/array_2-1-simplef653a9.i---hull-20_integralized.yml	done	0.029296	0.03152504999889061	31.420416	done	0.037958	0.040036355989286676	31.391744	done	0.03059	0.033173114992678165	31.576064	done	1.05712	1.0596314349968452	65.548288
svcomp2025-termination-monotone-hulls-integralized/loop-acceleration/array_2-1-simplef653a9.i---hull-21_integralized.yml	done	0.030868	0.03406287098187022	31.428608	done	0.03088	0.03358471899991855	31.391744	done	0.039843	0.042094988995813765	31.625216	done	1.068677	1.0709114829951432	65.302528
svcomp2025-termination-monotone-hulls-integralized/loop-acceleration/array_2-1-simplef653a9.i---hull-23_integralized.yml	done	0.031661	0.03374056500615552	31.453184	done	0.03038	0.0323795760050416	31.596544	done	0.035609	0.03851934599515516	31.608832	done	1.046853	1.050188032008009	64.749568
svcomp2025-termination-monotone-hulls-integralized/loop-acceleration/array_2-1-simplef653a9.i---hull-24_integralized.yml	done	0.033533	0.03594911299296655	31.432704	done	0.033068	0.03637045000505168	31.387648	done	0.031075	0.03376125700015109	31.899648	done	1.053819	1.0569027239980642	64.208896
svcomp2025-termination-monotone-hulls-integralized/loop-acceleration/array_2-1-simplef653a9.i---hull-25_integralized.yml	done	0.030207	0.03293833398493007	31.440896	done	0.035494	0.037990255994373	31.535104	done	0.031592	0.033932147998712026	31.842304	done	1.103574	1.1063773179921554	64.450560
svcomp2025-termination-monotone-hulls-integralized/loop-acceleration/array_2-1-simplef653a9.i---hull-8_integralized.yml	done	0.034333	0.0370890460035298	31.674368	done	0.035958	0.03857073800463695	31.371264	done	0.029436	0.032055488001788035	31.584256	done	1.068871	1.0722726299864007	65.355776
svcomp2025-termination-monotone-hulls-integralized/loop-acceleration/array_2-1-simplef653a9.i---hull-9_integralized.yml	done	0.032519	0.034950053988723084	31.432704	done	0.031348	0.03370120101317298	31.383552	done	0.033315	0.035619265006971546	31.674368	done	1.112031	1.1148779630020726	65.499136
svcomp2025-termination-monotone-hulls-integralized/loop-acceleration/array_2-10783c2.i---hull-8_integralized.yml	done	0.030648	0.03322023298824206	31.510528	done	0.029266	0.03201354999328032	31.322112	done	0.031413	0.03357582799799275	31.694848	done	1.007069	1.010153488998185	63.823872
svcomp2025-termination-monotone-hulls-integralized/loop-acceleration/array_2-2-simple9ed092.i---hull-0_integralized.yml	done	0.032375	0.03464326899847947	31.744000	done	0.032966	0.035941386013291776	31.891456	done	0.033019	0.03554568599793129	31.600640	done	1.504081	1.506753576992196	64.434176
svcomp2025-termination-monotone-hulls-integralized/loop-acceleration/array_2-2-simple9ed092.i---hull-10_integralized.yml	done	0.034585	0.036793081992072985	31.584256	done	0.031335	0.03401681799732614	31.408128	done	0.030321	0.03361975400184747	31.588352	done	1.017622	1.0210094159992877	65.175552
svcomp2025-termination-monotone-hulls-integralized/loop-acceleration/array_2-2-simple9ed092.i---hull-11_integralized.yml	done	0.030223	0.03244137001456693	31.707136	done	0.030729	0.033236527000553906	31.395840	done	0.029713	0.0328187720006099	31.580160	done	1.01467	1.0178846310009249	64.937984
svcomp2025-termination-monotone-hulls-integralized/loop-acceleration/array_2-2-simple9ed092.i---hull-12_integralized.yml	done	0.032836	0.03504613597760908	31.436800	done	0.031766	0.034359208002570085	31.576064	done	0.030945	0.03366744199593086	31.596544	done	1.003161	1.006427996995626	65.105920
svcomp2025-termination-monotone-hulls-integralized/loop-acceleration/array_2-2-simple9ed092.i---hull-13_integralized.yml	done	0.04161	0.0439478810003493	31.879168	done	0.030073	0.03247191201080568	31.436800	done	0.030514	0.03296376699290704	31.588352	done	1.032911	1.0372080380038824	65.011712
svcomp2025-termination-monotone-hulls-integralized/loop-acceleration/array_2-2-simple9ed092.i---hull-1_integralized.yml	done	0.031102	0.03347641401342116	31.457280	done	0.031591	0.03384574499796145	31.399936	done	0.028918	0.03138034600124229	31.903744	done	1.500125	1.5033748380083125	64.688128
svcomp2025-termination-monotone-hulls-integralized/loop-acceleration/array_2-2-simple9ed092.i---hull-20_integralized.yml	done	0.030623	0.032733770000049844	31.657984	done	0.031071	0.03383498199400492	31.375360	done	0.029129	0.03153746499447152	31.567872	done	1.0215	1.0248713019973366	65.343488
svcomp2025-termination-monotone-hulls-integralized/loop-acceleration/array_2-2-simple9ed092.i---hull-21_integralized.yml	done	0.034146	0.03710826300084591	31.518720	done	0.033769	0.036236768995877355	31.395840	done	0.02956	0.03228595299879089	31.576064	done	1.022476	1.0260554810083704	65.245184
svcomp2025-termination-monotone-hulls-integralized/loop-acceleration/array_2-2-simple9ed092.i---hull-22_integralized.yml	done	0.030344	0.03357280898489989	31.444992	done	0.03119	0.03352508699754253	31.502336	done	0.031166	0.03318795700033661	31.707136	done	1.004903	1.008622392997495	64.962560
svcomp2025-termination-monotone-hulls-integralized/loop-acceleration/array_2-2-simple9ed092.i---hull-23_integralized.yml	done	0.029669	0.03274744199006818	31.461376	done	0.03464	0.036884130007820204	31.531008	done	0.029747	0.03263250600139145	31.584256	done	1.013913	1.0170909570006188	64.892928
svcomp2025-termination-monotone-hulls-integralized/loop-acceleration/array_2-2-simple9ed092.i---hull-24_integralized.yml	done	0.031245	0.03400483200675808	31.559680	done	0.034436	0.0370936539984541	31.383552	done	0.028459	0.03088278599898331	31.571968	done	1.061412	1.0646070219954709	64.245760
svcomp2025-termination-monotone-hulls-integralized/loop-acceleration/array_2-2-simple9ed092.i---hull-25_integralized.yml	done	0.034793	0.037339184986194596	31.498240	done	0.030914	0.03345492700464092	31.633408	done	0.031919	0.03430672000104096	31.850496	done	1.014288	1.0176617429970065	64.204800
svcomp2025-termination-monotone-hulls-integralized/loop-acceleration/array_2-2-simple9ed092.i---hull-8_integralized.yml	done	0.031293	0.0345046239963267	31.719424	done	0.034444	0.036595161000150256	31.641600	done	0.035625	0.03823787299916148	31.641600	done	1.047337	1.0502859260013793	65.470464
svcomp2025-termination-monotone-hulls-integralized/loop-acceleration/array_2-2-simple9ed092.i---hull-9_integralized.yml	done	0.030743	0.03308414001367055	31.436800	done	0.031666	0.03461775700270664	31.387648	done	0.033271	0.0355638339970028	31.690752	done	1.053687	1.0569853390043136	65.351680
svcomp2025-termination-monotone-hulls-integralized/loop-acceleration/functions_1-158a9ee.i---hull-0_integralized.yml	done	0.035167	0.0374583859811537	31.797248	done	0.030485	0.03285610300372355	31.756288	done	0.033323	0.03519086599408183	32.272384	TIMEOUT	30.863314	30.877667781998753	548.556800
svcomp2025-termination-monotone-hulls-integralized/loop-acceleration/functions_1-158a9ee.i---hull-1_integralized.yml	done	0.030477	0.032593917014310136	31.555584	done	0.030668	0.03297749799094163	31.485952	done	0.030719	0.03263515200524125	32.116736	TIMEOUT	30.866615	30.8769082660001	543.240192
svcomp2025-termination-monotone-hulls-integralized/loop-acceleration/functions_1-2638ff6.i---hull-0_integralized.yml	done	0.031049	0.03351056599058211	31.645696	done	0.035242	0.038015815007383935	31.858688	done	0.030792	0.03312530698894989	32.006144	TIMEOUT	30.864394	30.877872037992347	547.115008
svcomp2025-termination-monotone-hulls-integralized/loop-acceleration/functions_1-2638ff6.i---hull-1_integralized.yml	done	0.034943	0.037406307994388044	31.801344	done	0.033952	0.03634049498941749	31.490048	done	0.032184	0.03493527098908089	32.043008	TIMEOUT	30.862961	30.878123855000013	546.365440
svcomp2025-termination-monotone-hulls-integralized/loop-acceleration/nested_1-1edf93c.i---hull-14_integralized.yml	done	0.029627	0.03225290498812683	31.383552	done	0.033303	0.03561035900202114	31.678464	done	0.030087	0.03272781500709243	31.707136	TIMEOUT	30.86671	30.87814733099367	459.014144
svcomp2025-termination-monotone-hulls-integralized/loop-acceleration/nested_1-1edf93c.i---hull-15_integralized.yml	done	0.030259	0.032585592998657376	31.371264	done	0.032824	0.03581214099540375	31.293440	done	0.033415	0.036157505004666746	32.071680	TIMEOUT	30.866865	30.879699156997958	459.026432
svcomp2025-termination-monotone-hulls-integralized/loop-acceleration/nested_1-1edf93c.i---hull-16_integralized.yml	done	0.03176	0.03428905998589471	31.862784	done	0.030804	0.033404357003746554	31.350784	done	0.031638	0.03393365000374615	31.522816	TIMEOUT	30.863526	30.878427428993746	451.211264
svcomp2025-termination-monotone-hulls-integralized/loop-acceleration/nested_1-1edf93c.i---hull-17_integralized.yml	done	0.035953	0.0380989849800244	31.432704	done	0.033314	0.035600485003669746	31.358976	done	0.031066	0.03312864700274076	31.518720	TIMEOUT	30.871264	30.885262558003888	451.760128
svcomp2025-termination-monotone-hulls-integralized/loop-acceleration/nested_1-1edf93c.i---hull-18_integralized.yml	done	0.029991	0.03275832600775175	31.379456	done	0.037287	0.03997671400429681	31.703040	done	0.028325	0.030292883995571174	31.465472	TIMEOUT	30.870957	30.88257399100985	453.685248
svcomp2025-termination-monotone-hulls-integralized/loop-acceleration/nested_1-1edf93c.i---hull-19_integralized.yml	done	0.029646	0.03256915300153196	31.625216	done	0.033897	0.03625444399949629	31.383552	done	0.031071	0.0333302660001209	31.715328	TIMEOUT	30.86485	30.877107873006025	456.081408
svcomp2025-termination-monotone-hulls-integralized/loop-acceleration/nested_1-28d526e.i---hull-14_integralized.yml	done	0.033045	0.03534179899725132	31.838208	done	0.031232	0.03375542401045095	31.289344	done	0.032652	0.03516416500497144	31.436800	TIMEOUT	30.865628	30.87647688901052	455.655424
svcomp2025-termination-monotone-hulls-integralized/loop-acceleration/nested_1-28d526e.i---hull-15_integralized.yml	done	0.03043	0.0328678929945454	31.547392	done	0.03267	0.035149378003552556	31.277056	done	0.036085	0.03832355499616824	31.711232	TIMEOUT	30.865971	30.87647918499715	451.837952
svcomp2025-termination-monotone-hulls-integralized/loop-acceleration/nested_1-28d526e.i---hull-16_integralized.yml	done	0.030134	0.03252926099230535	31.383552	done	0.03273	0.03504884400172159	31.473664	done	0.030928	0.03340684300928842	31.518720	TIMEOUT	30.865302	30.878390091995243	452.407296
svcomp2025-termination-monotone-hulls-integralized/loop-acceleration/nested_1-28d526e.i---hull-17_integralized.yml	done	0.030099	0.03181290699285455	31.481856	done	0.032703	0.03505348801263608	31.367168	done	0.033743	0.03638799401232973	31.518720	TIMEOUT	30.863524	30.875443105003797	449.622016
svcomp2025-termination-monotone-hulls-integralized/loop-acceleration/nested_1-28d526e.i---hull-18_integralized.yml	done	0.031326	0.03398770999046974	31.494144	done	0.029974	0.03321150400734041	31.277056	done	0.028723	0.0318863200081978	31.477760	TIMEOUT	30.864974	30.87847460199555	456.466432
svcomp2025-termination-monotone-hulls-integralized/loop-acceleration/nested_1-28d526e.i---hull-19_integralized.yml	done	0.029544	0.03258313800324686	31.371264	done	0.031576	0.033955441002035514	31.395840	done	0.033787	0.036475017011980526	31.698944	TIMEOUT	30.866734	30.879790172999492	461.864960
svcomp2025-termination-monotone-hulls-integralized/loop-acceleration/phases_1-1e918eb.i---hull-0_integralized.yml	done	0.033036	0.03575719799846411	31.547392	done	0.029712	0.031639209992135875	31.297536	done	0.028042	0.0300694509933237	31.428608	TIMEOUT	30.856227	30.866135320000467	209.920000
svcomp2025-termination-monotone-hulls-integralized/loop-acceleration/phases_1-1e918eb.i---hull-1_integralized.yml	done	0.030522	0.03322243702132255	31.309824	done	0.031736	0.03422679299546871	31.375360	done	0.02902	0.03150396699493285	31.432704	TIMEOUT	30.854502	30.866376505000517	212.840448
svcomp2025-termination-monotone-hulls-integralized/loop-acceleration/phases_1-20ead11.i---hull-0_integralized.yml	done	0.0317	0.034279873012565076	31.309824	done	0.029894	0.03236423800990451	31.526912	done	0.031746	0.03445064200786874	31.432704	TIMEOUT	30.855352	30.865336343995295	208.498688
svcomp2025-termination-monotone-hulls-integralized/loop-acceleration/phases_1-20ead11.i---hull-1_integralized.yml	done	0.031292	0.03408495499752462	31.404032	done	0.031468	0.0344316460104892	31.395840	done	0.030729	0.03330871000071056	31.432704	TIMEOUT	30.853837	30.86753593198955	209.969152
svcomp2025-termination-monotone-hulls-integralized/loop-acceleration/simple_1-1da6b2c.i---hull-0_integralized.yml	done	0.030626	0.033659228996839374	31.477760	done	0.030254	0.032254801990347914	31.236096	done	0.029584	0.03170669199607801	31.510528	TIMEOUT	30.866896	30.877706582992687	424.439808
svcomp2025-termination-monotone-hulls-integralized/loop-acceleration/simple_1-1da6b2c.i---hull-1_integralized.yml	done	0.03205	0.03394575501442887	31.207424	done	0.031708	0.03454347299702931	31.313920	done	0.028101	0.030869497000821866	31.268864	TIMEOUT	30.860974	30.87548364500981	420.818944
svcomp2025-termination-monotone-hulls-integralized/loop-acceleration/simple_1-243cf51.i---hull-0_integralized.yml	done	0.033737	0.035841917007928714	31.223808	done	0.030987	0.033809111002483405	31.313920	done	0.030249	0.03332613900420256	31.391744	TIMEOUT	30.865603	30.87690844599274	425.029632
svcomp2025-termination-monotone-hulls-integralized/loop-acceleration/simple_1-243cf51.i---hull-1_integralized.yml	done	0.029475	0.03202673699706793	31.473664	done	0.030783	0.033505020997836255	31.203328	done	0.030603	0.033831930995802395	31.268864	TIMEOUT	30.865096	30.87852308199217	419.426304
svcomp2025-termination-monotone-hulls-integralized/loop-acceleration/simple_2-1031d4e.i---hull-0_integralized.yml	done	0.029401	0.03231517400126904	31.481856	done	0.033367	0.03526681500079576	31.408128	done	0.029982	0.03275633600424044	31.264768	TIMEOUT	30.862753	30.877075868993415	417.120256
svcomp2025-termination-monotone-hulls-integralized/loop-acceleration/simple_2-1031d4e.i---hull-1_integralized.yml	done	0.029105	0.031140159000642598	31.301632	done	0.031793	0.03405727300560102	31.248384	done	0.029134	0.03148248099023476	31.281152	TIMEOUT	30.865023	30.87658662200556	418.164736
svcomp2025-termination-monotone-hulls-integralized/loop-acceleration/simple_2-2d3a313.i---hull-0_integralized.yml	done	0.030253	0.03284106700448319	31.481856	done	0.030959	0.032606580993160605	31.211520	done	0.027709	0.030786874005571008	31.264768	TIMEOUT	30.86245	30.877138076000847	420.188160
svcomp2025-termination-monotone-hulls-integralized/loop-acceleration/simple_2-2d3a313.i---hull-1_integralized.yml	done	0.030455	0.03283525601727888	31.264768	done	0.030255	0.03263403500022832	31.207424	done	0.030749	0.033427048998419195	31.367168	TIMEOUT	30.864306	30.878488043003017	418.840576
svcomp2025-termination-monotone-hulls-integralized/loop-crafted/simple_array_index_value_1-288c1da.i---hull-2_integralized.yml	done	0.030972	0.03344721600296907	31.346688	done	0.031073	0.032801309003843926	31.318016	done	0.028978	0.03274436399806291	31.412224	done	5.341437	5.345990950008854	253.333504
svcomp2025-termination-monotone-hulls-integralized/loop-crafted/simple_array_index_value_1-288c1da.i---hull-3_integralized.yml	done	0.030941	0.03372527600731701	31.342592	done	0.029969	0.03279628200107254	31.313920	done	0.030096	0.03347769199172035	31.416320	done	5.209577	5.213785486994311	253.763584
svcomp2025-termination-monotone-hulls-integralized/loop-crafted/simple_array_index_value_2f4885c.i---hull-0_integralized.yml	done	0.032401	0.03477711000596173	31.252480	done	0.028918	0.03153451900288928	31.490048	done	0.03158	0.034275854006409645	31.576064	done	4.98292	4.988531265000347	188.084224
svcomp2025-termination-monotone-hulls-integralized/loop-crafted/simple_array_index_value_2f4885c.i---hull-10_integralized.yml	done	0.028401	0.03085826401365921	31.354880	done	0.031185	0.03321705800772179	31.240192	done	0.036351	0.03884765200200491	31.326208	done	4.944377	4.949420481003472	187.695104
svcomp2025-termination-monotone-hulls-integralized/loop-crafted/simple_array_index_value_2f4885c.i---hull-11_integralized.yml	done	0.029486	0.031977809994714335	31.485952	done	0.029623	0.032303611005772837	31.252480	done	0.030201	0.03245170199079439	31.592448	done	4.911778	4.916094719010289	187.678720
svcomp2025-termination-monotone-hulls-integralized/loop-crafted/simple_array_index_value_2f4885c.i---hull-12_integralized.yml	done	0.02899	0.03168853299575858	31.248384	done	0.031655	0.03386356100963894	31.236096	done	0.027296	0.029488254003808834	31.428608	done	4.912766	4.916522528001224	187.576320
svcomp2025-termination-monotone-hulls-integralized/loop-crafted/simple_array_index_value_2f4885c.i---hull-13_integralized.yml	done	0.030174	0.03293591699912213	31.260672	done	0.030227	0.032726689998526126	31.240192	done	0.037437	0.03997117000108119	31.318016	done	5.0303	5.034141633004765	188.039168
svcomp2025-termination-monotone-hulls-integralized/loop-crafted/simple_array_index_value_2f4885c.i---hull-1_integralized.yml	done	0.028623	0.031056259002070874	31.236096	done	0.0303	0.032344054998247884	31.236096	done	0.02782	0.030484292001347058	31.309824	done	4.747118	4.7517162510048365	187.412480
svcomp2025-termination-monotone-hulls-integralized/loop-crafted/simple_array_index_value_2f4885c.i---hull-8_integralized.yml	done	0.031013	0.0331853799871169	31.252480	done	0.02935	0.030952372995670885	31.223808	done	0.028763	0.031065618008142337	31.424512	done	4.865396	4.870009214995662	187.613184
svcomp2025-termination-monotone-hulls-integralized/loop-crafted/simple_array_index_value_2f4885c.i---hull-9_integralized.yml	done	0.028499	0.03119045399944298	31.240192	done	0.031287	0.03316576899669599	31.494144	done	0.030152	0.03283089000615291	31.678464	done	4.876418	4.88181038798939	187.576320
svcomp2025-termination-monotone-hulls-integralized/loop-crafted/simple_array_index_value_3ff489c.i---hull-0_integralized.yml	done	0.033586	0.03653417099849321	32.124928	done	0.031574	0.03340105799725279	31.825920	done	0.038509	0.04107872099848464	32.612352	done	29.667677	29.67945878500177	268.484608
svcomp2025-termination-monotone-hulls-integralized/loop-crafted/simple_array_index_value_3ff489c.i---hull-10_integralized.yml	done	0.028959	0.030993016000138596	31.416320	done	0.035122	0.0374704540008679	31.461376	done	0.033054	0.036071078007807955	31.432704	done	23.043451	23.052705794994836	198.688768
svcomp2025-termination-monotone-hulls-integralized/loop-crafted/simple_array_index_value_3ff489c.i---hull-11_integralized.yml	done	0.031007	0.033099791005952284	31.309824	done	0.034809	0.03701769000326749	31.297536	done	0.028328	0.030825951995211653	31.666176	done	23.21732	23.22670262301108	198.811648
svcomp2025-termination-monotone-hulls-integralized/loop-crafted/simple_array_index_value_3ff489c.i---hull-12_integralized.yml	done	0.033013	0.03479932897607796	31.297536	done	0.038003	0.040288627991685644	31.363072	done	0.031175	0.033415787998819724	31.522816	done	23.189831	23.198484147986164	198.258688
svcomp2025-termination-monotone-hulls-integralized/loop-crafted/simple_array_index_value_3ff489c.i---hull-13_integralized.yml	done	0.031228	0.03365282897721045	31.461376	done	0.030078	0.0320566919981502	31.285248	done	0.028229	0.03107009500672575	31.522816	done	22.795844	22.80487569300749	198.144000
svcomp2025-termination-monotone-hulls-integralized/loop-crafted/simple_array_index_value_3ff489c.i---hull-1_integralized.yml	done	0.030955	0.032832453987794	31.641600	done	0.033428	0.03557377199467737	31.744000	done	0.030534	0.032903686005738564	32.243712	TIMEOUT	30.19177	30.202072132000467	268.410880
svcomp2025-termination-monotone-hulls-integralized/loop-crafted/simple_array_index_value_3ff489c.i---hull-8_integralized.yml	done	0.029028	0.03170019600656815	31.305728	done	0.029691	0.03162290000182111	31.305728	done	0.032742	0.03548386300099082	31.404032	done	22.676654	22.685425129995565	195.981312
svcomp2025-termination-monotone-hulls-integralized/loop-crafted/simple_array_index_value_3ff489c.i---hull-9_integralized.yml	done	0.03083	0.032800023996969685	31.592448	done	0.030833	0.033381414992618375	31.375360	done	0.028516	0.03125971200643107	31.404032	done	22.198428	22.209154548996594	195.842048
svcomp2025-termination-monotone-hulls-integralized/loop-crafted/simple_array_index_value_4.i.v+lhb-reducer1b009d.i---hull-0_integralized.yml	done	0.032018	0.03422615901217796	31.637504	done	0.032611	0.03453825101314578	31.703040	done	0.032221	0.03499437100253999	32.563200	TIMEOUT	30.856139	30.867148817007546	215.240704
svcomp2025-termination-monotone-hulls-integralized/loop-crafted/simple_array_index_value_4.i.v+lhb-reducer1b009d.i---hull-14_integralized.yml	done	0.032163	0.03471604798687622	31.772672	done	0.039048	0.0411213850020431	31.678464	done	0.033103	0.03550966299371794	32.600064	TIMEOUT	30.856482	30.868738842997118	293.249024
svcomp2025-termination-monotone-hulls-integralized/loop-crafted/simple_array_index_value_4.i.v+lhb-reducer1b009d.i---hull-15_integralized.yml	done	0.039079	0.0410912939987611	31.698944	done	0.037777	0.04004402400460094	31.932416	done	0.033363	0.036222301991074346	32.772096	TIMEOUT	30.856611	30.86834873499174	292.945920
svcomp2025-termination-monotone-hulls-integralized/loop-crafted/simple_array_index_value_4.i.v+lhb-reducer1b009d.i---hull-16_integralized.yml	done	0.032803	0.034861032996559516	31.645696	done	0.034457	0.03701970099064056	31.805440	done	0.033745	0.036396702998899855	32.555008	done	14.754275	14.760503944009542	163.975168
svcomp2025-termination-monotone-hulls-integralized/loop-crafted/simple_array_index_value_4.i.v+lhb-reducer1b009d.i---hull-17_integralized.yml	done	0.032539	0.03543626100872643	31.756288	done	0.034593	0.03735884100024123	31.805440	done	0.032863	0.03537433600286022	32.636928	done	15.217158	15.224734326009639	163.909632
svcomp2025-termination-monotone-hulls-integralized/loop-crafted/simple_array_index_value_4.i.v+lhb-reducer1b009d.i---hull-1_integralized.yml	done	0.033472	0.03657449898310006	31.637504	done	0.032885	0.03567249799380079	31.629312	done	0.034781	0.03768180499901064	32.694272	TIMEOUT	30.854978	30.867708119010786	219.426816
svcomp2025-termination-monotone-hulls-integralized/loop-crafted/simple_array_index_value_4.i.v+lhb-reducer1b009d.i---hull-20_integralized.yml	done	0.036377	0.03872669200063683	31.391744	done	0.030366	0.03299261600477621	31.326208	done	0.030966	0.03356402499775868	31.289344	TIMEOUT	30.865538	30.876232946000528	417.550336
svcomp2025-termination-monotone-hulls-integralized/loop-crafted/simple_array_index_value_4.i.v+lhb-reducer1b009d.i---hull-21_integralized.yml	done	0.029225	0.031694111006800085	31.494144	done	0.031939	0.034598717000335455	31.539200	done	0.029798	0.03270342599716969	31.395840	TIMEOUT	30.865049	30.876816468997276	418.775040
svcomp2025-termination-monotone-hulls-integralized/loop-crafted/simple_array_index_value_4.i.v+lhb-reducer1b009d.i---hull-22_integralized.yml	done	0.030869	0.03316354000708088	31.490048	done	0.028661	0.03157055100018624	31.338496	done	0.030402	0.032862841995665804	31.473664	TIMEOUT	30.869368	30.881301005007117	421.883904
svcomp2025-termination-monotone-hulls-integralized/loop-crafted/simple_array_index_value_4.i.v+lhb-reducer1b009d.i---hull-23_integralized.yml	done	0.028719	0.03093260497553274	31.485952	done	0.029675	0.031884487994830124	31.236096	done	0.02923	0.032548333998420276	31.547392	TIMEOUT	30.865415	30.876969173987163	425.246720
svcomp2025-termination-monotone-hulls-integralized/loop-crafted/simple_array_index_value_4.i.v+lhb-reducer1b009d.i---hull-24_integralized.yml	done	0.028788	0.031128986011026427	31.236096	done	0.037122	0.039780702005373314	31.223808	done	0.027431	0.030454755993559957	31.547392	TIMEOUT	30.870417	30.878850084001897	416.940032
svcomp2025-termination-monotone-hulls-integralized/loop-crafted/simple_array_index_value_4.i.v+lhb-reducer1b009d.i---hull-25_integralized.yml	done	0.028935	0.03102209299686365	31.367168	done	0.032309	0.034714606998022646	31.227904	done	0.027283	0.029646296010469086	31.285248	TIMEOUT	30.864988	30.877204154996434	417.300480
svcomp2025-termination-monotone-hulls-integralized/loop-crafted/simple_array_index_value_4.i.v+nlh-reducerf2c032.i---hull-10_integralized.yml	done	0.031243	0.03324705400154926	31.645696	done	0.039972	0.04318495899497066	31.944704	done	0.034345	0.03724948500166647	32.788480	TIMEOUT	30.854741	30.86499839699536	205.574144
svcomp2025-termination-monotone-hulls-integralized/loop-crafted/simple_array_index_value_4.i.v+nlh-reducerf2c032.i---hull-11_integralized.yml	done	0.032365	0.03513655799906701	31.649792	done	0.032052	0.03487434699491132	31.670272	done	0.032154	0.03452008799649775	32.530432	TIMEOUT	30.856109	30.865203768000356	202.207232
svcomp2025-termination-monotone-hulls-integralized/loop-crafted/simple_array_index_value_4.i.v+nlh-reducerf2c032.i---hull-12_integralized.yml	done	0.03472	0.03758685398497619	31.629312	done	0.032553	0.03448484900582116	31.641600	done	0.032515	0.03490056699956767	32.755712	TIMEOUT	30.853686	30.86089943400293	118.636544
svcomp2025-termination-monotone-hulls-integralized/loop-crafted/simple_array_index_value_4.i.v+nlh-reducerf2c032.i---hull-13_integralized.yml	done	0.031382	0.03369331097928807	31.625216	done	0.032586	0.034818946005543694	31.617024	done	0.037294	0.040685436004423536	32.665600	TIMEOUT	30.853855	30.861465883004712	118.407168
svcomp2025-termination-monotone-hulls-integralized/loop-crafted/simple_array_index_value_4.i.v+nlh-reducerf2c032.i---hull-20_integralized.yml	done	0.029495	0.03187548302230425	31.256576	done	0.029789	0.03226933199039195	31.473664	done	0.03005	0.032519323998712935	31.293440	TIMEOUT	30.864356	30.876915668995935	420.986880
svcomp2025-termination-monotone-hulls-integralized/loop-crafted/simple_array_index_value_4.i.v+nlh-reducerf2c032.i---hull-21_integralized.yml	done	0.030878	0.03360840800451115	31.338496	done	0.030653	0.03399063000688329	31.236096	done	0.028297	0.03101853201224003	31.387648	TIMEOUT	30.86423	30.876891102991067	419.262464
svcomp2025-termination-monotone-hulls-integralized/loop-crafted/simple_array_index_value_4.i.v+nlh-reducerf2c032.i---hull-22_integralized.yml	done	0.032938	0.035852577013429254	31.256576	done	0.029537	0.032039318990428	31.240192	done	0.028065	0.030554919998394325	31.281152	TIMEOUT	30.863717	30.87688956000784	420.249600
svcomp2025-termination-monotone-hulls-integralized/loop-crafted/simple_array_index_value_4.i.v+nlh-reducerf2c032.i---hull-23_integralized.yml	done	0.029683	0.03198174000135623	31.232000	done	0.033884	0.03688305299147032	31.494144	done	0.030151	0.03280939800606575	31.293440	TIMEOUT	30.859921	30.87429032799264	424.763392
svcomp2025-termination-monotone-hulls-integralized/loop-crafted/simple_array_index_value_4.i.v+nlh-reducerf2c032.i---hull-24_integralized.yml	done	0.03046	0.03312712800106965	31.629312	done	0.032107	0.034428245009621605	31.219712	done	0.032855	0.035879987000953406	32.038912	TIMEOUT	30.862354	30.874355649008066	423.280640
svcomp2025-termination-monotone-hulls-integralized/loop-crafted/simple_array_index_value_4.i.v+nlh-reducerf2c032.i---hull-25_integralized.yml	done	0.036794	0.039355344022624195	31.490048	done	0.029948	0.033613980005611666	31.207424	done	0.029327	0.03152433200739324	31.293440	TIMEOUT	30.866058	30.875486735007144	418.865152
svcomp2025-termination-monotone-hulls-integralized/loop-crafted/simple_array_index_value_4.i.v+nlh-reducerf2c032.i---hull-8_integralized.yml	done	0.032321	0.03530586799024604	31.879168	done	0.032545	0.03424427298887167	31.633408	done	0.033215	0.035978500003693625	32.575488	TIMEOUT	30.859177	30.86694766599976	242.163712
svcomp2025-termination-monotone-hulls-integralized/loop-crafted/simple_array_index_value_4.i.v+nlh-reducerf2c032.i---hull-9_integralized.yml	done	0.035601	0.03925058399909176	31.735808	done	0.03757	0.03975234300014563	31.633408	done	0.038083	0.04042822300107218	32.575488	TIMEOUT	30.857649	30.866813632004778	240.947200
svcomp2025-termination-monotone-hulls-integralized/loop-crafted/simple_array_index_value_4fbec52.i---hull-10_integralized.yml	done	0.032584	0.035366692987736315	31.744000	done	0.033712	0.03645890699408483	32.002048	done	0.029682	0.03258568199817091	31.944704	done	1.627665	1.6301855579949915	45.023232
svcomp2025-termination-monotone-hulls-integralized/loop-crafted/simple_array_index_value_4fbec52.i---hull-11_integralized.yml	done	0.031204	0.03367724199779332	31.543296	done	0.031299	0.033167033005156554	31.535104	done	0.042607	0.045393271997454576	32.051200	done	1.52192	1.5254742380056996	45.019136
svcomp2025-termination-monotone-hulls-integralized/loop-crafted/simple_array_index_value_4fbec52.i---hull-20_integralized.yml	done	0.030138	0.03279168499284424	31.318016	done	0.036756	0.03897715199855156	31.326208	done	0.029125	0.0312654930021381	31.313920	TIMEOUT	30.865999	30.876830994006013	422.449152
svcomp2025-termination-monotone-hulls-integralized/loop-crafted/simple_array_index_value_4fbec52.i---hull-21_integralized.yml	done	0.029728	0.03188309300458059	31.227904	done	0.031248	0.03334340499714017	31.424512	done	0.031649	0.034304724002140574	31.285248	TIMEOUT	30.872526	30.883023504997254	421.302272
svcomp2025-termination-monotone-hulls-integralized/loop-crafted/simple_array_index_value_4fbec52.i---hull-22_integralized.yml	done	0.029401	0.032137479982338846	31.485952	done	0.030571	0.03342692900332622	31.342592	done	0.031891	0.03500509799050633	31.297536	TIMEOUT	30.864704	30.872807103995	421.384192
svcomp2025-termination-monotone-hulls-integralized/loop-crafted/simple_array_index_value_4fbec52.i---hull-23_integralized.yml	done	0.029651	0.032339042983949184	31.223808	done	0.031402	0.03308518599078525	31.219712	done	0.029567	0.03184027400857303	31.379456	TIMEOUT	30.867492	30.876158347004093	422.084608
svcomp2025-termination-monotone-hulls-integralized/loop-crafted/simple_array_index_value_4fbec52.i---hull-24_integralized.yml	done	0.028544	0.03176036401418969	31.240192	done	0.032645	0.03432037300080992	31.223808	done	0.030844	0.03356406399689149	31.297536	TIMEOUT	30.862388	30.87647623900557	419.409920
svcomp2025-termination-monotone-hulls-integralized/loop-crafted/simple_array_index_value_4fbec52.i---hull-25_integralized.yml	done	0.028132	0.03077524498803541	31.227904	done	0.037041	0.03913041799387429	31.334400	done	0.029083	0.03132041399658192	31.506432	TIMEOUT	30.8657	30.87661868201394	419.622912
svcomp2025-termination-monotone-hulls-integralized/loop-crafted/simple_array_index_value_4fbec52.i---hull-8_integralized.yml	done	0.033506	0.03614441701211035	31.801344	done	0.041557	0.04421245300909504	31.539200	done	0.033266	0.035916661989176646	31.956992	TIMEOUT	30.858986	30.868892229991616	227.467264
svcomp2025-termination-monotone-hulls-integralized/loop-crafted/simple_array_index_value_4fbec52.i---hull-9_integralized.yml	done	0.039045	0.04199195699766278	31.821824	done	0.031904	0.034334979005507194	31.539200	done	0.036444	0.03925488199456595	32.337920	TIMEOUT	30.860746	30.871838188002585	227.880960
svcomp2025-termination-monotone-hulls-integralized/loop-crafted/simple_vardep_1ed4014.i---hull-0_integralized.yml	done	0.030921	0.0333020830003079	31.432704	done	0.034391	0.0368863220064668	31.494144	done	0.042612	0.04070327599765733	34.111488	TIMEOUT	30.857323	30.86644416299532	231.383040
svcomp2025-termination-monotone-hulls-integralized/loop-crafted/simple_vardep_1ed4014.i---hull-1_integralized.yml	done	0.031866	0.03408742501051165	31.563776	done	0.04785	0.049762973008910194	31.391744	done	0.04048	0.03843685299216304	34.275328	TIMEOUT	30.855386	30.86524685600307	230.039552
svcomp2025-termination-monotone-hulls-integralized/loop-crafted/simple_vardep_2ca4147.i---hull-0_integralized.yml	done	0.031533	0.03435282301506959	31.494144	done	0.030525	0.03315200100769289	31.473664	done	0.055778	0.05245165299857035	35.221504	TIMEOUT	30.858805	30.86705586599419	261.832704
svcomp2025-termination-monotone-hulls-integralized/loop-crafted/simple_vardep_2ca4147.i---hull-1_integralized.yml	done	0.038258	0.04080170299857855	31.498240	done	0.030708	0.03314722600043751	31.477760	done	0.049095	0.044962396001210436	35.450880	TIMEOUT	30.857511	30.86746636700991	261.410816
svcomp2025-termination-monotone-hulls-integralized/loop-invgen/fragtest_simple8de101.i---hull-10_integralized.yml	done	0.029771	0.03217964601935819	31.801344	done	0.03092	0.03281088700168766	31.375360	done	0.030368	0.03307634899101686	31.588352	TIMEOUT	30.85729	30.865277149001486	241.418240
svcomp2025-termination-monotone-hulls-integralized/loop-invgen/fragtest_simple8de101.i---hull-11_integralized.yml	done	0.030709	0.033265729987761006	31.584256	done	0.030484	0.03283464799460489	31.408128	done	0.038101	0.04034289398987312	31.600640	TIMEOUT	30.856687	30.865532645999338	241.459200
svcomp2025-termination-monotone-hulls-integralized/loop-invgen/fragtest_simple8de101.i---hull-12_integralized.yml	done	0.029769	0.03238231097930111	31.383552	done	0.034492	0.03715896500216331	31.744000	done	0.03523	0.0375798000022769	31.518720	TIMEOUT	30.857489	30.866175641000154	232.304640
svcomp2025-termination-monotone-hulls-integralized/loop-invgen/fragtest_simple8de101.i---hull-13_integralized.yml	done	0.029387	0.03169231198262423	31.518720	done	0.031547	0.033568894999916665	31.420416	done	0.028615	0.03127231200051028	31.526912	TIMEOUT	30.856893	30.86591141099052	233.078784
svcomp2025-termination-monotone-hulls-integralized/loop-invgen/fragtest_simple8de101.i---hull-20_integralized.yml	done	0.031558	0.034708235994912684	31.477760	done	0.032241	0.034894301992608234	31.260672	done	0.029596	0.03169444200466387	31.502336	TIMEOUT	30.864722	30.874735233010142	433.811456
svcomp2025-termination-monotone-hulls-integralized/loop-invgen/fragtest_simple8de101.i---hull-21_integralized.yml	done	0.030099	0.03312109300168231	31.625216	done	0.029696	0.03170711600978393	31.481856	done	0.029583	0.03232459399441723	31.379456	TIMEOUT	30.863466	30.876375232008286	427.790336
svcomp2025-termination-monotone-hulls-integralized/loop-invgen/fragtest_simple8de101.i---hull-22_integralized.yml	done	0.029826	0.032344245992135257	31.600640	done	0.028802	0.03242186400166247	31.555584	done	0.031209	0.0338977109931875	31.551488	TIMEOUT	30.856369	30.865280514000915	221.368320
svcomp2025-termination-monotone-hulls-integralized/loop-invgen/fragtest_simple8de101.i---hull-23_integralized.yml	done	0.029751	0.03203950298484415	31.350784	done	0.030496	0.032280094994348474	31.297536	done	0.032381	0.034437009002431296	31.735808	TIMEOUT	30.856212	30.867457087006187	221.876224
svcomp2025-termination-monotone-hulls-integralized/loop-invgen/fragtest_simple8de101.i---hull-24_integralized.yml	done	0.0332	0.035320821014465764	31.264768	done	0.032083	0.034086779996869154	31.268864	done	0.031175	0.03363015099603217	31.494144	TIMEOUT	30.861431	30.878052372005186	430.362624
svcomp2025-termination-monotone-hulls-integralized/loop-invgen/fragtest_simple8de101.i---hull-25_integralized.yml	done	0.0296	0.032105051999678835	31.490048	done	0.031098	0.032958020994556136	31.367168	done	0.03428	0.03721004399994854	31.391744	TIMEOUT	30.861611	30.87611458300671	435.720192
svcomp2025-termination-monotone-hulls-integralized/loop-invgen/fragtest_simple8de101.i---hull-8_integralized.yml	done	0.031081	0.0337950509856455	31.404032	done	0.030678	0.03371690300991759	31.330304	done	0.03187	0.03413417300907895	31.514624	TIMEOUT	30.855302	30.86678935700911	232.955904
svcomp2025-termination-monotone-hulls-integralized/loop-invgen/fragtest_simple8de101.i---hull-9_integralized.yml	done	0.034402	0.03732955100713298	31.621120	done	0.030018	0.03249940001114737	31.309824	done	0.029017	0.031566304998705164	31.617024	TIMEOUT	30.855524	30.86700491499505	234.479616
svcomp2025-termination-monotone-hulls-integralized/loop-invgen/large_const79a7d1.i---hull-10_integralized.yml	done	0.034244	0.03724333000718616	31.739904	done	0.035809	0.0382416810025461	31.993856	done	0.042171	0.044273351988522336	32.489472	done	7.271563	7.275889168988215	134.713344
svcomp2025-termination-monotone-hulls-integralized/loop-invgen/large_const79a7d1.i---hull-11_integralized.yml	done	0.036518	0.03932996900402941	31.768576	done	0.033533	0.03661138100142125	32.083968	done	0.034774	0.03671425100765191	32.530432	done	7.293154	7.2986918480019085	134.524928
svcomp2025-termination-monotone-hulls-integralized/loop-invgen/string_concat-noarr80945b.i---hull-10_integralized.yml	done	0.029989	0.03257462597684935	31.584256	done	0.032002	0.03400843900453765	31.293440	done	0.039383	0.04225131501152646	31.506432	TIMEOUT	30.8545	30.867426697004703	241.512448
svcomp2025-termination-monotone-hulls-integralized/loop-invgen/string_concat-noarr80945b.i---hull-11_integralized.yml	done	0.03212	0.03454634299851023	31.240192	done	0.03484	0.03741859199362807	31.289344	done	0.030137	0.03259670399711467	31.768576	TIMEOUT	30.857184	30.866821767995134	237.690880
svcomp2025-termination-monotone-hulls-integralized/loop-invgen/string_concat-noarr80945b.i---hull-18_integralized.yml	done	0.031721	0.0344158349907957	31.543296	done	0.031008	0.033597781002754346	31.260672	done	0.028734	0.031083968002349138	31.399936	TIMEOUT	30.862575	30.87435553999967	429.740032
svcomp2025-termination-monotone-hulls-integralized/loop-invgen/string_concat-noarr80945b.i---hull-19_integralized.yml	done	0.037914	0.0407443740114104	31.387648	done	0.031333	0.033429069007979706	31.264768	done	0.030894	0.03379698299977463	31.461376	TIMEOUT	30.863377	30.87501111999154	427.515904
svcomp2025-termination-monotone-hulls-integralized/loop-invgen/string_concat-noarr80945b.i---hull-20_integralized.yml	done	0.030668	0.03385771901230328	31.367168	done	0.030977	0.03330102800100576	31.330304	done	0.030552	0.03285488599794917	31.555584	TIMEOUT	30.856433	30.865797091988497	220.147712
svcomp2025-termination-monotone-hulls-integralized/loop-invgen/string_concat-noarr80945b.i---hull-21_integralized.yml	done	0.031562	0.03427212400129065	31.580160	done	0.029867	0.032463522991747595	31.567872	done	0.030999	0.03338175400858745	31.584256	TIMEOUT	30.855585	30.865576229	219.435008
svcomp2025-termination-monotone-hulls-integralized/loop-invgen/string_concat-noarr80945b.i---hull-22_integralized.yml	done	0.030097	0.03316044999519363	31.277056	done	0.030379	0.03285948099801317	31.301632	done	0.02879	0.03170493998914026	31.490048	TIMEOUT	30.865101	30.875281603002804	430.891008
svcomp2025-termination-monotone-hulls-integralized/loop-invgen/string_concat-noarr80945b.i---hull-23_integralized.yml	done	0.030637	0.03266907899524085	31.277056	done	0.03073	0.03277569399506319	31.371264	done	0.028504	0.031001387993455864	31.412224	TIMEOUT	30.865367	30.87478611699771	429.436928
svcomp2025-termination-monotone-hulls-integralized/loop-invgen/string_concat-noarr80945b.i---hull-6_integralized.yml	done	0.03055	0.03283126201131381	31.338496	done	0.030889	0.03345066399197094	31.297536	done	0.030424	0.03273178800009191	31.510528	TIMEOUT	30.855455	30.86753167101415	240.594944
svcomp2025-termination-monotone-hulls-integralized/loop-invgen/string_concat-noarr80945b.i---hull-7_integralized.yml	done	0.03525	0.037572914006887004	31.342592	done	0.029485	0.031658879001042806	31.293440	done	0.030086	0.032405413992819376	31.690752	TIMEOUT	30.857109	30.86618147601257	234.397696
svcomp2025-termination-monotone-hulls-integralized/loop-invgen/string_concat-noarr80945b.i---hull-8_integralized.yml	done	0.031044	0.03390187901095487	31.408128	done	0.03456	0.03724350599804893	31.481856	done	0.031894	0.0343183460063301	31.571968	TIMEOUT	30.85553	30.866950384996017	233.877504
svcomp2025-termination-monotone-hulls-integralized/loop-invgen/string_concat-noarr80945b.i---hull-9_integralized.yml	done	0.031146	0.03345932997763157	31.551488	done	0.031847	0.03432601700478699	31.469568	done	0.029106	0.03165536199230701	31.563776	TIMEOUT	30.855171	30.867603445993154	234.188800
svcomp2025-termination-monotone-hulls-integralized/loop-lit/css20038785af.i---hull-0_integralized.yml	done	0.036141	0.038394328992580995	31.801344	done	0.033514	0.03500662499573082	31.657984	done	0.031904	0.03475191901088692	32.485376	TIMEOUT	30.85576	30.86728344700532	259.772416
svcomp2025-termination-monotone-hulls-integralized/loop-lit/css20038785af.i---hull-1_integralized.yml	done	0.032366	0.034708936989773065	32.014336	done	0.032593	0.03497225900355261	31.547392	done	0.036901	0.04048588901059702	32.141312	TIMEOUT	30.856908	30.867270770002506	259.158016
svcomp2025-termination-monotone-hulls-integralized/loop-lit/css20038785af.i---hull-2_integralized.yml	done	0.032384	0.03514408098999411	31.674368	done	0.032653	0.035339474998181686	31.625216	done	0.030344	0.03263901099853683	32.030720	TIMEOUT	30.862208	30.87181523499021	314.449920
svcomp2025-termination-monotone-hulls-integralized/loop-lit/css20038785af.i---hull-3_integralized.yml	done	0.035234	0.03806597497896291	31.870976	done	0.032727	0.03556887600279879	31.621120	done	0.031378	0.03411207800672855	32.022528	TIMEOUT	30.858435	30.869365425998694	314.466304
svcomp2025-termination-monotone-hulls-integralized/loop-lit/gcnr200813ce36.i---hull-0_integralized.yml	done	0.034265	0.036669210996478796	31.916032	done	0.0327	0.03476779899210669	31.924224	done	0.033461	0.03596871500485577	32.612352	done	13.317932	13.323765742999967	282.316800
svcomp2025-termination-monotone-hulls-integralized/loop-lit/gcnr200813ce36.i---hull-1_integralized.yml	done	0.031879	0.034324356995057315	31.907840	done	0.032938	0.035458284997730516	31.899648	done	0.033578	0.03578870999626815	32.612352	done	13.305606	13.311581539994222	282.263552
svcomp2025-termination-monotone-hulls-integralized/loop-lit/gcnr200813ce36.i---hull-2_integralized.yml	done	0.040496	0.043038726988015696	32.157696	done	0.035169	0.03721084099379368	32.169984	done	0.146557	0.11101246999169234	41.861120	TIMEOUT	30.855075	30.866162912003347	202.825728
svcomp2025-termination-monotone-hulls-integralized/loop-lit/gcnr200813ce36.i---hull-3_integralized.yml	done	0.042826	0.04533203601022251	32.182272	done	0.03555	0.0377409409993561	32.051200	done	0.148572	0.11536974900809582	42.463232	TIMEOUT	30.863376	30.873983605008107	205.393920
svcomp2025-termination-monotone-hulls-integralized/loop-new/count_by_1_variante55e6b.i---hull-0_integralized.yml	done	0.029113	0.03201204098877497	31.637504	done	0.030569	0.033272061991738155	31.223808	done	0.033448	0.03575936600100249	31.281152	TIMEOUT	30.864024	30.873300947001553	423.833600
svcomp2025-termination-monotone-hulls-integralized/loop-new/count_by_1_variante55e6b.i---hull-1_integralized.yml	done	0.028506	0.03099974899669178	31.215616	done	0.029328	0.03178288199706003	31.227904	done	0.029913	0.03274801299266983	31.510528	TIMEOUT	30.865518	30.875457596004708	425.955328
svcomp2025-termination-monotone-hulls-integralized/loop-new/count_by_1c20557.i---hull-0_integralized.yml	done	0.03041	0.03308742798981257	31.342592	done	0.032201	0.0343774399952963	31.211520	done	0.033348	0.0354779830086045	31.358976	TIMEOUT	30.86324	30.874053904000903	423.665664
svcomp2025-termination-monotone-hulls-integralized/loop-new/count_by_1c20557.i---hull-1_integralized.yml	done	0.030829	0.03356452999287285	31.535104	done	0.029886	0.031953798010363244	31.207424	done	0.028194	0.031075110993697308	31.539200	TIMEOUT	30.865114	30.876535128991236	424.636416
svcomp2025-termination-monotone-hulls-integralized/loop-new/count_by_22bdbc1.i---hull-0_integralized.yml	done	0.029912	0.03245282801799476	31.477760	done	0.037397	0.03941596001095604	31.318016	done	0.031598	0.03437239599588793	31.531008	TIMEOUT	30.864095	30.874405423004646	423.215104
svcomp2025-termination-monotone-hulls-integralized/loop-new/count_by_22bdbc1.i---hull-1_integralized.yml	done	0.029312	0.03216784799587913	31.469568	done	0.032011	0.03516652500547934	31.264768	done	0.027833	0.030854755008476786	31.268864	TIMEOUT	30.863745	30.87391579800169	423.432192
svcomp2025-termination-monotone-hulls-integralized/loop-new/count_by_k3ddcb0.i---hull-0_integralized.yml	TIMEOUT	30.862228	30.873961175006116	538.284032	TIMEOUT	30.856737	30.883243454998592	554.852352	done	0.227041	0.22772059400449507	34.295808	TIMEOUT	30.867094	30.877344516993617	544.051200
svcomp2025-termination-monotone-hulls-integralized/loop-new/count_by_k3ddcb0.i---hull-1_integralized.yml	TIMEOUT	30.864115	30.875197382003535	537.673728	TIMEOUT	30.859713	30.880626236990793	551.800832	done	0.248164	0.24850779799453449	33.886208	TIMEOUT	30.867917	30.877884407993406	540.266496
svcomp2025-termination-monotone-hulls-integralized/loop-new/count_by_nondet12e228.i---hull-0_integralized.yml	done	0.030971	0.03368409399990924	31.498240	done	0.032483	0.03476642600435298	31.289344	done	0.032679	0.035478621008223854	31.653888	TIMEOUT	30.870228	30.88123907400586	460.210176
svcomp2025-termination-monotone-hulls-integralized/loop-new/count_by_nondet12e228.i---hull-1_integralized.yml	done	0.036873	0.03983909499947913	31.395840	done	0.032585	0.034170760001870804	31.289344	done	0.030115	0.03316699199785944	31.662080	TIMEOUT	30.865388	30.87733347300673	462.209024
svcomp2025-termination-monotone-hulls-integralized/loop-new/count_by_nondet12e228.i---hull-2_integralized.yml	done	0.03153	0.03439597098622471	31.494144	done	0.040538	0.04265744700387586	31.313920	done	0.0317	0.034033532996545546	31.707136	TIMEOUT	30.857292	30.86746092600515	275.075072
svcomp2025-termination-monotone-hulls-integralized/loop-new/count_by_nondet12e228.i---hull-3_integralized.yml	done	0.033438	0.03656582799158059	31.641600	done	0.033127	0.03494010999565944	31.531008	done	0.035546	0.03863708701101132	31.600640	TIMEOUT	30.85959	30.867754585997318	271.360000
svcomp2025-termination-monotone-hulls-integralized/loop-industry-pattern/mod3.c.v+lhb-reducer469357.i---hull-20_integralized.yml	done	0.107005	0.10962569402181543	35.921920	done	0.085338	0.08760092098964378	35.123200	TIMEOUT	30.249014	21.20963427600509	556.261376	done	0.0924	0.09464493600535206	35.463168
svcomp2025-termination-monotone-hulls-integralized/loop-industry-pattern/mod3.c.v+lhb-reducer469357.i---hull-21_integralized.yml	done	0.110342	0.11329170799581334	36.413440	done	0.079914	0.08302959399588872	35.119104	TIMEOUT	30.223822	21.192016480999882	551.153664	done	0.091125	0.09362817500368692	35.729408
svcomp2025-termination-monotone-hulls-integralized/loop-industry-pattern/mod3.c.v+lhb-reducer469357.i---hull-22_integralized.yml	done	0.065277	0.06777761899866164	34.824192	done	0.052321	0.05437345799873583	34.332672	done	20.893743	15.394994228001451	390.512640	done	0.060452	0.0632373970001936	34.586624
svcomp2025-termination-monotone-hulls-integralized/loop-industry-pattern/mod3.c.v+lhb-reducer469357.i---hull-23_integralized.yml	done	0.07033	0.07263165200129151	34.816000	done	0.054095	0.056884823003201745	34.332672	done	20.927084	15.44762324799376	390.631424	done	0.065338	0.06812729299417697	34.582528
svcomp2025-termination-monotone-hulls-integralized/loop-industry-pattern/mod3.c.v+lhb-reducer469357.i---hull-24_integralized.yml	done	0.104729	0.10743464998085983	36.417536	done	0.065272	0.06869116600137204	34.947072	TIMEOUT	30.402106	21.127418158008368	629.547008	done	0.076528	0.07915408800181467	35.635200
svcomp2025-termination-monotone-hulls-integralized/loop-industry-pattern/mod3.c.v+lhb-reducer469357.i---hull-25_integralized.yml	done	0.095463	0.09787532102200203	36.184064	done	0.066359	0.0688295119907707	34.955264	TIMEOUT	30.092416	21.244790090000606	629.698560	done	0.079435	0.08224047099065501	35.778560
svcomp2025-termination-monotone-hulls-integralized/loop-industry-pattern/mod3.c.v+lhb-reducer469357.i---hull-26_integralized.yml	done	0.090882	0.09369467102806084	35.000320	done	0.075303	0.07810487999813631	35.024896	done	25.839586	18.854584668006282	480.440320	done	0.078471	0.08122794899099972	34.848768
svcomp2025-termination-monotone-hulls-integralized/loop-industry-pattern/mod3.c.v+lhb-reducer469357.i---hull-27_integralized.yml	done	0.092116	0.09503357199719176	35.651584	done	0.079631	0.08151830499991775	34.570240	done	26.669014	19.626220630001626	481.071104	done	0.079619	0.0818847650079988	34.852864
svcomp2025-termination-monotone-hulls-integralized/loop-industry-pattern/mod3.c.v+lhb-reducer469357.i---hull-28_integralized.yml	done	0.07572	0.07807397199212573	35.426304	done	0.055574	0.05852723399584647	34.582528	done	27.997001	19.434226224999293	501.981184	done	0.06112	0.06403247101115994	34.992128
svcomp2025-termination-monotone-hulls-integralized/loop-industry-pattern/mod3.c.v+lhb-reducer469357.i---hull-29_integralized.yml	done	0.071618	0.07418987702112645	35.307520	done	0.060158	0.062493218007148243	34.611200	done	27.526336	18.982750283001224	502.177792	done	0.073845	0.07615589200577233	35.012608
svcomp2025-termination-monotone-hulls-integralized/loop-industry-pattern/mod3.c.v+sep-reducer7ddc28.i---hull-20_integralized.yml	done	0.059256	0.06257938902126625	34.586624	done	0.058005	0.06074916599027347	34.201600	done	23.695689	15.991710683010751	407.105536	done	0.051328	0.05348268098896369	34.447360
svcomp2025-termination-monotone-hulls-integralized/loop-industry-pattern/mod3.c.v+sep-reducer7ddc28.i---hull-21_integralized.yml	done	0.061744	0.06447892400319688	34.598912	done	0.053109	0.05557536199921742	34.353152	done	23.73101	16.010323224996682	407.195648	done	0.051584	0.0538793989981059	34.369536
svcomp2025-termination-monotone-hulls-integralized/loop-industry-pattern/mod3.c.v+sep-reducer7ddc28.i---hull-22_integralized.yml	done	0.082334	0.08425580098992214	34.807808	done	0.05297	0.055983129001106136	34.152448	done	16.692037	12.338900657996419	347.082752	done	0.05719	0.06036983100057114	34.418688
svcomp2025-termination-monotone-hulls-integralized/loop-industry-pattern/mod3.c.v+sep-reducer7ddc28.i---hull-23_integralized.yml	done	0.066604	0.06881275397608988	34.779136	done	0.053081	0.055423996003810316	34.275328	done	16.510621	12.147152784003993	347.246592	done	0.060423	0.06344958899717312	34.435072
svcomp2025-termination-monotone-hulls-integralized/loop-industry-pattern/mod3.c.v+sep-reducer7ddc28.i---hull-24_integralized.yml	done	0.132479	0.1353810139989946	36.646912	done	0.094667	0.09751786000560969	35.323904	TIMEOUT	31.573828	20.60676591900119	499.941376	done	0.115901	0.11884157800523099	36.392960
svcomp2025-termination-monotone-hulls-integralized/loop-industry-pattern/mod3.c.v+sep-reducer7ddc28.i---hull-25_integralized.yml	done	0.134629	0.13734920500428416	36.388864	done	0.093937	0.09703290200559422	35.274752	TIMEOUT	31.51021	20.651621773009538	490.119168	done	0.124221	0.12769136899441946	36.401152
svcomp2025-termination-monotone-hulls-integralized/loop-industry-pattern/mod3.c.v+sep-reducer7ddc28.i---hull-26_integralized.yml	done	0.049519	0.05220581099274568	34.463744	done	0.044813	0.04716098599601537	33.959936	done	18.377717	13.019960563004133	345.870336	done	0.046492	0.04854225998860784	34.091008
svcomp2025-termination-monotone-hulls-integralized/loop-industry-pattern/mod3.c.v+sep-reducer7ddc28.i---hull-27_integralized.yml	done	0.051364	0.053619480022462085	34.304000	done	0.046958	0.049801733999629505	33.959936	done	18.172609	12.93537268199725	346.021888	done	0.055079	0.05771711500710808	34.078720
svcomp2025-termination-monotone-hulls-integralized/loop-industry-pattern/mod3.c.v+sep-reducer7ddc28.i---hull-28_integralized.yml	done	0.07923	0.08147308399202302	35.512320	done	0.058183	0.0608138039970072	34.725888	done	17.104323	12.352324452993344	365.060096	done	0.065841	0.06866119599726517	34.992128
svcomp2025-termination-monotone-hulls-integralized/loop-industry-pattern/mod3.c.v+sep-reducer7ddc28.i---hull-29_integralized.yml	done	0.075768	0.07855718600330874	35.291136	done	0.062015	0.06428679799137171	34.684928	done	16.617124	11.898405745989294	365.879296	done	0.065831	0.06883413100149482	35.082240
svcomp2025-termination-monotone-hulls-integralized/loop-industry-pattern/nested-382a76c.i---hull-0_integralized.yml	done	0.037268	0.04023205101839267	31.490048	done	0.030509	0.03346677699300926	31.506432	done	0.032064	0.0340917760040611	32.096256	done	18.527504	18.535678351996467	257.290240
svcomp2025-termination-monotone-hulls-integralized/loop-industry-pattern/nested-382a76c.i---hull-10_integralized.yml	done	0.034847	0.037437382008647546	31.567872	done	0.035323	0.03723361800075509	31.698944	done	0.037403	0.039868196996394545	31.883264	TIMEOUT	30.857881	30.8674917830067	242.003968
svcomp2025-termination-monotone-hulls-integralized/loop-industry-pattern/nested-382a76c.i---hull-11_integralized.yml	done	0.034588	0.03721865298575722	31.834112	done	0.03147	0.03345259999332484	31.387648	done	0.033727	0.03633596398867667	31.830016	TIMEOUT	30.85841	30.8698362409923	242.409472
svcomp2025-termination-monotone-hulls-integralized/loop-industry-pattern/nested-382a76c.i---hull-1_integralized.yml	done	0.032064	0.034866253001382574	31.604736	done	0.032236	0.034617534998687916	31.719424	done	0.032396	0.035580281997681595	31.813632	done	18.165655	18.173316450993298	257.310720
svcomp2025-termination-monotone-hulls-integralized/loop-industry-pattern/nested-382a76c.i---hull-22_integralized.yml	done	0.039221	0.04143512001610361	32.337920	done	0.038572	0.04108738999639172	31.899648	done	0.035861	0.03861831300309859	33.103872	TIMEOUT	30.860019	30.86836259899428	295.747584
svcomp2025-termination-monotone-hulls-integralized/loop-industry-pattern/nested-382a76c.i---hull-23_integralized.yml	done	0.038843	0.04179613900487311	32.174080	done	0.032306	0.03498762300296221	31.965184	done	0.035992	0.03780641499906778	33.087488	TIMEOUT	30.858592	30.867704101998243	296.755200
svcomp2025-termination-monotone-hulls-integralized/loop-industry-pattern/nested-382a76c.i---hull-26_integralized.yml	done	0.040457	0.04261767599382438	31.907840	done	0.035989	0.03785877500195056	31.932416	done	0.042353	0.045317172989598475	33.288192	TIMEOUT	30.862164	30.87102142299409	295.452672
svcomp2025-termination-monotone-hulls-integralized/loop-industry-pattern/nested-382a76c.i---hull-27_integralized.yml	done	0.034382	0.03695943800266832	31.916032	done	0.033696	0.036156327012577094	32.157696	done	0.037501	0.040164524005376734	33.095680	TIMEOUT	30.85818	30.86774123700161	297.250816
svcomp2025-termination-monotone-hulls-integralized/loop-industry-pattern/nested-382a76c.i---hull-8_integralized.yml	done	0.035254	0.03729178200592287	31.490048	done	0.032965	0.03529268999409396	31.641600	done	0.036076	0.03835854800126981	32.129024	done	2.919359	2.92312471200421	75.816960
svcomp2025-termination-monotone-hulls-integralized/loop-industry-pattern/nested-382a76c.i---hull-9_integralized.yml	done	0.033529	0.03576333899400197	31.481856	done	0.032912	0.03524292400106788	31.436800	done	0.031877	0.03401329800544772	31.817728	done	2.935559	2.9391350590012735	75.919360
svcomp2025-termination-monotone-hulls-integralized/loop-industry-pattern/ofuf_124a27b.i---hull-24_integralized.yml	done	0.164524	0.16724015699583106	47.853568	done	0.122401	0.12454196100588888	44.666880	done	3.62347	3.6275241949915653	299.716608	done	0.148094	0.15082961600273848	46.116864
svcomp2025-termination-monotone-hulls-integralized/loop-industry-pattern/ofuf_124a27b.i---hull-25_integralized.yml	done	0.177821	0.18113052297849208	47.628288	done	0.122187	0.12491619700449519	44.867584	done	3.789573	3.8076454040128738	299.560960	done	0.14234	0.1456322000012733	46.305280
svcomp2025-termination-monotone-hulls-integralized/loop-industry-pattern/ofuf_124a27b.i---hull-26_integralized.yml	done	0.58961	0.5931246740219649	53.596160	done	0.32181	0.3252841979992809	53.743616	done	17.344906	17.357571832006215	430.129152	TIMEOUT	30.86442	30.874633095008903	232.218624
svcomp2025-termination-monotone-hulls-integralized/loop-industry-pattern/ofuf_124a27b.i---hull-27_integralized.yml	done	0.627321	0.6334401619969867	53.616640	done	0.299313	0.30186599800072145	53.923840	done	17.387692	17.39508357999148	430.063616	TIMEOUT	30.85765	30.867820824001683	230.887424
svcomp2025-termination-monotone-hulls-integralized/loop-industry-pattern/ofuf_124a27b.i---hull-28_integralized.yml	done	0.439416	0.4427921629976481	52.092928	done	0.234665	0.23740222500055097	51.048448	done	17.308092	17.320780016001663	645.033984	done	23.420511	23.433617893999326	192.495616
svcomp2025-termination-monotone-hulls-integralized/loop-industry-pattern/ofuf_124a27b.i---hull-29_integralized.yml	done	0.433791	0.4369361670105718	52.043776	done	0.236408	0.23827000899473205	51.126272	done	16.809268	16.8146426960011	645.054464	done	23.605361	23.614023930000258	192.544768
svcomp2025-termination-monotone-hulls-integralized/loop-industry-pattern/ofuf_124a27b.i---hull-62_integralized.yml	done	0.478675	0.4818165969918482	51.859456	done	0.270396	0.27324570799828507	51.359744	done	20.854904	20.870106200993177	364.318720	TIMEOUT	30.860482	30.869724578995374	217.378816
svcomp2025-termination-monotone-hulls-integralized/loop-industry-pattern/ofuf_124a27b.i---hull-63_integralized.yml	done	0.486701	0.49015034397598356	52.162560	done	0.254596	0.2565489870030433	51.318784	done	20.558457	20.567914737999672	364.335104	TIMEOUT	30.857457	30.865796265003155	215.457792
svcomp2025-termination-monotone-hulls-integralized/loop-industry-pattern/ofuf_124a27b.i---hull-64_integralized.yml	done	0.19061	0.19399457800318487	48.570368	done	0.124928	0.12721308499749284	45.760512	done	4.319697	4.3228252550034085	327.049216	done	0.154853	0.15788429699023254	47.112192
svcomp2025-termination-monotone-hulls-integralized/loop-industry-pattern/ofuf_2e26a7f.i---hull-24_integralized.yml	done	0.176953	0.17986150700016879	46.669824	done	0.122099	0.12507489199924748	44.457984	done	3.818854	3.822730574000161	303.702016	done	0.129692	0.133460211000056	45.965312
svcomp2025-termination-monotone-hulls-integralized/loop-industry-pattern/ofuf_2e26a7f.i---hull-25_integralized.yml	done	0.160219	0.1634793620032724	46.874624	done	0.121338	0.12475743400864303	44.601344	done	3.796607	3.801556549005909	303.906816	done	0.128721	0.1318203410046408	46.100480
svcomp2025-termination-monotone-hulls-integralized/loop-industry-pattern/ofuf_2e26a7f.i---hull-26_integralized.yml	done	0.724558	0.7272940370021388	53.350400	done	0.348014	0.3505889060033951	53.936128	done	17.161755	17.168725312003517	364.023808	TIMEOUT	30.858147	30.86803796798631	236.085248
svcomp2025-termination-monotone-hulls-integralized/loop-industry-pattern/ofuf_2e26a7f.i---hull-27_integralized.yml	done	0.738445	0.7415356799901929	53.334016	done	0.343436	0.34742692999134306	53.985280	done	16.587916	16.597277328008204	363.954176	TIMEOUT	30.857463	30.865295656985836	228.220928
svcomp2025-termination-monotone-hulls-integralized/loop-industry-pattern/ofuf_2e26a7f.i---hull-28_integralized.yml	done	0.537746	0.5411320609855466	53.338112	done	0.293347	0.2959330960002262	53.145600	done	16.790091	16.808859743003268	540.086272	TIMEOUT	30.857928	30.86708341499616	241.147904
svcomp2025-termination-monotone-hulls-integralized/loop-industry-pattern/ofuf_2e26a7f.i---hull-29_integralized.yml	done	0.553798	0.556774829979986	52.903936	done	0.285947	0.2884921730001224	53.178368	done	16.627071	16.64326214599714	540.053504	TIMEOUT	30.857577	30.867151295999065	239.869952
svcomp2025-termination-monotone-hulls-integralized/loop-industry-pattern/ofuf_2e26a7f.i---hull-62_integralized.yml	done	0.619388	0.6220348229981028	52.637696	done	0.314539	0.31749421000131406	52.424704	done	17.60549	17.62780284100154	584.728576	TIMEOUT	30.856653	30.865149928009487	222.863360
svcomp2025-termination-monotone-hulls-integralized/loop-industry-pattern/ofuf_2e26a7f.i---hull-63_integralized.yml	done	0.575097	0.578134057985153	52.576256	done	0.321297	0.32452094700420275	52.473856	done	17.072599	17.078478374998667	584.728576	TIMEOUT	30.856854	30.86583618298755	222.457856
svcomp2025-termination-monotone-hulls-integralized/loop-industry-pattern/ofuf_2e26a7f.i---hull-64_integralized.yml	done	0.180239	0.18380238598911092	48.750592	done	0.137847	0.14046137599507347	45.993984	done	4.56463	4.567907347998698	537.681920	done	0.161775	0.16467692400328815	47.947776
svcomp2025-termination-monotone-hulls-integralized/loop-industry-pattern/ofuf_2e26a7f.i---hull-65_integralized.yml	done	0.187618	0.19010845900629647	49.016832	done	0.129079	0.13121182699978817	45.998080	done	4.907902	4.911978236006689	537.653248	done	0.156019	0.15877896000165492	47.677440
svcomp2025-termination-monotone-hulls-integralized/loop-industry-pattern/ofuf_3e395ee.i---hull-24_integralized.yml	done	0.157866	0.16086279400042258	46.661632	done	0.123613	0.12714931899972726	44.646400	done	3.675102	3.67957490599656	303.702016	done	0.138782	0.14202804099477362	45.973504
svcomp2025-termination-monotone-hulls-integralized/loop-industry-pattern/ofuf_3e395ee.i---hull-25_integralized.yml	done	0.166828	0.1697875149839092	46.768128	done	0.114794	0.11917967999761458	44.425216	done	3.947836	3.9511105779965874	303.693824	done	0.134668	0.1374544090067502	45.998080
svcomp2025-termination-monotone-hulls-integralized/loop-industry-pattern/ofuf_3e395ee.i---hull-26_integralized.yml	done	0.675317	0.6781871029816102	53.108736	done	0.346141	0.3482485429994995	53.948416	done	17.074764	17.08058254000207	363.872256	TIMEOUT	30.855584	30.869476403997396	244.994048
svcomp2025-termination-monotone-hulls-integralized/loop-industry-pattern/ofuf_3e395ee.i---hull-27_integralized.yml	done	0.728004	0.7313120710023213	53.440512	done	0.350091	0.3521866660012165	54.218752	done	17.045845	17.051811354991514	363.876352	TIMEOUT	30.858897	30.872682891000295	239.554560
svcomp2025-termination-monotone-hulls-integralized/loop-industry-pattern/ofuf_3e395ee.i---hull-28_integralized.yml	done	0.574555	0.5782707059988752	52.740096	done	0.293927	0.296621055007563	53.379072	done	16.302352	16.309841538008186	540.151808	TIMEOUT	30.858379	30.872395965998294	226.979840
svcomp2025-termination-monotone-hulls-integralized/loop-industry-pattern/ofuf_3e395ee.i---hull-29_integralized.yml	done	0.568568	0.5711167409899645	53.075968	done	0.321693	0.32462440298695583	53.248000	done	16.335901	16.342167445996893	540.172288	TIMEOUT	30.856085	30.869933770998614	237.658112
svcomp2025-termination-monotone-hulls-integralized/loop-industry-pattern/ofuf_3e395ee.i---hull-62_integralized.yml	done	0.569571	0.5720819839916658	52.781056	done	0.300768	0.3038962520076893	52.424704	done	17.265291	17.27293480699882	584.880128	TIMEOUT	30.856952	30.87128943800053	203.067392
svcomp2025-termination-monotone-hulls-integralized/loop-industry-pattern/ofuf_3e395ee.i---hull-63_integralized.yml	done	0.613673	0.6173522809986025	53.030912	done	0.307634	0.31203165599436034	52.568064	done	16.438148	16.443854038996506	584.769536	TIMEOUT	30.855436	30.86864460700599	212.525056
svcomp2025-termination-monotone-hulls-integralized/loop-industry-pattern/ofuf_3e395ee.i---hull-64_integralized.yml	done	0.191706	0.19479257400962524	48.750592	done	0.128796	0.1315240889962297	46.235648	done	4.791426	4.794883538008435	537.608192	done	0.265414	0.26948528199864086	47.812608
svcomp2025-termination-monotone-hulls-integralized/loop-industry-pattern/ofuf_3e395ee.i---hull-65_integralized.yml	done	0.18986	0.19268128799740225	48.828416	done	0.132602	0.13494228999479674	45.993984	done	4.524267	4.527606407995336	537.600000	done	0.268468	0.27219183499983046	48.033792
svcomp2025-termination-monotone-hulls-integralized/loop-industry-pattern/ofuf_4e80f52.i---hull-24_integralized.yml	done	0.163695	0.16687225000350736	46.665728	done	0.118326	0.1209807810082566	44.519424	done	3.695653	3.699739978008438	303.742976	done	0.236021	0.24026665098790545	45.993984
svcomp2025-termination-monotone-hulls-integralized/loop-industry-pattern/ofuf_4e80f52.i---hull-25_integralized.yml	done	0.165675	0.1682067190122325	46.850048	done	0.115428	0.1197729200066533	44.453888	done	3.58582	3.5893337990128202	303.710208	done	0.242984	0.24748026199813467	46.170112
svcomp2025-termination-monotone-hulls-integralized/loop-industry-pattern/ofuf_4e80f52.i---hull-26_integralized.yml	done	0.703665	0.7078008700045757	53.252096	done	0.354426	0.358128787993337	54.521856	done	16.363881	16.370598089008126	363.847680	TIMEOUT	30.863317	30.880256559001282	245.563392
svcomp2025-termination-monotone-hulls-integralized/loop-industry-pattern/ofuf_4e80f52.i---hull-27_integralized.yml	done	0.675372	0.6775837689929176	53.329920	done	0.346364	0.3497562850097893	53.997568	done	16.136313	16.14247983599489	363.880448	TIMEOUT	30.856465	30.872572650987422	242.819072
svcomp2025-termination-monotone-hulls-integralized/loop-industry-pattern/ofuf_4e80f52.i---hull-28_integralized.yml	done	0.581646	0.5848743459791876	52.977664	done	0.29476	0.29959537301328965	53.149696	done	16.265584	16.27261060399178	540.315648	TIMEOUT	30.856947	30.87281673999678	249.098240
svcomp2025-termination-monotone-hulls-integralized/loop-industry-pattern/ofuf_4e80f52.i---hull-29_integralized.yml	done	0.570586	0.5738363580021542	52.707328	done	0.308837	0.3124383420072263	53.129216	done	16.138279	16.146761979005532	540.332032	TIMEOUT	30.861936	30.878440821004915	238.292992
svcomp2025-termination-monotone-hulls-integralized/loop-industry-pattern/ofuf_4e80f52.i---hull-62_integralized.yml	done	0.620282	0.6237908259790856	52.576256	done	0.294336	0.2987370839982759	52.563968	done	16.70456	16.71430096500262	585.019392	TIMEOUT	30.862103	30.877119413999026	208.678912
svcomp2025-termination-monotone-hulls-integralized/loop-industry-pattern/ofuf_4e80f52.i---hull-63_integralized.yml	done	0.598774	0.6019776239991188	52.875264	done	0.292077	0.2969959390029544	52.527104	done	16.958231	16.965904317999957	584.769536	TIMEOUT	30.862212	30.87649774599413	222.605312
svcomp2025-termination-monotone-hulls-integralized/loop-industry-pattern/ofuf_4e80f52.i---hull-64_integralized.yml	done	0.181136	0.18402042999514379	48.750592	done	0.123569	0.12823961100366432	45.957120	done	4.579886	4.584288540005218	537.726976	done	0.260653	0.26956863899249583	47.714304
svcomp2025-termination-monotone-hulls-integralized/loop-industry-pattern/ofuf_4e80f52.i---hull-65_integralized.yml	done	0.190783	0.19380531000206247	48.754688	done	0.123614	0.12767010599782225	45.998080	done	4.550751	4.5550549250037875	537.649152	done	0.270722	0.27480231400113553	47.681536
svcomp2025-termination-monotone-hulls-integralized/loop-industry-pattern/ofuf_58abe66.i---hull-24_integralized.yml	done	0.164207	0.16692811998655088	46.600192	done	0.122729	0.12637074799567927	44.494848	done	3.658465	3.662867852995987	303.697920	done	0.230618	0.23465935699641705	45.998080
svcomp2025-termination-monotone-hulls-integralized/loop-industry-pattern/ofuf_58abe66.i---hull-25_integralized.yml	done	0.161327	0.16389005299424753	46.665728	done	0.123553	0.12618647600174882	44.425216	done	3.804066	3.808435054990696	303.927296	done	0.233216	0.23727129999315366	45.985792
svcomp2025-termination-monotone-hulls-integralized/loop-industry-pattern/ofuf_58abe66.i---hull-26_integralized.yml	done	0.72172	0.7245275039749686	53.166080	done	0.342396	0.3459658030042192	54.165504	done	15.996426	16.00552047599922	363.905024	TIMEOUT	30.860736	30.878433208010392	257.105920
svcomp2025-termination-monotone-hulls-integralized/loop-industry-pattern/ofuf_58abe66.i---hull-27_integralized.yml	done	0.681557	0.6844664939853828	53.415936	done	0.340176	0.34300012300082017	53.985280	done	16.120148	16.127814111998305	364.134400	TIMEOUT	30.854886	30.87416927301092	253.730816
svcomp2025-termination-monotone-hulls-integralized/loop-industry-pattern/ofuf_58abe66.i---hull-28_integralized.yml	done	0.530565	0.5326704460021574	52.776960	done	0.2902	0.29326996199961286	53.186560	done	16.021082	16.03057752099994	540.090368	TIMEOUT	30.857111	30.872119541993015	237.002752
svcomp2025-termination-monotone-hulls-integralized/loop-industry-pattern/ofuf_58abe66.i---hull-29_integralized.yml	done	0.579072	0.5822879949992057	52.715520	done	0.284779	0.2869444240059238	53.182464	done	15.979577	15.988362315008999	540.065792	TIMEOUT	30.861203	30.87740872798895	239.153152
svcomp2025-termination-monotone-hulls-integralized/loop-industry-pattern/ofuf_58abe66.i---hull-62_integralized.yml	done	0.578139	0.5814647899824195	52.641792	done	0.295074	0.29808080299699213	52.514816	done	17.629448	17.637696324993158	584.769536	TIMEOUT	30.861829	30.876388452001265	211.677184
svcomp2025-termination-monotone-hulls-integralized/loop-industry-pattern/ofuf_58abe66.i---hull-63_integralized.yml	done	0.604367	0.6072958429867867	52.789248	done	0.315678	0.31810328099527396	52.592640	done	16.686303	16.69489588799479	585.048064	TIMEOUT	30.860913	30.876419823995093	214.482944
svcomp2025-termination-monotone-hulls-integralized/loop-industry-pattern/ofuf_58abe66.i---hull-64_integralized.yml	done	0.178756	0.18185703200288117	48.893952	done	0.140013	0.1432289420044981	46.460928	done	4.757264	4.761986441008048	537.870336	done	0.270931	0.27497128600953147	47.816704
svcomp2025-termination-monotone-hulls-integralized/loop-industry-pattern/ofuf_58abe66.i---hull-65_integralized.yml	done	0.185707	0.18846411298727617	48.906240	done	0.129739	0.13190439199388493	45.961216	done	4.809731	4.815134395001223	537.817088	done	0.273697	0.2773819339927286	47.763456
svcomp2025-termination-monotone-hulls-integralized/loops-crafted-1/Mono1_1-15bfb63.i---hull-0_integralized.yml	done	0.030616	0.0329027259722352	31.293440	done	0.036582	0.0386468599899672	31.502336	done	0.035513	0.037976392995915376	31.690752	TIMEOUT	30.857499	30.87055139998847	191.770624
svcomp2025-termination-monotone-hulls-integralized/loops-crafted-1/Mono1_1-15bfb63.i---hull-1_integralized.yml	done	0.029994	0.03273073700256646	31.301632	done	0.029167	0.031349576005595736	31.395840	done	0.032578	0.03512012200371828	31.420416	TIMEOUT	30.855939	30.871179937996203	192.462848
svcomp2025-termination-monotone-hulls-integralized/loops-crafted-1/Mono1_1-2efb446.i---hull-0_integralized.yml	done	0.031358	0.03358925899374299	31.289344	done	0.029603	0.03228471700276714	31.268864	done	0.028818	0.031143036991124973	31.432704	TIMEOUT	30.856543	30.87131477499497	191.713280
svcomp2025-termination-monotone-hulls-integralized/loops-crafted-1/Mono1_1-2efb446.i---hull-1_integralized.yml	done	0.034263	0.03710931501700543	31.461376	done	0.031677	0.03425142700143624	31.535104	done	0.03104	0.03323827600979712	31.789056	TIMEOUT	30.856181	30.871231957993587	191.266816
svcomp2025-termination-monotone-hulls-integralized/loops-crafted-1/Mono3_17a5877.i---hull-0_integralized.yml	done	0.031944	0.03401750500779599	31.604736	done	0.040105	0.04220079899823759	31.428608	done	0.029363	0.0324402100086445	31.612928	TIMEOUT	30.861454	30.875336465993314	195.424256
svcomp2025-termination-monotone-hulls-integralized/loops-crafted-1/Mono3_17a5877.i---hull-1_integralized.yml	done	0.031663	0.0346333610068541	31.334400	done	0.030692	0.03218868900148664	31.326208	done	0.031082	0.033873884996864945	31.584256	TIMEOUT	30.856777	30.871817316001398	195.997696
svcomp2025-termination-monotone-hulls-integralized/loops-crafted-1/Mono4_1748c2c.i---hull-0_integralized.yml	done	0.034336	0.03674175500054844	31.342592	done	0.034418	0.036266078997869045	31.354880	done	0.032987	0.03606284900160972	31.571968	TIMEOUT	30.877359	30.89223735399719	408.940544
svcomp2025-termination-monotone-hulls-integralized/loops-crafted-1/Mono4_1748c2c.i---hull-1_integralized.yml	done	0.032427	0.035400938999373466	31.727616	done	0.041186	0.0435878110001795	31.657984	done	0.030265	0.03278374799992889	31.887360	TIMEOUT	30.87161	30.884800001003896	415.232000
svcomp2025-termination-monotone-hulls-integralized/loops-crafted-1/Mono5_1740664.i---hull-0_integralized.yml	done	0.030842	0.03356015699682757	31.551488	done	0.033301	0.03521526099939365	31.371264	done	0.042413	0.04488956500426866	31.555584	TIMEOUT	30.865367	30.879683500999818	210.743296
svcomp2025-termination-monotone-hulls-integralized/loops-crafted-1/Mono5_1740664.i---hull-1_integralized.yml	done	0.03205	0.03436638100538403	31.711232	done	0.03242	0.035068415993009694	31.383552	done	0.03696	0.039510144997620955	31.924224	TIMEOUT	30.857325	30.87130217300728	210.718720
svcomp2025-termination-monotone-hulls-integralized/loops-crafted-1/Mono6_195b3dd.i---hull-0_integralized.yml	done	0.033176	0.03563291599857621	31.563776	done	0.034453	0.03632899800140876	31.506432	done	0.033843	0.036906942987116054	31.748096	TIMEOUT	30.85702	30.872173088995623	224.677888
svcomp2025-termination-monotone-hulls-integralized/loops-crafted-1/Mono6_195b3dd.i---hull-1_integralized.yml	done	0.034465	0.03710716898785904	31.453184	done	0.030316	0.03215703599562403	31.383552	done	0.030809	0.032510686010937206	31.727616	TIMEOUT	30.857158	30.872228783002356	224.452608
svcomp2025-termination-monotone-hulls-integralized/loops-crafted-1/discover_list5ca10c.i---hull-0_integralized.yml	done	0.166391	0.16903075500158593	36.962304	done	0.097399	0.09927710700139869	35.803136	done	0.50782	0.5104473020037403	172.724224	done	1.098952	1.1034325740038184	42.782720
svcomp2025-termination-monotone-hulls-integralized/loops-crafted-1/discover_list5ca10c.i---hull-12_integralized.yml	done	0.137701	0.14090021699666977	37.666816	done	0.086414	0.08942682499764487	35.786752	done	0.372929	0.37632931901316624	123.043840	done	4.450765	4.457815728004789	63.070208
svcomp2025-termination-monotone-hulls-integralized/loops-crafted-1/discover_list5ca10c.i---hull-13_integralized.yml	done	0.131389	0.13426579799852334	37.199872	done	0.085489	0.08836499000608455	35.782656	done	0.396484	0.39966351000475697	122.945536	done	4.322853	4.328427182001178	63.066112
svcomp2025-termination-monotone-hulls-integralized/loops-crafted-1/discover_list5ca10c.i---hull-14_integralized.yml	done	0.177627	0.18007314298301935	38.207488	done	0.10362	0.10630565900646616	36.298752	done	0.59251	0.5956345759914257	179.941376	done	1.981534	1.9861582739977166	47.595520
svcomp2025-termination-monotone-hulls-integralized/loops-crafted-1/discover_list5ca10c.i---hull-15_integralized.yml	done	0.180325	0.18336975999409333	37.986304	done	0.10482	0.10693182500835974	36.311040	done	0.584236	0.5868234910012688	179.933184	done	1.873414	1.877737489005085	47.550464
svcomp2025-termination-monotone-hulls-integralized/loops-crafted-1/discover_list5ca10c.i---hull-1_integralized.yml	done	0.163909	0.16704338698764332	36.958208	done	0.093373	0.09690171599504538	35.811328	done	0.528398	0.531130542003666	172.728320	done	1.32283	1.3267001700005494	43.036672
svcomp2025-termination-monotone-hulls-integralized/loops-crafted-1/discover_list5ca10c.i---hull-2_integralized.yml	done	0.176805	0.17904092199751176	38.637568	done	0.086778	0.08906959599698894	36.110336	done	0.669936	0.6729737489949912	209.338368	done	13.879721	13.888024621002842	91.246592
svcomp2025-termination-monotone-hulls-integralized/loops-crafted-1/discover_list5ca10c.i---hull-3_integralized.yml	done	0.174832	0.177810571010923	38.641664	done	0.08277	0.08499603800009936	35.926016	done	0.674013	0.6765390840009786	209.158144	done	13.617807	13.626243922000867	91.095040
svcomp2025-termination-monotone-hulls-integralized/loops-crafted-1/discover_list5ca10c.i---hull-4_integralized.yml	done	0.197399	0.19975637100287713	39.096320	done	0.096986	0.09998050099238753	37.384192	done	0.521884	0.5254655839962652	180.563968	TIMEOUT	30.856279	30.86727365499246	144.457728
svcomp2025-termination-monotone-hulls-integralized/loops-crafted-1/discover_list5ca10c.i---hull-5_integralized.yml	done	0.194528	0.19794180200551637	39.116800	done	0.101965	0.10449674999108538	37.167104	done	0.528784	0.5320065090054413	180.568064	TIMEOUT	30.855615	30.869566591994953	113.942528
svcomp2025-termination-monotone-hulls-integralized/loops-crafted-1/loopv353aed8.i---hull-0_integralized.yml	done	0.029857	0.0321670490084216	31.277056	done	0.030587	0.03345438699761871	31.514624	done	0.03202	0.03453045700734947	31.404032	TIMEOUT	30.862408	30.874713892000727	432.435200
svcomp2025-termination-monotone-hulls-integralized/loops-crafted-1/loopv353aed8.i---hull-1_integralized.yml	done	0.031659	0.033615928987273946	31.408128	done	0.034428	0.03715485199063551	31.326208	done	0.027798	0.030671682994579896	31.404032	TIMEOUT	30.862195	30.876071165010217	433.491968
svcomp2025-termination-monotone-hulls-integralized/loops-crafted-1/mono-crafted_10a86cbe.i---hull-0_integralized.yml	done	0.036301	0.03933870399487205	31.707136	done	0.035331	0.03870382900640834	31.387648	done	0.030649	0.03290065699547995	31.723520	TIMEOUT	30.85533	30.866155950992834	234.942464
svcomp2025-termination-monotone-hulls-integralized/loops-crafted-1/mono-crafted_10a86cbe.i---hull-1_integralized.yml	done	0.030875	0.03299460600828752	31.576064	done	0.035256	0.03731246100505814	31.494144	done	0.036698	0.0400041870016139	31.735808	TIMEOUT	30.855992	30.865918932002387	233.517056
svcomp2025-termination-monotone-hulls-integralized/loops-crafted-1/mono-crafted_11411084.i---hull-0_integralized.yml	done	0.043849	0.04913515501539223	31.399936	done	0.02823	0.030255429999670014	31.264768	done	0.029643	0.03242011800466571	31.776768	TIMEOUT	30.853769	30.866003722010646	211.984384
svcomp2025-termination-monotone-hulls-integralized/loops-crafted-1/mono-crafted_11411084.i---hull-1_integralized.yml	done	0.031216	0.03363352999440394	31.404032	done	0.028812	0.031182741004158743	31.272960	done	0.030321	0.032700794996344484	31.506432	TIMEOUT	30.854128	30.865699870992103	211.513344
svcomp2025-termination-monotone-hulls-integralized/loops-crafted-1/mono-crafted_12fa8d2a.i---hull-0_integralized.yml	done	0.035323	0.0378897640039213	31.477760	done	0.031544	0.03383923500950914	31.391744	done	0.030559	0.03355789100169204	31.711232	TIMEOUT	30.854615	30.866966115005198	234.622976
svcomp2025-termination-monotone-hulls-integralized/loops-crafted-1/mono-crafted_12fa8d2a.i---hull-1_integralized.yml	done	0.032579	0.034801494010025635	31.477760	done	0.030125	0.032905376006965525	31.391744	done	0.032068	0.03502234700135887	31.571968	TIMEOUT	30.854215	30.86891617201036	234.430464
svcomp2025-termination-monotone-hulls-integralized/loops-crafted-1/mono-crafted_139414f2.i---hull-10_integralized.yml	done	0.031511	0.03428824900765903	31.481856	done	0.033051	0.03595776000292972	31.522816	done	0.032811	0.035412333003478125	31.846400	TIMEOUT	30.85351	30.871053164999466	228.990976
svcomp2025-termination-monotone-hulls-integralized/loops-crafted-1/mono-crafted_139414f2.i---hull-11_integralized.yml	done	0.030936	0.03338282700860873	31.748096	done	0.038173	0.040563242000644095	31.412224	done	0.031071	0.03360833499755245	31.825920	TIMEOUT	30.852201	30.870725543994922	229.576704
svcomp2025-termination-monotone-hulls-integralized/loops-crafted-1/mono-crafted_139414f2.i---hull-12_integralized.yml	done	0.030235	0.03284565301146358	31.711232	done	0.038443	0.041018445990630426	31.395840	done	0.033006	0.035785353000392206	31.580160	TIMEOUT	30.849816	30.869659960007994	230.739968
svcomp2025-termination-monotone-hulls-integralized/loops-crafted-1/mono-crafted_139414f2.i---hull-13_integralized.yml	done	0.03044	0.03342538099968806	31.555584	done	0.033349	0.03636954199464526	31.580160	done	0.032485	0.03591865499038249	31.559680	TIMEOUT	30.851886	30.867344374986715	229.101568
svcomp2025-termination-monotone-hulls-integralized/loops-crafted-1/mono-crafted_139414f2.i---hull-8_integralized.yml	done	0.029644	0.031897580018267035	31.444992	done	0.03103	0.033866601006593555	31.387648	done	0.034164	0.03678124598809518	31.543296	TIMEOUT	30.854149	30.86734841199359	225.226752
svcomp2025-termination-monotone-hulls-integralized/loops-crafted-1/mono-crafted_139414f2.i---hull-9_integralized.yml	done	0.03121	0.03394873600336723	31.547392	done	0.032791	0.03474819900293369	31.387648	done	0.034417	0.03658971200638916	31.629312	TIMEOUT	30.854624	30.866729197994573	225.824768
svcomp2025-termination-monotone-hulls-integralized/loops-crafted-1/mono-crafted_147237ee.i---hull-10_integralized.yml	done	0.034492	0.03674059300101362	31.621120	done	0.034212	0.03663612400123384	31.367168	done	0.02942	0.03186289498989936	31.662080	TIMEOUT	30.851317	30.868386165995616	222.220288
svcomp2025-termination-monotone-hulls-integralized/loops-crafted-1/mono-crafted_147237ee.i---hull-11_integralized.yml	done	0.043441	0.045877130003646016	31.367168	done	0.035019	0.037890715000685304	31.899648	done	0.03728	0.039679066991084255	31.920128	TIMEOUT	30.852334	30.866461448997143	219.512832
svcomp2025-termination-monotone-hulls-integralized/loops-crafted-1/mono-crafted_147237ee.i---hull-12_integralized.yml	done	0.030695	0.03319663600996137	31.617024	done	0.031714	0.03392121799697634	31.465472	done	0.031012	0.03349632599565666	31.580160	TIMEOUT	30.861865	30.87438127900532	427.044864
svcomp2025-termination-monotone-hulls-integralized/loops-crafted-1/mono-crafted_147237ee.i---hull-13_integralized.yml	done	0.02951	0.03188830800354481	31.358976	done	0.031151	0.032835796009749174	31.371264	done	0.037395	0.03992966101213824	31.588352	TIMEOUT	30.86002	30.87483422299556	432.959488
svcomp2025-termination-monotone-hulls-integralized/loops-crafted-1/mono-crafted_147237ee.i---hull-8_integralized.yml	done	0.031903	0.034620757010998204	31.338496	done	0.030079	0.032402013006503694	31.371264	done	0.029959	0.03284936099953484	31.825920	TIMEOUT	30.867388	30.879440336997504	427.495424
svcomp2025-termination-monotone-hulls-integralized/loops-crafted-1/mono-crafted_147237ee.i---hull-9_integralized.yml	done	0.030911	0.03306433302350342	31.399936	done	0.031869	0.03436540700204205	31.600640	done	0.032082	0.035328229001606815	31.825920	TIMEOUT	30.863489	30.87586876799469	426.115072
svcomp2025-termination-monotone-hulls-integralized/loops-crafted-1/mono-crafted_17db2a3.i---hull-10_integralized.yml	done	0.031179	0.03334534901659936	31.358976	done	0.034376	0.03656465200765524	31.358976	done	0.033769	0.03656945200054906	31.842304	TIMEOUT	30.854473	30.86691890899965	219.807744
svcomp2025-termination-monotone-hulls-integralized/loops-crafted-1/mono-crafted_17db2a3.i---hull-11_integralized.yml	done	0.037132	0.03988806897541508	31.346688	done	0.030972	0.03297487599775195	31.617024	done	0.030014	0.03239409500383772	31.571968	TIMEOUT	30.854203	30.866007998003624	217.460736
svcomp2025-termination-monotone-hulls-integralized/loops-crafted-1/mono-crafted_17db2a3.i---hull-12_integralized.yml	done	0.030399	0.03280202898895368	31.354880	done	0.031634	0.033643595001194626	31.621120	done	0.030591	0.03348701600043569	31.563776	TIMEOUT	30.859582	30.87611927500984	430.096384
svcomp2025-termination-monotone-hulls-integralized/loops-crafted-1/mono-crafted_17db2a3.i---hull-13_integralized.yml	done	0.032237	0.035046752978814766	31.383552	done	0.030799	0.033283520009717904	31.338496	done	0.032362	0.035401674002059735	31.580160	TIMEOUT	30.865865	30.879429975000676	431.644672
svcomp2025-termination-monotone-hulls-integralized/loops-crafted-1/mono-crafted_17db2a3.i---hull-8_integralized.yml	done	0.030248	0.032894602016313	31.338496	done	0.031487	0.03441161000228021	31.621120	done	0.03049	0.033206465988769196	31.563776	TIMEOUT	30.861457	30.875724964003894	428.847104
svcomp2025-termination-monotone-hulls-integralized/loops-crafted-1/mono-crafted_17db2a3.i---hull-9_integralized.yml	done	0.033888	0.03600166199612431	31.354880	done	0.030934	0.03332520800177008	31.350784	done	0.030799	0.03290007599571254	31.617024	TIMEOUT	30.863922	30.87554235200514	426.237952
svcomp2025-termination-monotone-hulls-integralized/loops-crafted-1/mono-crafted_3515015.i---hull-10_integralized.yml	done	0.033343	0.035865915997419506	31.465472	done	0.030158	0.03283142199506983	31.363072	done	0.031604	0.03478182900289539	31.621120	TIMEOUT	30.853564	30.866490864005755	219.598848
svcomp2025-termination-monotone-hulls-integralized/loops-crafted-1/mono-crafted_3515015.i---hull-11_integralized.yml	done	0.03146	0.0340097910084296	31.346688	done	0.038294	0.04081792700162623	31.358976	done	0.034811	0.03648650800460018	31.576064	TIMEOUT	30.855213	30.866616605999297	217.706496
svcomp2025-termination-monotone-hulls-integralized/loops-crafted-1/mono-crafted_3515015.i---hull-12_integralized.yml	done	0.030518	0.03303735898225568	31.338496	done	0.031258	0.03390841699729208	31.387648	done	0.031913	0.03430186399782542	31.571968	TIMEOUT	30.86079	30.877138312003808	432.181248
svcomp2025-termination-monotone-hulls-integralized/loops-crafted-1/mono-crafted_3515015.i---hull-13_integralized.yml	done	0.037831	0.0400712660048157	31.596544	done	0.031971	0.03515118799987249	31.633408	done	0.031212	0.033641200003330596	31.657984	TIMEOUT	30.86183	30.876453616991057	428.290048
svcomp2025-termination-monotone-hulls-integralized/loops-crafted-1/mono-crafted_3515015.i---hull-8_integralized.yml	done	0.031804	0.03474194402224384	31.342592	done	0.03633	0.039522649996797554	31.510528	done	0.032862	0.034758630994474515	31.567872	TIMEOUT	30.861934	30.87472964999324	432.197632
svcomp2025-termination-monotone-hulls-integralized/loops-crafted-1/mono-crafted_3515015.i---hull-9_integralized.yml	done	0.032973	0.035796002979623154	31.342592	done	0.03787	0.04012158799741883	31.358976	done	0.031437	0.03382940500159748	31.571968	TIMEOUT	30.861831	30.87542123401363	428.310528
svcomp2025-termination-monotone-hulls-integralized/loops-crafted-1/mono-crafted_6bf821a.i---hull-0_integralized.yml	done	0.032841	0.035517751006409526	31.498240	done	0.035663	0.037868971994612366	31.457280	done	0.031605	0.03391356499923859	31.887360	TIMEOUT	30.861802	30.874557707007625	442.679296
svcomp2025-termination-monotone-hulls-integralized/loops-crafted-1/mono-crafted_6bf821a.i---hull-1_integralized.yml	done	0.034226	0.03692359698470682	31.498240	done	0.034058	0.03657174600812141	31.469568	done	0.031357	0.03426138999930117	32.149504	TIMEOUT	30.8611	30.875198190988158	442.929152
svcomp2025-termination-monotone-hulls-integralized/loops-crafted-1/mono-crafted_78f6d7d.i---hull-10_integralized.yml	done	0.031609	0.03388066100887954	31.608832	done	0.035217	0.03774570900714025	31.371264	done	0.030566	0.034045223001157865	31.567872	TIMEOUT	30.853272	30.866860939000617	220.221440
svcomp2025-termination-monotone-hulls-integralized/loops-crafted-1/mono-crafted_78f6d7d.i---hull-11_integralized.yml	done	0.035141	0.03752606699708849	31.469568	done	0.030667	0.033036460998118855	31.358976	done	0.036385	0.039059607006493025	31.621120	TIMEOUT	30.853109	30.866048756011878	218.062848
svcomp2025-termination-monotone-hulls-integralized/loops-crafted-1/mono-crafted_78f6d7d.i---hull-12_integralized.yml	done	0.031321	0.03375725098885596	31.338496	done	0.030967	0.033166156004881486	31.350784	done	0.031947	0.03439739299938083	31.649792	TIMEOUT	30.861341	30.876491525006713	433.172480
svcomp2025-termination-monotone-hulls-integralized/loops-crafted-1/mono-crafted_78f6d7d.i---hull-13_integralized.yml	done	0.031573	0.03422735500498675	31.338496	done	0.035325	0.03808466099144425	31.346688	done	0.031189	0.03434203698998317	31.571968	TIMEOUT	30.861387	30.874650405996363	432.287744
svcomp2025-termination-monotone-hulls-integralized/loops-crafted-1/mono-crafted_78f6d7d.i---hull-8_integralized.yml	done	0.03086	0.033454289979999885	31.604736	done	0.030804	0.033034981999662705	31.608832	done	0.031702	0.034184088988695294	31.715328	TIMEOUT	30.862246	30.87543927000661	430.718976
svcomp2025-termination-monotone-hulls-integralized/loops-crafted-1/mono-crafted_78f6d7d.i---hull-9_integralized.yml	done	0.031649	0.034606534987688065	31.342592	done	0.031938	0.0341359810117865	31.395840	done	0.03098	0.03307795499858912	31.580160	TIMEOUT	30.865049	30.87884659100382	432.254976
svcomp2025-termination-monotone-hulls-integralized/loops-crafted-1/mono-crafted_8a0c575.i---hull-0_integralized.yml	done	0.031066	0.03360482901916839	31.461376	done	0.035028	0.038007736002327874	31.391744	done	0.030231	0.032385859987698495	31.825920	TIMEOUT	30.854107	30.868294680010877	231.235584
svcomp2025-termination-monotone-hulls-integralized/loops-crafted-1/mono-crafted_8a0c575.i---hull-1_integralized.yml	done	0.034722	0.03759754600469023	32.198656	done	0.031168	0.03386054400471039	31.375360	done	0.032384	0.03482298200833611	31.707136	TIMEOUT	30.853327	30.86629917701066	229.072896
svcomp2025-termination-monotone-hulls-integralized/loops-crafted-1/mono-crafted_9ef5a96.i---hull-0_integralized.yml	done	0.032857	0.03525168899795972	31.338496	done	0.031769	0.03453621600056067	31.358976	done	0.033035	0.035760808998020366	31.846400	TIMEOUT	30.859594	30.875491434999276	432.353280
svcomp2025-termination-monotone-hulls-integralized/loops-crafted-1/mono-crafted_9ef5a96.i---hull-1_integralized.yml	done	0.034512	0.037815556017449126	31.346688	done	0.038777	0.04074298299383372	31.367168	done	0.031385	0.03474221199576277	31.625216	TIMEOUT	30.861595	30.87463624100201	432.619520
svcomp2025-termination-monotone-hulls-integralized/loops-crafted-1/nested3-1_abstracted286176.i---hull-0_integralized.yml	done	0.042119	0.04506015399238095	31.731712	done	0.031689	0.033869681996293366	31.494144	done	0.085362	0.06736134499078616	35.303424	TIMEOUT	30.854827	30.868892260012217	254.124032
svcomp2025-termination-monotone-hulls-integralized/loops-crafted-1/nested3-1_abstracted286176.i---hull-10_integralized.yml	done	0.03245	0.034811924007954076	31.649792	done	0.032596	0.03502541499619838	31.780864	done	0.089239	0.07145479899190832	35.651584	TIMEOUT	30.866188	30.879317341998103	444.739584
svcomp2025-termination-monotone-hulls-integralized/loops-crafted-1/nested3-1_abstracted286176.i---hull-11_integralized.yml	done	0.034021	0.036650831025326625	31.576064	done	0.035532	0.037442765999003313	31.522816	done	0.083887	0.06606977101182565	35.389440	TIMEOUT	30.86117	30.87567510800727	445.812736
svcomp2025-termination-monotone-hulls-integralized/loops-crafted-1/nested3-1_abstracted286176.i---hull-14_integralized.yml	done	0.030831	0.032862086984096095	31.633408	done	0.032491	0.03501090900681447	31.567872	done	0.051823	0.04681565999635495	35.946496	TIMEOUT	30.862191	30.87688703800086	524.984320
svcomp2025-termination-monotone-hulls-integralized/loops-crafted-1/nested3-1_abstracted286176.i---hull-15_integralized.yml	done	0.031889	0.03494939999654889	31.617024	done	0.040139	0.04285044700372964	31.793152	done	0.0534	0.047061872988706455	36.061184	TIMEOUT	30.869755	30.881882362999022	523.300864
svcomp2025-termination-monotone-hulls-integralized/loops-crafted-1/nested3-1_abstracted286176.i---hull-16_integralized.yml	done	0.031495	0.03427570199710317	31.621120	done	0.034731	0.03745497699128464	31.809536	done	0.057009	0.051978550996864215	36.249600	TIMEOUT	30.864422	30.877125203987816	514.109440
svcomp2025-termination-monotone-hulls-integralized/loops-crafted-1/nested3-1_abstracted286176.i---hull-17_integralized.yml	done	0.038762	0.041501336003420874	31.875072	done	0.034396	0.03741154901217669	31.567872	done	0.055972	0.050170643007731996	35.815424	TIMEOUT	30.864745	30.87737807800295	515.575808
svcomp2025-termination-monotone-hulls-integralized/loops-crafted-1/nested3-1_abstracted286176.i---hull-18_integralized.yml	done	0.032941	0.03544385399436578	31.678464	done	0.030806	0.033679799002129585	31.690752	done	0.058906	0.05431067600147799	36.593664	TIMEOUT	30.861988	30.87362113200652	492.535808
svcomp2025-termination-monotone-hulls-integralized/loops-crafted-1/nested3-1_abstracted286176.i---hull-19_integralized.yml	done	0.032182	0.03481388100772165	31.891456	done	0.031586	0.035002580989385024	31.592448	done	0.054145	0.04883439499826636	35.684352	TIMEOUT	30.862645	30.87492443798692	492.601344
svcomp2025-termination-monotone-hulls-integralized/loops-crafted-1/nested3-1_abstracted286176.i---hull-1_integralized.yml	done	0.034707	0.03745131799951196	31.629312	done	0.031629	0.03407558200706262	31.830016	done	0.088657	0.07064238299790304	35.549184	TIMEOUT	30.853827	30.869004519990995	258.908160
svcomp2025-termination-monotone-hulls-integralized/loops-crafted-1/nested3-1_abstracted286176.i---hull-2_integralized.yml	done	0.035546	0.038089589012088254	31.633408	done	0.029568	0.031469291003304534	31.473664	done	0.084818	0.06467116599378642	35.151872	TIMEOUT	30.863647	30.87815334399056	549.867520
svcomp2025-termination-monotone-hulls-integralized/loops-crafted-1/nested3-1_abstracted286176.i---hull-3_integralized.yml	done	0.0337	0.0364918950072024	31.735808	done	0.03291	0.0349099230079446	31.727616	done	0.082804	0.06467717098712455	35.487744	TIMEOUT	30.870422	30.884528160997434	552.738816
svcomp2025-termination-monotone-hulls-integralized/loops-crafted-1/nested3-1_abstracted286176.i---hull-6_integralized.yml	done	0.031715	0.033516534022055566	31.522816	done	0.033268	0.0359596290072659	31.793152	done	0.087773	0.07011303699982818	35.180544	TIMEOUT	30.863236	30.875902953994228	454.782976
svcomp2025-termination-monotone-hulls-integralized/loops-crafted-1/nested3-1_abstracted286176.i---hull-7_integralized.yml	done	0.031372	0.03417204902507365	31.612928	done	0.031345	0.03404132700234186	31.481856	done	0.080993	0.06271903699962422	35.155968	TIMEOUT	30.866129	30.878468241993687	450.600960
svcomp2025-termination-monotone-hulls-integralized/loops-crafted-1/nested3-1_abstracted286176.i---hull-8_integralized.yml	done	0.031095	0.033772983006201684	31.526912	done	0.034743	0.036827696007094346	31.739904	done	0.084567	0.06685941200703382	36.130816	TIMEOUT	30.856408	30.867266377987107	259.338240
svcomp2025-termination-monotone-hulls-integralized/loops-crafted-1/nested3-1_abstracted286176.i---hull-9_integralized.yml	done	0.032759	0.03546329401433468	31.514624	done	0.029847	0.0325900509924395	31.784960	done	0.089305	0.0705585210089339	35.397632	TIMEOUT	30.8552	30.86800415298785	259.866624
svcomp2025-termination-monotone-hulls-integralized/loops-crafted-1/nested3-1f703fc.i---hull-0_integralized.yml	done	0.029153	0.031435684009920806	31.219712	done	0.028122	0.03063743599341251	31.219712	done	0.030386	0.03274536300159525	31.375360	TIMEOUT	30.864211	30.874391632998595	418.021376
svcomp2025-termination-monotone-hulls-integralized/loops-crafted-1/nested3-1f703fc.i---hull-10_integralized.yml	done	0.029874	0.03218977400683798	31.244288	done	0.030855	0.03348676799214445	31.301632	done	0.028413	0.03089416801230982	31.354880	TIMEOUT	30.86521	30.877997362986207	420.388864
svcomp2025-termination-monotone-hulls-integralized/loops-crafted-1/nested3-1f703fc.i---hull-11_integralized.yml	done	0.036367	0.03883284900803119	31.211520	done	0.030039	0.03295277700817678	31.424512	done	0.029083	0.03198921600414906	31.272960	TIMEOUT	30.862474	30.87554549500055	427.028480
svcomp2025-termination-monotone-hulls-integralized/loops-crafted-1/nested3-1f703fc.i---hull-14_integralized.yml	done	0.033836	0.03638386499369517	31.588352	done	0.03184	0.033919590001460165	31.703040	done	0.084693	0.0700411330035422	34.811904	TIMEOUT	30.864811	30.875420657001087	468.221952
svcomp2025-termination-monotone-hulls-integralized/loops-crafted-1/nested3-1f703fc.i---hull-15_integralized.yml	done	0.03334	0.03627666799002327	31.485952	done	0.03526	0.03711340199515689	31.543296	done	0.077998	0.061201725009595975	35.102720	TIMEOUT	30.870345	30.883350429008715	466.288640
svcomp2025-termination-monotone-hulls-integralized/loops-crafted-1/nested3-1f703fc.i---hull-16_integralized.yml	done	0.037566	0.03994376299669966	31.862784	done	0.031522	0.03416813199874014	31.510528	done	0.076861	0.06021552400488872	34.865152	TIMEOUT	30.860061	30.877148165003746	465.076224
svcomp2025-termination-monotone-hulls-integralized/loops-crafted-1/nested3-1f703fc.i---hull-17_integralized.yml	done	0.031989	0.034882540989201516	31.899648	done	0.030115	0.032669652995537035	31.481856	done	0.079352	0.06315917099709623	35.540992	TIMEOUT	30.853061	30.880198238999583	468.729856
svcomp2025-termination-monotone-hulls-integralized/loops-crafted-1/nested3-1f703fc.i---hull-18_integralized.yml	done	0.070869	0.07606877697980963	31.473664	done	0.032517	0.03427246501087211	31.461376	done	0.08163	0.0651535149954725	35.004416	TIMEOUT	30.856464	30.87816637000651	463.753216
svcomp2025-termination-monotone-hulls-integralized/loops-crafted-1/nested3-1f703fc.i---hull-19_integralized.yml	done	0.030986	0.0336676360166166	31.490048	done	0.030454	0.03285841199976858	31.449088	done	0.079737	0.06408772899885662	34.623488	TIMEOUT	30.855029	30.883364497000002	471.425024
svcomp2025-termination-monotone-hulls-integralized/loops-crafted-1/nested3-1f703fc.i---hull-1_integralized.yml	done	0.029894	0.0326387390086893	31.485952	done	0.031122	0.03298121099942364	31.203328	done	0.030778	0.03297586001281161	31.387648	TIMEOUT	30.851262	30.87616834801156	426.045440
svcomp2025-termination-monotone-hulls-integralized/loops-crafted-1/nested3-1f703fc.i---hull-26_integralized.yml	done	0.031291	0.03419228698476218	31.612928	done	0.031906	0.033928368997294456	31.547392	done	0.052857	0.04697115899762139	35.946496	TIMEOUT	30.86095	30.87233281400404	490.328064
svcomp2025-termination-monotone-hulls-integralized/loops-crafted-1/nested3-1f703fc.i---hull-27_integralized.yml	done	0.030711	0.033040227979654446	31.764480	done	0.035069	0.03770592500222847	31.809536	done	0.056214	0.050460297003155574	35.848192	TIMEOUT	30.859915	30.873835043996223	490.430464
svcomp2025-termination-monotone-hulls-integralized/loops-crafted-1/nested3-1f703fc.i---hull-28_integralized.yml	done	0.031859	0.034105874015949667	31.809536	done	0.036472	0.0382867489970522	31.551488	done	0.057627	0.05181237100623548	35.725312	TIMEOUT	30.860467	30.874007503996836	514.433024
svcomp2025-termination-monotone-hulls-integralized/loops-crafted-1/nested3-1f703fc.i---hull-29_integralized.yml	done	0.036599	0.03931996499886736	31.600640	done	0.032161	0.03471150000405032	31.547392	done	0.053834	0.047994630003813654	35.885056	TIMEOUT	30.862191	30.872361715999432	507.650048
svcomp2025-termination-monotone-hulls-integralized/loops-crafted-1/nested3-1f703fc.i---hull-30_integralized.yml	done	0.03145	0.03390968500752933	31.621120	done	0.03209	0.03434890101198107	31.551488	done	0.054304	0.04771065899694804	35.852288	TIMEOUT	30.862404	30.87758217800001	494.718976
svcomp2025-termination-monotone-hulls-integralized/loops-crafted-1/nested3-1f703fc.i---hull-31_integralized.yml	done	0.03438	0.03743797400966287	31.870976	done	0.034193	0.03602984799363185	31.535104	done	0.051437	0.04651649000879843	35.385344	TIMEOUT	30.862003	30.87501064200478	495.886336
svcomp2025-termination-monotone-hulls-integralized/loops-crafted-1/nested3-1f703fc.i---hull-8_integralized.yml	done	0.031734	0.0342690700199455	31.215616	done	0.030414	0.032667465988197364	31.219712	done	0.032459	0.03448940000089351	31.436800	TIMEOUT	30.857388	30.87325707099808	418.742272
svcomp2025-termination-monotone-hulls-integralized/loops-crafted-1/nested3-1f703fc.i---hull-9_integralized.yml	done	0.030648	0.03352789898053743	31.424512	done	0.028504	0.03142369000124745	31.203328	done	0.028974	0.031284602999221534	31.268864	TIMEOUT	30.859598	30.870187090986292	423.698432
svcomp2025-termination-monotone-hulls-integralized/loops-crafted-1/nested3-249d15e.i---hull-0_integralized.yml	done	0.03232	0.034321992978220806	31.215616	done	0.030532	0.033362109010340646	31.215616	done	0.028334	0.030558667000150308	31.260672	TIMEOUT	30.861426	30.871041122998577	420.360192
svcomp2025-termination-monotone-hulls-integralized/loops-crafted-1/nested3-249d15e.i---hull-10_integralized.yml	done	0.030442	0.03277024798444472	31.490048	done	0.032073	0.033893631989485584	31.199232	done	0.028199	0.031014189997222275	31.260672	TIMEOUT	30.857361	30.87331340998935	420.323328
svcomp2025-termination-monotone-hulls-integralized/loops-crafted-1/nested3-249d15e.i---hull-11_integralized.yml	done	0.029644	0.032190302008530125	31.219712	done	0.036964	0.03846592899935786	31.473664	done	0.031352	0.03314394201152027	31.277056	TIMEOUT	30.858382	30.873953624002752	425.779200
svcomp2025-termination-monotone-hulls-integralized/loops-crafted-1/nested3-249d15e.i---hull-1_integralized.yml	done	0.030016	0.032844337983988225	31.510528	done	0.029941	0.03226004099997226	31.211520	done	0.030436	0.032277541991788894	31.461376	TIMEOUT	30.858906	30.87230377100059	419.647488
svcomp2025-termination-monotone-hulls-integralized/loops-crafted-1/nested3-249d15e.i---hull-8_integralized.yml	done	0.031085	0.03397208100068383	31.211520	done	0.027991	0.030022920996998437	31.510528	done	0.031159	0.03368254400265869	31.465472	TIMEOUT	30.85893	30.875171459993	420.732928
svcomp2025-termination-monotone-hulls-integralized/loops-crafted-1/nested3-249d15e.i---hull-9_integralized.yml	done	0.029326	0.03200383999501355	31.215616	done	0.029602	0.03184701800637413	31.207424	done	0.037589	0.039714102997095324	31.723520	TIMEOUT	30.860804	30.873269402000005	422.748160
svcomp2025-termination-monotone-hulls-integralized/loops-crafted-1/nested5-1525ede.i---hull-50_integralized.yml	done	0.034024	0.03651799200451933	31.678464	done	0.032635	0.03497142600826919	31.657984	done	0.036346	0.039156384009402245	32.161792	TIMEOUT	30.861513	30.874435102989082	493.711360
svcomp2025-termination-monotone-hulls-integralized/loops-crafted-1/nested5-1525ede.i---hull-51_integralized.yml	done	0.032388	0.03497704101027921	31.940608	done	0.031647	0.033943389003979973	31.649792	done	0.03542	0.038427136998507194	32.190464	TIMEOUT	30.86095	30.872995159006678	501.174272
svcomp2025-termination-monotone-hulls-integralized/loops-crafted-1/nested5-1525ede.i---hull-52_integralized.yml	done	0.035048	0.037227471999358386	32.120832	done	0.032692	0.03477145699434914	31.916032	done	0.034139	0.03723094999440946	32.428032	TIMEOUT	30.860704	30.873335809999844	486.821888
svcomp2025-termination-monotone-hulls-integralized/loops-crafted-1/nested5-1525ede.i---hull-53_integralized.yml	done	0.032576	0.03503935399930924	31.666176	done	0.032625	0.03531285798817407	31.911936	done	0.039681	0.042444796999916434	32.501760	TIMEOUT	30.861622	30.87370458499936	489.668608
svcomp2025-termination-monotone-hulls-integralized/loops-crafted-1/nested5-1525ede.i---hull-54_integralized.yml	done	0.037043	0.03928302100393921	31.928320	done	0.031809	0.03422137600136921	31.666176	done	0.032715	0.035732331991312094	32.186368	TIMEOUT	30.861592	30.874404051995953	509.829120
svcomp2025-termination-monotone-hulls-integralized/loops-crafted-1/nested5-1525ede.i---hull-55_integralized.yml	done	0.034024	0.03690793699934147	31.825920	done	0.039141	0.04208849900169298	31.993856	done	0.032628	0.03508131600392517	32.169984	TIMEOUT	30.862153	30.874726659996668	511.459328
svcomp2025-termination-monotone-hulls-integralized/loops-crafted-1/nested5-233e19e.i---hull-0_integralized.yml	done	0.03397	0.0368718639947474	31.571968	done	0.028478	0.03112701600184664	31.465472	done	0.029822	0.032016497003496625	31.887360	TIMEOUT	30.863188	30.874526339001022	422.387712
svcomp2025-termination-monotone-hulls-integralized/loops-crafted-1/nested5-233e19e.i---hull-10_integralized.yml	done	0.028682	0.030932737980037928	31.215616	done	0.029464	0.031882555995252915	31.465472	done	0.029546	0.0324151249951683	31.539200	TIMEOUT	30.85779	30.876009111991152	432.766976
svcomp2025-termination-monotone-hulls-integralized/loops-crafted-1/nested5-233e19e.i---hull-11_integralized.yml	done	0.030855	0.032996155990986153	31.215616	done	0.030501	0.03309108299436048	31.203328	done	0.030091	0.032959355012280867	31.264768	TIMEOUT	30.860999	30.877416119998088	434.786304
svcomp2025-termination-monotone-hulls-integralized/loops-crafted-1/nested5-233e19e.i---hull-1_integralized.yml	done	0.029384	0.032562770997174084	31.481856	done	0.033443	0.0360791569983121	31.248384	done	0.029666	0.03257963301439304	31.354880	TIMEOUT	30.854453	30.877709176013013	435.683328
svcomp2025-termination-monotone-hulls-integralized/loops-crafted-1/nested5-233e19e.i---hull-8_integralized.yml	done	0.029938	0.032903087994782254	31.203328	done	0.033614	0.036257062005461194	31.215616	done	0.027594	0.029849218990420923	31.260672	TIMEOUT	30.850251	30.88578183100617	432.410624
svcomp2025-termination-monotone-hulls-integralized/loops-crafted-1/nested5-233e19e.i---hull-9_integralized.yml	done	0.034978	0.03765425499295816	31.318016	done	0.030567	0.03306077100569382	31.199232	done	0.03104	0.033611482998821884	31.272960	TIMEOUT	30.859437	30.876209462003317	432.406528
svcomp2025-termination-monotone-hulls-integralized/loops-crafted-1/nested_delay_nd682c52.i---hull-0_integralized.yml	done	0.037008	0.03996354198898189	31.514624	done	0.032604	0.03509432700229809	31.440896	done	0.031521	0.0345493349886965	31.952896	done	9.059209	9.069593798994902	66.584576
svcomp2025-termination-monotone-hulls-integralized/loops-crafted-1/nested_delay_nd682c52.i---hull-10_integralized.yml	done	0.034196	0.03714639399549924	31.518720	done	0.033327	0.035815543989883736	31.793152	done	0.031925	0.03439812301076017	31.989760	TIMEOUT	30.848011	30.865037544004736	162.365440
svcomp2025-termination-monotone-hulls-integralized/loops-crafted-1/nested_delay_nd682c52.i---hull-11_integralized.yml	done	0.037381	0.039727619994664565	31.875072	done	0.034663	0.03641772799892351	31.473664	done	0.033081	0.03577928600134328	31.985664	TIMEOUT	30.852667	30.86247816699324	164.855808
svcomp2025-termination-monotone-hulls-integralized/loops-crafted-1/nested_delay_nd682c52.i---hull-12_integralized.yml	done	0.043075	0.04593811498489231	32.636928	done	0.041631	0.04442569000821095	32.509952	done	0.04927	0.0515754649968585	34.635776	TIMEOUT	30.845878	30.874062011003844	290.172928
svcomp2025-termination-monotone-hulls-integralized/loops-crafted-1/nested_delay_nd682c52.i---hull-13_integralized.yml	done	0.044211	0.04690536099951714	32.579584	done	0.038871	0.041261186997871846	32.309248	done	0.055221	0.05769941399921663	34.607104	TIMEOUT	30.855075	30.869115284003783	288.993280
svcomp2025-termination-monotone-hulls-integralized/loops-crafted-1/nested_delay_nd682c52.i---hull-14_integralized.yml	done	0.05379	0.05664645001525059	32.759808	done	0.043603	0.04606097500072792	32.346112	done	0.055891	0.058634663990233094	35.033088	TIMEOUT	30.857001	30.867192789999535	282.755072
svcomp2025-termination-monotone-hulls-integralized/loops-crafted-1/nested_delay_nd682c52.i---hull-15_integralized.yml	done	0.048706	0.05099563900148496	32.583680	done	0.0426	0.04527266298828181	32.350208	done	0.056031	0.05882590998953674	35.037184	TIMEOUT	30.856477	30.867920666001737	277.868544
svcomp2025-termination-monotone-hulls-integralized/loops-crafted-1/nested_delay_nd682c52.i---hull-16_integralized.yml	done	0.060276	0.06297202300629579	33.267712	done	0.048116	0.050920751004014164	32.731136	done	0.074405	0.07660613699408714	36.401152	TIMEOUT	30.857984	30.867553356001736	291.590144
svcomp2025-termination-monotone-hulls-integralized/loops-crafted-1/nested_delay_nd682c52.i---hull-17_integralized.yml	done	0.060718	0.06344403899856843	33.087488	done	0.046664	0.04929191600240301	32.997376	done	0.063585	0.06649846999789588	36.413440	TIMEOUT	30.85803	30.86795270598668	294.125568
svcomp2025-termination-monotone-hulls-integralized/loops-crafted-1/nested_delay_nd682c52.i---hull-18_integralized.yml	done	0.053367	0.055831025005318224	32.702464	done	0.041671	0.04433637000329327	32.391168	done	0.056156	0.05850730399833992	35.094528	TIMEOUT	30.85566	30.86758737299533	273.760256
svcomp2025-termination-monotone-hulls-integralized/loops-crafted-1/nested_delay_nd682c52.i---hull-19_integralized.yml	done	0.052121	0.0548127329966519	32.657408	done	0.043601	0.04627347900532186	32.399360	done	0.055612	0.057749255996895954	34.861056	TIMEOUT	30.856553	30.86748407500272	261.713920
svcomp2025-termination-monotone-hulls-integralized/loops-crafted-1/nested_delay_nd682c52.i---hull-1_integralized.yml	done	0.034001	0.036032752017490566	31.485952	done	0.030558	0.03300224400300067	31.444992	done	0.031972	0.03457052000158001	31.961088	done	8.572022	8.577078779999283	66.621440
svcomp2025-termination-monotone-hulls-integralized/loops-crafted-1/nested_delay_nd682c52.i---hull-20_integralized.yml	done	0.04343	0.04553360401769169	32.481280	done	0.042522	0.044641492000664584	32.280576	done	0.049821	0.052908309007762	34.467840	TIMEOUT	30.858015	30.868716208002297	330.817536
svcomp2025-termination-monotone-hulls-integralized/loops-crafted-1/nested_delay_nd682c52.i---hull-21_integralized.yml	done	0.042306	0.04475773900048807	32.591872	done	0.037752	0.040256303997011855	32.292864	done	0.048558	0.050861486000940204	34.463744	TIMEOUT	30.857514	30.86847252199368	331.169792
svcomp2025-termination-monotone-hulls-integralized/loops-crafted-1/nested_delay_nd682c52.i---hull-22_integralized.yml	done	0.046345	0.048919116001343355	32.616448	done	0.039881	0.04269132998888381	32.649216	done	0.057507	0.06003239899291657	35.217408	TIMEOUT	30.855459	30.86704312999791	259.645440
svcomp2025-termination-monotone-hulls-integralized/loops-crafted-1/nested_delay_nd682c52.i---hull-23_integralized.yml	done	0.048534	0.05123394401744008	32.718848	done	0.039285	0.04212235100567341	32.387072	done	0.057087	0.06088246799481567	35.028992	TIMEOUT	30.853781	30.869206781993853	262.782976
svcomp2025-termination-monotone-hulls-integralized/loops-crafted-1/nested_delay_nd682c52.i---hull-26_integralized.yml	done	0.048533	0.05126487498637289	32.616448	done	0.041669	0.0444875020039035	32.395264	done	0.057769	0.061347733993898146	35.131392	TIMEOUT	30.854795	30.866121336992364	254.410752
svcomp2025-termination-monotone-hulls-integralized/loops-crafted-1/nested_delay_nd682c52.i---hull-27_integralized.yml	done	0.047154	0.05013070898712613	32.612352	done	0.043386	0.04578568799479399	32.399360	done	0.056795	0.05878736400336493	34.922496	TIMEOUT	30.854026	30.865279901001486	256.327680
svcomp2025-termination-monotone-hulls-integralized/loops-crafted-1/nested_delay_nd682c52.i---hull-8_integralized.yml	done	0.033488	0.03626935000647791	31.485952	done	0.032193	0.03442463699320797	31.698944	done	0.032015	0.03471475299738813	31.981568	done	4.339271	4.342802707004012	47.681536
svcomp2025-termination-monotone-hulls-integralized/loops-crafted-1/nested_delay_nd682c52.i---hull-9_integralized.yml	done	0.031971	0.03452266799286008	31.481856	done	0.033255	0.03529098999570124	31.719424	done	0.036901	0.03964447800535709	31.961088	done	4.373234	4.3771219110058155	47.464448
svcomp2025-termination-monotone-hulls-integralized/loops-crafted-1/sum_natnum540f4b.i---hull-0_integralized.yml	done	0.039165	0.042110166017664596	31.461376	done	0.032543	0.0349342039990006	31.526912	done	0.031242	0.03372721299820114	31.821824	TIMEOUT	30.85882	30.87480733799748	454.320128
svcomp2025-termination-monotone-hulls-integralized/loops-crafted-1/sum_natnum540f4b.i---hull-1_integralized.yml	done	0.029834	0.03253046699683182	31.522816	done	0.030415	0.03282999600924086	31.277056	done	0.031347	0.03402768999512773	31.539200	TIMEOUT	30.861194	30.874276796996128	454.344704
svcomp2025-termination-monotone-hulls-integralized/loops-crafted-1/sum_natnum540f4b.i---hull-2_integralized.yml	done	0.02956	0.03164960999856703	31.367168	done	0.030425	0.03393704899644945	31.277056	done	0.0315	0.03380566599662416	31.711232	TIMEOUT	30.856359	30.869609543005936	277.614592
svcomp2025-termination-monotone-hulls-integralized/loops-crafted-1/sum_natnum540f4b.i---hull-3_integralized.yml	done	0.030504	0.03355103498324752	31.412224	done	0.035247	0.037895153000135906	31.277056	done	0.029307	0.03191563799919095	31.453184	TIMEOUT	30.855191	30.868830349994823	277.118976
svcomp2025-termination-monotone-hulls-integralized/loops-crafted-1/sumt4d32cda.i---hull-2_integralized.yml	done	0.052545	0.054913560015847906	32.657408	done	0.038992	0.04147532899514772	32.653312	done	4.759779	3.483743044009316	172.322816	done	0.041802	0.04424584600201342	32.497664
svcomp2025-termination-monotone-hulls-integralized/loops-crafted-1/sumt4d32cda.i---hull-3_integralized.yml	done	0.043623	0.04626549402019009	32.575488	done	0.039247	0.04160025699820835	32.391168	done	4.743383	3.4304226270032814	171.638784	done	0.040631	0.043035514012444764	32.477184
svcomp2025-termination-monotone-hulls-integralized/loops-crafted-1/sumt5cefb7b.i---hull-0_integralized.yml	done	0.125805	0.12917100300546736	35.852288	done	0.088976	0.09137209900654852	35.057664	done	20.691823	16.16300829401007	576.921600	done	0.099667	0.10248492799291853	35.389440
svcomp2025-termination-monotone-hulls-integralized/loops-crafted-1/sumt5cefb7b.i---hull-1_integralized.yml	done	0.128775	0.13221838700701483	35.897344	done	0.087733	0.09013306300039403	34.803712	done	21.114503	16.432792744002654	577.564672	done	0.097826	0.10153857800469268	35.381248
svcomp2025-termination-monotone-hulls-integralized/loops-crafted-1/sumt5cefb7b.i---hull-2_integralized.yml	done	0.061077	0.06410361500456929	33.234944	done	0.050308	0.052935776009690017	32.915456	TIMEOUT	30.956652	24.15476965700509	925.745152	done	0.052787	0.05514783899707254	33.144832
svcomp2025-termination-monotone-hulls-integralized/loops-crafted-1/sumt5cefb7b.i---hull-3_integralized.yml	done	0.063785	0.06710735699743964	33.439744	done	0.054093	0.05589559700456448	32.911360	TIMEOUT	30.802055	24.280115846995614	816.046080	done	0.059522	0.061899032996734604	33.058816
svcomp2025-termination-monotone-hulls-integralized/loops-crafted-1/sumt6333f24.i---hull-0_integralized.yml	done	0.514208	0.5173613969818689	39.149568	done	0.288248	0.2913577280123718	39.911424	TIMEOUT	30.436228	24.543420140005765	813.498368	done	0.116534	0.11980120099906344	36.106240
svcomp2025-termination-monotone-hulls-integralized/loops-crafted-1/sumt6333f24.i---hull-1_integralized.yml	done	0.484519	0.48768726899288595	39.153664	done	0.292708	0.29666118399472907	39.706624	TIMEOUT	30.491604	24.547953739005607	810.717184	done	0.115631	0.11885546801204327	36.118528
svcomp2025-termination-monotone-hulls-integralized/loops-crafted-1/sumt6333f24.i---hull-2_integralized.yml	done	0.081663	0.0847117259982042	34.369536	done	0.055839	0.05871132799074985	33.869824	TIMEOUT	30.964069	25.95832762098871	775.688192	done	0.064377	0.06703630399715621	33.869824
svcomp2025-termination-monotone-hulls-integralized/loops-crafted-1/sumt6333f24.i---hull-3_integralized.yml	done	0.07752	0.08052590599982068	34.213888	done	0.056668	0.05897549800283741	33.611776	TIMEOUT	30.845289	25.937925379999797	778.514432	done	0.062919	0.06656629400094971	33.878016
svcomp2025-termination-monotone-hulls-integralized/loops-crafted-1/sumt742a4d5.i---hull-0_integralized.yml	done	10.251347	10.255773309996584	55.140352	done	3.106577	3.1095843799994327	46.702592	TIMEOUT	30.936122	30.853447762012365	1046.249472	done	4.364257	4.367735494990484	47.697920
svcomp2025-termination-monotone-hulls-integralized/loops-crafted-1/sumt742a4d5.i---hull-1_integralized.yml	done	10.161528	10.165935733006336	55.148544	done	3.187514	3.1907196810061578	46.870528	TIMEOUT	30.932019	30.85664521799481	1045.180416	done	4.341904	4.34608105001098	47.886336
svcomp2025-termination-monotone-hulls-integralized/loops-crafted-1/sumt742a4d5.i---hull-2_integralized.yml	done	0.100825	0.10303545300848782	35.663872	done	0.076285	0.07913199000176974	34.504704	TIMEOUT	30.213051	29.726874318002956	1559.777280	done	0.079472	0.08225710000260733	35.057664
svcomp2025-termination-monotone-hulls-integralized/loops-crafted-1/sumt742a4d5.i---hull-3_integralized.yml	done	0.110915	0.114002745016478	35.659776	done	0.068433	0.07107332699524704	34.738176	TIMEOUT	30.186425	29.73329576900869	1561.923584	done	0.078401	0.08132104399555828	35.065856
svcomp2025-termination-monotone-hulls-integralized/loops-crafted-1/sumt8b87b6c.i---hull-0_integralized.yml	done	0.134557	0.13711871800478548	36.478976	done	0.088378	0.09098782100772951	35.930112	TIMEOUT	31.08047	30.977918524004053	5352.304640	done	0.104197	0.10689331799221691	36.384768
svcomp2025-termination-monotone-hulls-integralized/loops-crafted-1/sumt8b87b6c.i---hull-1_integralized.yml	done	0.131137	0.1338941340218298	36.737024	done	0.096686	0.10011689498787746	36.024320	TIMEOUT	31.070188	30.994953704997897	5348.245504	done	0.125486	0.12897565499588381	36.880384
svcomp2025-termination-monotone-hulls-integralized/loops-crafted-1/sumt8b87b6c.i---hull-2_integralized.yml	done	0.152089	0.1546347659896128	37.003264	done	0.114776	0.11801487300544977	35.774464	TIMEOUT	31.070123	30.992894424998667	5688.623104	done	0.128773	0.1319712679978693	36.483072
svcomp2025-termination-monotone-hulls-integralized/loops-crafted-1/sumt8b87b6c.i---hull-3_integralized.yml	done	0.153244	0.15629619799437933	37.208064	done	0.103433	0.10626580100506544	35.770368	TIMEOUT	31.081193	31.004932448006002	5688.627200	done	0.123166	0.12665841799753252	36.466688
svcomp2025-termination-monotone-hulls-integralized/loops-crafted-1/sumt98f044d.i---hull-0_integralized.yml	done	0.212737	0.2151220780215226	38.191104	done	0.243621	0.24654896900756285	39.964672	TIMEOUT	31.064109	31.076168822997715	8685.240320	done	0.256303	0.2586458069999935	39.620608
svcomp2025-termination-monotone-hulls-integralized/loops-crafted-1/sumt98f044d.i---hull-1_integralized.yml	done	0.209892	0.21287389600183815	38.232064	done	0.242232	0.24508983000123408	39.972864	TIMEOUT	31.040594	31.057757695991313	8093.147136	done	0.254143	0.2569609600031981	39.809024
svcomp2025-termination-monotone-hulls-integralized/loops-crafted-1/sumt98f044d.i---hull-2_integralized.yml	done	0.200682	0.20318574897828512	37.937152	done	0.203203	0.20571169900358655	36.749312	TIMEOUT	31.070989	31.089079848999972	9064.976384	done	0.144208	0.1475301399914315	37.408768
svcomp2025-termination-monotone-hulls-integralized/loops-crafted-1/sumt98f044d.i---hull-3_integralized.yml	done	0.190601	0.1927413859812077	37.810176	done	0.214978	0.21806925699638668	37.044224	TIMEOUT	31.084144	31.09532661999401	9067.941888	done	0.145187	0.14860299999418203	37.412864
svcomp2025-termination-monotone-hulls-integralized/loop-simple/deep-nestedc8b2c7.i---hull-0_integralized.yml	done	0.037227	0.03983911199611612	31.977472	done	0.037715	0.04063763000885956	31.891456	done	0.04584	0.04839444300159812	32.772096	TIMEOUT	30.852318	30.85961939500703	104.402944
svcomp2025-termination-monotone-hulls-integralized/loop-simple/deep-nestedc8b2c7.i---hull-10_integralized.yml	done	0.036726	0.038813327002571896	32.096256	done	0.035483	0.03753772200434469	32.043008	done	0.043863	0.04574274799961131	32.964608	TIMEOUT	30.854216	30.86838035400433	238.231552
svcomp2025-termination-monotone-hulls-integralized/loop-simple/deep-nestedc8b2c7.i---hull-11_integralized.yml	done	0.038527	0.04109829000663012	32.014336	done	0.03924	0.04146743299497757	31.866880	done	0.040331	0.04279273700376507	32.755712	TIMEOUT	30.855453	30.867531943003996	241.176576
svcomp2025-termination-monotone-hulls-integralized/loop-simple/deep-nestedc8b2c7.i---hull-14_integralized.yml	done	0.032295	0.035440634994301945	31.645696	done	0.03252	0.03485422200174071	31.768576	done	0.032201	0.03472200299438555	31.948800	TIMEOUT	30.85878	30.87629409400688	591.441920
svcomp2025-termination-monotone-hulls-integralized/loop-simple/deep-nestedc8b2c7.i---hull-15_integralized.yml	done	0.03163	0.03464771297876723	31.682560	done	0.03182	0.03405077100615017	31.514624	done	0.032694	0.03460182300477754	31.932416	TIMEOUT	30.869461	30.878985182003817	511.107072
svcomp2025-termination-monotone-hulls-integralized/loop-simple/deep-nestedc8b2c7.i---hull-16_integralized.yml	done	0.032152	0.034824544010916725	31.547392	done	0.030683	0.03346026499639265	31.580160	done	0.034788	0.03770637600973714	32.034816	TIMEOUT	30.864071	30.87378378699941	529.842176
svcomp2025-termination-monotone-hulls-integralized/loop-simple/deep-nestedc8b2c7.i---hull-17_integralized.yml	done	0.031392	0.03415319600026123	31.555584	done	0.030978	0.03350833899457939	31.592448	done	0.033262	0.035819307013298385	31.956992	TIMEOUT	30.862141	30.874642522001523	532.152320
svcomp2025-termination-monotone-hulls-integralized/loop-simple/deep-nestedc8b2c7.i---hull-18_integralized.yml	done	0.031746	0.034144977980758995	31.649792	done	0.036136	0.03914815500320401	31.768576	done	0.033259	0.036409972002729774	31.989760	TIMEOUT	30.861323	30.876073923995136	559.906816
svcomp2025-termination-monotone-hulls-integralized/loop-simple/deep-nestedc8b2c7.i---hull-19_integralized.yml	done	0.0317	0.03430750800180249	31.862784	done	0.030425	0.03261434700107202	31.506432	done	0.032757	0.035378703993046656	32.210944	TIMEOUT	30.866719	30.8789361280069	559.202304
svcomp2025-termination-monotone-hulls-integralized/loop-simple/deep-nestedc8b2c7.i---hull-1_integralized.yml	done	0.040439	0.0433734469988849	31.944704	done	0.034872	0.03731662899372168	32.018432	done	0.042751	0.04508683900348842	32.792576	TIMEOUT	30.851115	30.859044955999707	104.271872
svcomp2025-termination-monotone-hulls-integralized/loop-simple/deep-nestedc8b2c7.i---hull-26_integralized.yml	done	0.031739	0.034576028992887586	31.809536	done	0.038729	0.04083119099959731	31.518720	done	0.034359	0.036763625001185574	31.977472	TIMEOUT	30.86306	30.8727482809918	525.860864
svcomp2025-termination-monotone-hulls-integralized/loop-simple/deep-nestedc8b2c7.i---hull-27_integralized.yml	done	0.03335	0.03585423398180865	31.924224	done	0.030843	0.03367480500310194	31.793152	done	0.034519	0.03730473898758646	31.985664	TIMEOUT	30.859803	30.875310435003485	525.549568
svcomp2025-termination-monotone-hulls-integralized/loop-simple/deep-nestedc8b2c7.i---hull-28_integralized.yml	done	0.031638	0.03434650899725966	31.576064	done	0.032926	0.03599317699263338	31.629312	done	0.034149	0.03604123000695836	32.047104	TIMEOUT	30.861933	30.875653127004625	540.119040
svcomp2025-termination-monotone-hulls-integralized/loop-simple/deep-nestedc8b2c7.i---hull-29_integralized.yml	done	0.038143	0.040882447006879374	31.576064	done	0.033764	0.03586769101093523	31.657984	done	0.034605	0.03659144800622016	32.096256	TIMEOUT	30.86162	30.873815279002883	545.144832
svcomp2025-termination-monotone-hulls-integralized/loop-simple/deep-nestedc8b2c7.i---hull-30_integralized.yml	done	0.031548	0.03479302299092524	31.621120	done	0.031132	0.03368219100229908	31.518720	done	0.03328	0.03560160099004861	32.010240	TIMEOUT	30.861046	30.87683057600225	528.703488
svcomp2025-termination-monotone-hulls-integralized/loop-simple/deep-nestedc8b2c7.i---hull-31_integralized.yml	done	0.032579	0.035815274983178824	31.559680	done	0.030136	0.03246064900304191	31.526912	done	0.035857	0.037923908996162936	31.989760	TIMEOUT	30.863828	30.875019098006305	529.801216
svcomp2025-termination-monotone-hulls-integralized/loop-simple/deep-nestedc8b2c7.i---hull-38_integralized.yml	done	0.032829	0.03529403798165731	31.887360	done	0.030154	0.032411017004051246	31.518720	done	0.034488	0.03732043800118845	32.038912	TIMEOUT	30.855629	30.869775060011307	295.436288
svcomp2025-termination-monotone-hulls-integralized/loop-simple/deep-nestedc8b2c7.i---hull-39_integralized.yml	done	0.035068	0.03739093302283436	31.535104	done	0.030912	0.03380131699668709	31.776768	done	0.034107	0.036192924992064945	32.301056	TIMEOUT	30.85729	30.869109876002767	295.399424
svcomp2025-termination-monotone-hulls-integralized/loop-simple/deep-nestedc8b2c7.i---hull-40_integralized.yml	done	0.037593	0.040313418983714655	31.567872	done	0.032311	0.034272593999048695	31.543296	done	0.034845	0.03691018300014548	32.067584	TIMEOUT	30.864765	30.873077508003917	553.148416
svcomp2025-termination-monotone-hulls-integralized/loop-simple/deep-nestedc8b2c7.i---hull-41_integralized.yml	done	0.032766	0.036117012990871444	31.739904	done	0.032658	0.03517007699701935	31.727616	done	0.033076	0.03528559400001541	32.075776	TIMEOUT	30.864892	30.87413786299294	553.213952
svcomp2025-termination-monotone-hulls-integralized/loop-simple/deep-nestedc8b2c7.i---hull-42_integralized.yml	done	0.031804	0.03444539598422125	31.686656	done	0.034754	0.03672139901027549	31.723520	done	0.033701	0.03587105400220025	32.301056	TIMEOUT	30.858954	30.868223764991853	292.081664
svcomp2025-termination-monotone-hulls-integralized/loop-simple/deep-nestedc8b2c7.i---hull-43_integralized.yml	done	0.032277	0.03447696700459346	31.645696	done	0.032043	0.0345156510011293	31.510528	done	0.034355	0.0369424750097096	32.079872	TIMEOUT	30.857742	30.868524461999186	292.294656
svcomp2025-termination-monotone-hulls-integralized/loop-simple/deep-nestedc8b2c7.i---hull-50_integralized.yml	done	0.032003	0.03443477299879305	31.592448	done	0.030818	0.033538399991812184	31.539200	done	0.038628	0.04069404100300744	32.104448	TIMEOUT	30.865129	30.874036178996903	485.171200
svcomp2025-termination-monotone-hulls-integralized/loop-simple/deep-nestedc8b2c7.i---hull-51_integralized.yml	done	0.031854	0.03403025298030116	31.703040	done	0.030571	0.03352959899348207	31.535104	done	0.037777	0.04062915600661654	32.169984	TIMEOUT	30.866958	30.87447362599778	485.134336
svcomp2025-termination-monotone-hulls-integralized/loop-simple/deep-nestedc8b2c7.i---hull-52_integralized.yml	done	0.036655	0.039856593997683376	31.637504	done	0.030946	0.034622437990037724	31.567872	done	0.04035	0.04237965299398638	32.268288	TIMEOUT	30.865997	30.875120649012388	535.773184
svcomp2025-termination-monotone-hulls-integralized/loop-simple/deep-nestedc8b2c7.i---hull-53_integralized.yml	done	0.033237	0.0359384220209904	31.735808	done	0.032418	0.03439147799508646	31.580160	done	0.034717	0.03787668100267183	32.157696	TIMEOUT	30.866017	30.874318498987122	535.318528
svcomp2025-termination-monotone-hulls-integralized/loop-simple/deep-nestedc8b2c7.i---hull-54_integralized.yml	done	0.0327	0.035585271019954234	31.617024	done	0.032586	0.0350620160024846	31.592448	done	0.033403	0.03635502199176699	32.419840	TIMEOUT	30.865541	30.87552165600937	532.582400
svcomp2025-termination-monotone-hulls-integralized/loop-simple/deep-nestedc8b2c7.i---hull-55_integralized.yml	done	0.03473	0.037807298998814076	31.596544	done	0.030305	0.03268478700192645	31.526912	done	0.03381	0.03611248399829492	32.145408	TIMEOUT	30.867064	30.87711364000279	540.758016
svcomp2025-termination-monotone-hulls-integralized/loop-simple/deep-nestedc8b2c7.i---hull-8_integralized.yml	done	0.042717	0.04516760999104008	32.018432	done	0.038582	0.04101696200086735	31.940608	done	0.044457	0.046696126999449916	32.989184	TIMEOUT	30.853738	30.86502112200833	195.481600
svcomp2025-termination-monotone-hulls-integralized/loop-simple/deep-nestedc8b2c7.i---hull-9_integralized.yml	done	0.04015	0.042258867993950844	32.022528	done	0.038899	0.04178034400683828	31.940608	done	0.044017	0.04589087999192998	32.976896	TIMEOUT	30.854339	30.864247084988165	194.113536
svcomp2025-termination-monotone-hulls-integralized/nla-digbench/dijkstra-u3b64ee.i---hull-0_integralized.yml	done	0.061939	0.0642786209937185	33.165312	done	0.045796	0.04802867099351715	32.747520	done	18.800831	12.31888501800131	390.422528	done	0.074261	0.07707169199420605	34.160640
svcomp2025-termination-monotone-hulls-integralized/nla-digbench/dijkstra-u3b64ee.i---hull-1_integralized.yml	done	0.062154	0.06436189101077616	33.423360	done	0.040655	0.042850148005527444	32.763904	done	18.762602	12.349963802000275	390.103040	done	0.075977	0.07908025798678864	33.902592
svcomp2025-termination-monotone-hulls-integralized/nla-digbench/dijkstra-u3b64ee.i---hull-2_integralized.yml	done	0.103555	0.10618543499731459	34.242560	done	0.070093	0.07244426199758891	33.558528	done	18.443018	12.520661602000473	389.779456	done	0.113099	0.11537093401420861	35.258368
svcomp2025-termination-monotone-hulls-integralized/nla-digbench/dijkstra-u3b64ee.i---hull-3_integralized.yml	done	0.099226	0.10207625999464653	34.271232	done	0.068235	0.07066687699989416	33.669120	done	18.470902	12.647007433013641	390.041600	done	0.112221	0.11517825099872425	35.250176
svcomp2025-termination-monotone-hulls-integralized/nla-digbench/dijkstra7c1676.i---hull-0_integralized.yml	done	0.047571	0.05044916900806129	32.575488	done	0.0392	0.04151120100868866	32.505856	done	4.536029	3.1744832060066983	146.685952	done	0.043082	0.045733363993349485	32.641024
svcomp2025-termination-monotone-hulls-integralized/nla-digbench/dijkstra7c1676.i---hull-1_integralized.yml	done	0.048393	0.05102579700178467	32.579584	done	0.039641	0.04229211699566804	32.391168	done	4.542537	3.194905039999867	146.784256	done	0.04585	0.04824978100077715	32.522240
svcomp2025-termination-monotone-hulls-integralized/nla-digbench/dijkstra7c1676.i---hull-2_integralized.yml	done	0.066627	0.06903767000767402	33.173504	done	0.050607	0.05369012999290135	32.854016	done	5.917937	4.171328358992469	172.630016	done	0.074524	0.07703749800566584	33.521664
svcomp2025-termination-monotone-hulls-integralized/nla-digbench/dijkstra7c1676.i---hull-3_integralized.yml	done	0.064024	0.06677388199022971	33.161216	done	0.052078	0.05481077900913078	32.874496	done	5.918134	4.211271874999511	172.027904	done	0.078474	0.08154852699954063	33.517568
svcomp2025-termination-monotone-hulls-integralized/nla-digbench/hard-ll2b9358.i---hull-0_integralized.yml	done	0.046947	0.0495232870161999	32.452608	done	0.045324	0.04768704599700868	32.260096	done	1.394584	0.961366363990237	77.176832	done	0.03711	0.04008117099874653	32.100352
svcomp2025-termination-monotone-hulls-integralized/nla-digbench/hard-ll2b9358.i---hull-1_integralized.yml	done	0.040525	0.043126370990648866	32.190464	done	0.035423	0.039154856000095606	32.120832	done	1.371016	0.9409658719960134	77.332480	done	0.037879	0.04108015999372583	32.096256
svcomp2025-termination-monotone-hulls-integralized/nla-digbench/hard-ll2b9358.i---hull-2_integralized.yml	done	0.046803	0.04927159199723974	32.477184	done	0.041537	0.04405505600152537	32.329728	done	1.340775	0.9313835680077318	78.278656	done	0.04764	0.05000904000189621	32.731136
svcomp2025-termination-monotone-hulls-integralized/nla-digbench/hard-ll2b9358.i---hull-3_integralized.yml	done	0.047159	0.05040229900623672	32.407552	done	0.041387	0.04344450400094502	32.436224	done	1.355677	0.9339309289935045	76.357632	done	0.048619	0.051508770004147664	32.657408
svcomp2025-termination-monotone-hulls-integralized/nla-digbench/hard-u1d9ea7.i---hull-0_integralized.yml	done	0.040849	0.0429762449930422	32.202752	done	0.038454	0.04195832400000654	32.100352	done	1.417571	0.9788138820003951	77.209600	done	0.038425	0.04153113499341998	32.108544
svcomp2025-termination-monotone-hulls-integralized/nla-digbench/hard-u1d9ea7.i---hull-1_integralized.yml	done	0.045599	0.04760147599154152	32.301056	done	0.036528	0.03954206399794202	32.104448	done	1.406447	0.9719571210007416	77.418496	done	0.038515	0.041631512009189464	32.112640
svcomp2025-termination-monotone-hulls-integralized/nla-digbench/hard-u1d9ea7.i---hull-2_integralized.yml	done	0.048186	0.050595934997545555	32.780288	done	0.038465	0.04118118301266804	32.219136	done	1.342233	0.9329436050029472	77.058048	done	0.048515	0.05104982700140681	32.960512
svcomp2025-termination-monotone-hulls-integralized/nla-digbench/hard-u1d9ea7.i---hull-3_integralized.yml	done	0.04676	0.04957225199905224	32.493568	done	0.042113	0.04456901000230573	32.215040	done	1.322998	0.9201216350047616	77.316096	done	0.048814	0.05151182599365711	32.845824
svcomp2025-termination-monotone-hulls-integralized/nla-digbench-scaling/bresenham-ll_unwindbound100c0565e.i---hull-0_integralized.yml	done	0.192389	0.19563934198231436	32.972800	done	0.16887	0.1717763950000517	32.743424	TIMEOUT	31.153361	20.9003509030008	913.997824	done	15.274299	15.278999301997828	41.390080
svcomp2025-termination-monotone-hulls-integralized/nla-digbench-scaling/bresenham-ll_unwindbound100c0565e.i---hull-1_integralized.yml	done	0.180051	0.18309521599439904	32.849920	done	0.173704	0.17673159400874283	32.481280	TIMEOUT	30.927728	21.01968712899543	883.789824	done	15.927866	15.932960530000855	41.394176
svcomp2025-termination-monotone-hulls-integralized/nla-digbench-scaling/bresenham-ll_unwindbound100c0565e.i---hull-2_integralized.yml	done	0.034434	0.036991567991208285	31.920128	done	0.032748	0.03551992500433698	31.772672	TIMEOUT	30.998393	21.01019204700424	881.803264	done	0.034231	0.036760547998710535	31.776768
svcomp2025-termination-monotone-hulls-integralized/nla-digbench-scaling/bresenham-ll_unwindbound100c0565e.i---hull-3_integralized.yml	done	0.038605	0.04122739998274483	31.809536	done	0.036724	0.03925127300317399	31.780864	TIMEOUT	30.875437	21.070151504987734	883.437568	done	0.040876	0.043516689009265974	31.784960
svcomp2025-termination-monotone-hulls-integralized/nla-digbench-scaling/bresenham-ll_unwindbound103065ca.i---hull-0_integralized.yml	done	0.044414	0.04784592101350427	32.337920	done	0.040793	0.04354771500220522	32.186368	done	5.27453	3.3616681590065127	135.204864	done	0.160085	0.1627670629968634	34.836480
svcomp2025-termination-monotone-hulls-integralized/nla-digbench-scaling/bresenham-ll_unwindbound103065ca.i---hull-1_integralized.yml	done	0.047488	0.050239791977219284	32.342016	done	0.040452	0.042906933013000526	32.051200	done	5.154323	3.290570567987743	135.782400	done	0.15325	0.1559342149994336	34.574336
svcomp2025-termination-monotone-hulls-integralized/nla-digbench-scaling/bresenham-ll_unwindbound103065ca.i---hull-2_integralized.yml	done	0.035708	0.03905044501880184	32.178176	done	0.034364	0.0374402400047984	31.756288	done	5.106643	3.305731143002049	136.044544	done	0.032524	0.03423248000035528	31.780864
svcomp2025-termination-monotone-hulls-integralized/nla-digbench-scaling/bresenham-ll_unwindbound103065ca.i---hull-3_integralized.yml	done	0.040412	0.04347021397552453	31.916032	done	0.032083	0.0349357379891444	31.768576	done	5.251033	3.4419243229931453	135.708672	done	0.033659	0.036566166003467515	32.034816
svcomp2025-termination-monotone-hulls-integralized/nla-digbench-scaling/bresenham-ll_unwindbound2066bd57.i---hull-0_integralized.yml	done	0.062497	0.06573652100632899	33.157120	done	0.051658	0.05489267200755421	32.505856	done	11.796248	7.678536249004537	257.351680	done	0.415003	0.41802204500709195	36.532224
svcomp2025-termination-monotone-hulls-integralized/nla-digbench-scaling/bresenham-ll_unwindbound2066bd57.i---hull-1_integralized.yml	done	0.061966	0.06399966700701043	32.890880	done	0.058437	0.06042709400935564	32.481280	done	11.374783	7.314491580007598	256.692224	done	0.397077	0.40115924399287906	36.683776
svcomp2025-termination-monotone-hulls-integralized/nla-digbench-scaling/bresenham-ll_unwindbound2066bd57.i---hull-2_integralized.yml	done	0.034867	0.0374536250019446	32.169984	done	0.033992	0.036146252998150885	31.768576	done	11.600373	7.562339937998331	258.748416	done	0.036402	0.03903469599026721	31.899648
svcomp2025-termination-monotone-hulls-integralized/nla-digbench-scaling/bresenham-ll_unwindbound2066bd57.i---hull-3_integralized.yml	done	0.033557	0.03634917302406393	31.797248	done	0.032403	0.03481660899706185	31.756288	done	12.077806	7.9474548940052046	258.998272	done	0.033879	0.03636200199252926	31.776768
svcomp2025-termination-monotone-hulls-integralized/nla-digbench-scaling/bresenham-ll_unwindbound50330a6b.i---hull-0_integralized.yml	done	0.072415	0.07457305700518191	32.681984	done	0.062291	0.06512798499898054	32.403456	TIMEOUT	31.29405	20.71061851400009	717.332480	done	12.677449	12.681997178995516	40.091648
svcomp2025-termination-monotone-hulls-integralized/nla-digbench-scaling/bresenham-ll_unwindbound50330a6b.i---hull-1_integralized.yml	done	0.072784	0.07523069001035765	32.681984	done	0.064266	0.06696552500943653	32.419840	TIMEOUT	31.458152	20.614882977999514	718.147584	done	12.586056	12.592526879001525	40.230912
svcomp2025-termination-monotone-hulls-integralized/nla-digbench-scaling/bresenham-ll_unwindbound50330a6b.i---hull-2_integralized.yml	done	0.035311	0.03851621100329794	32.194560	done	0.031866	0.034747789992252365	31.944704	TIMEOUT	30.777296	20.14814355300041	718.614528	done	0.037838	0.04059488500934094	31.776768
svcomp2025-termination-monotone-hulls-integralized/nla-digbench-scaling/bresenham-ll_unwindbound50330a6b.i---hull-3_integralized.yml	done	0.03421	0.03718504900461994	31.801344	done	0.032873	0.03552285199111793	32.026624	TIMEOUT	31.278845	20.595975586009445	717.316096	done	0.033494	0.035947003998444416	31.776768
svcomp2025-termination-monotone-hulls-integralized/nla-digbench-scaling/bresenham-ll_unwindbound5b8726e.i---hull-0_integralized.yml	done	0.069572	0.07271690599736758	33.116160	done	0.056935	0.0597094099939568	32.870400	done	1.635552	1.0530003470048541	73.121792	done	0.18208	0.18513607799832243	34.385920
svcomp2025-termination-monotone-hulls-integralized/nla-digbench-scaling/bresenham-ll_unwindbound5b8726e.i---hull-1_integralized.yml	done	0.069154	0.07202195699210279	33.484800	done	0.057282	0.05974626500392333	32.894976	done	1.704788	1.108673248993	72.482816	done	0.196506	0.20041770600073505	34.394112
svcomp2025-termination-monotone-hulls-integralized/nla-digbench-scaling/bresenham-ll_unwindbound5b8726e.i---hull-2_integralized.yml	done	0.044384	0.04766286100493744	31.801344	done	0.035021	0.03723202100081835	31.760384	done	1.652151	1.0680202649964485	73.400320	done	0.033719	0.03595132900227327	32.083968
svcomp2025-termination-monotone-hulls-integralized/nla-digbench-scaling/bresenham-ll_unwindbound5b8726e.i---hull-3_integralized.yml	done	0.03563	0.038389035005820915	31.879168	done	0.036757	0.038585240006796084	31.887360	done	1.673223	1.082034544000635	72.888320	done	0.033827	0.03626910300226882	31.772672
svcomp2025-termination-monotone-hulls-integralized/nla-digbench-scaling/dijkstra-u_unwindbound1008fedd5.i---hull-0_integralized.yml	done	0.108587	0.11173023501760326	35.188736	done	0.060267	0.06349085400870536	33.423360	TIMEOUT	31.071291	19.481794319988694	491.810816	done	1.912779	1.916027439001482	56.401920
svcomp2025-termination-monotone-hulls-integralized/nla-digbench-scaling/dijkstra-u_unwindbound1008fedd5.i---hull-1_integralized.yml	done	0.115453	0.11837820001528598	35.176448	done	0.0602	0.06289640998875257	33.701888	TIMEOUT	30.795646	19.606446056001005	477.298688	done	1.894602	1.898202771000797	56.279040
svcomp2025-termination-monotone-hulls-integralized/nla-digbench-scaling/dijkstra-u_unwindbound1008fedd5.i---hull-2_integralized.yml	done	0.089008	0.09174047500710003	34.455552	done	0.065917	0.06922669999767095	33.476608	TIMEOUT	31.028183	19.468858558000647	472.465408	done	0.091976	0.09484951199556235	34.590720
svcomp2025-termination-monotone-hulls-integralized/nla-digbench-scaling/dijkstra-u_unwindbound1008fedd5.i---hull-3_integralized.yml	done	0.094484	0.09702495200326666	34.353152	done	0.062765	0.06506582000292838	33.411072	TIMEOUT	31.101015	19.466193130996544	478.117888	done	0.10205	0.1052109809970716	34.582528
svcomp2025-termination-monotone-hulls-integralized/nla-digbench-scaling/dijkstra-u_unwindbound1075d40a.i---hull-0_integralized.yml	done	0.11063	0.11400982501800172	34.926592	done	0.064076	0.06770618699374609	33.439744	TIMEOUT	30.700227	19.647308521001833	477.016064	done	0.331291	0.3342307850107318	39.354368
svcomp2025-termination-monotone-hulls-integralized/nla-digbench-scaling/dijkstra-u_unwindbound1075d40a.i---hull-1_integralized.yml	done	0.107408	0.11001065600430593	34.910208	done	0.061983	0.06470638800237793	33.685504	TIMEOUT	30.989933	19.541108586010523	494.153728	done	0.339932	0.3426261240092572	39.292928
svcomp2025-termination-monotone-hulls-integralized/nla-digbench-scaling/dijkstra-u_unwindbound1075d40a.i---hull-2_integralized.yml	done	0.091538	0.09413942799437791	34.373632	done	0.063754	0.06561121599224862	33.488896	TIMEOUT	31.075096	19.518382459995337	473.788416	done	0.094197	0.0974675759935053	34.627584
svcomp2025-termination-monotone-hulls-integralized/nla-digbench-scaling/dijkstra-u_unwindbound1075d40a.i---hull-3_integralized.yml	done	0.088924	0.09201599401421845	34.152448	done	0.061095	0.06338119201245718	33.456128	TIMEOUT	31.129094	19.48329014299088	474.316800	done	0.109007	0.11164697300409898	34.570240
svcomp2025-termination-monotone-hulls-integralized/nla-digbench-scaling/dijkstra-u_unwindbound201e882d.i---hull-0_integralized.yml	done	0.10949	0.1128844199993182	34.848768	done	0.059831	0.06269501100177877	33.411072	TIMEOUT	31.192205	19.46022245399945	497.225728	done	0.433395	0.4366464240010828	39.669760
svcomp2025-termination-monotone-hulls-integralized/nla-digbench-scaling/dijkstra-u_unwindbound201e882d.i---hull-1_integralized.yml	done	0.109686	0.11229369600187056	34.840576	done	0.06089	0.06348532599804457	33.427456	TIMEOUT	31.024809	19.50356977499905	491.167744	done	0.431192	0.43488191500364337	39.682048
svcomp2025-termination-monotone-hulls-integralized/nla-digbench-scaling/dijkstra-u_unwindbound201e882d.i---hull-2_integralized.yml	done	0.094078	0.096382060990436	34.156544	done	0.061718	0.06381797399080824	33.554432	TIMEOUT	30.997742	19.479934137008968	480.882688	done	0.087983	0.09045919000345748	34.689024
svcomp2025-termination-monotone-hulls-integralized/nla-digbench-scaling/dijkstra-u_unwindbound201e882d.i---hull-3_integralized.yml	done	0.085345	0.08834151100018062	34.160640	done	0.065865	0.06848989900026936	34.131968	TIMEOUT	31.095065	19.452255201991647	483.012608	done	0.101533	0.10444180200283881	34.852864
svcomp2025-termination-monotone-hulls-integralized/nla-digbench-scaling/dijkstra-u_unwindbound22d8663.i---hull-0_integralized.yml	done	0.092132	0.0949766369885765	34.435072	done	0.058363	0.06039373099338263	33.427456	TIMEOUT	31.09563	19.199178512004437	469.434368	done	0.080194	0.08342421198904049	33.984512
svcomp2025-termination-monotone-hulls-integralized/nla-digbench-scaling/dijkstra-u_unwindbound22d8663.i---hull-1_integralized.yml	done	0.092678	0.09554638300323859	34.172928	done	0.059192	0.06191766601114068	33.308672	TIMEOUT	30.823132	19.060697754001012	469.995520	done	0.077014	0.07990698399953544	34.111488
svcomp2025-termination-monotone-hulls-integralized/nla-digbench-scaling/dijkstra-u_unwindbound22d8663.i---hull-2_integralized.yml	done	0.092346	0.09503577699069865	34.152448	done	0.062902	0.06543167898780666	33.460224	TIMEOUT	31.036523	19.200329535000492	466.202624	done	0.0932	0.09568222599045839	34.598912
svcomp2025-termination-monotone-hulls-integralized/nla-digbench-scaling/dijkstra-u_unwindbound22d8663.i---hull-3_integralized.yml	done	0.086517	0.08881810199818574	34.148352	done	0.07245	0.07472415700613055	33.824768	TIMEOUT	31.105174	19.191598499004613	463.454208	done	0.097375	0.10015730401210021	34.582528
svcomp2025-termination-monotone-hulls-integralized/nla-digbench-scaling/dijkstra-u_unwindbound50acc6ee.i---hull-0_integralized.yml	done	0.11056	0.11312223700224422	34.869248	done	0.059491	0.06222323200199753	33.423360	TIMEOUT	31.146365	19.451318224004353	490.856448	done	0.894251	0.8981006410031114	45.424640
svcomp2025-termination-monotone-hulls-integralized/nla-digbench-scaling/dijkstra-u_unwindbound50acc6ee.i---hull-1_integralized.yml	done	0.11172	0.11431624801480211	35.115008	done	0.064247	0.0667246530065313	33.415168	TIMEOUT	31.17492	19.466356678996817	494.034944	done	0.956495	0.9601539239956765	45.641728
svcomp2025-termination-monotone-hulls-integralized/nla-digbench-scaling/dijkstra-u_unwindbound50acc6ee.i---hull-2_integralized.yml	done	0.087867	0.09078660397790372	34.156544	done	0.061504	0.06430995400296524	33.439744	TIMEOUT	31.11547	19.424691189997247	476.065792	done	0.09632	0.09983915099292062	34.648064
svcomp2025-termination-monotone-hulls-integralized/nla-digbench-scaling/dijkstra-u_unwindbound50acc6ee.i---hull-3_integralized.yml	done	0.087721	0.0910476999997627	34.189312	done	0.066661	0.06903608700667974	33.705984	TIMEOUT	31.159324	19.452798723999877	476.499968	done	0.101335	0.10427576200163458	34.582528
svcomp2025-termination-monotone-hulls-integralized/nla-digbench-scaling/dijkstra-u_unwindbound513c1f7.i---hull-0_integralized.yml	done	0.110739	0.11341154400724918	34.947072	done	0.068262	0.07096296899544541	33.501184	TIMEOUT	31.129581	19.442027458993834	496.615424	done	0.123558	0.12654094699246343	35.483648
svcomp2025-termination-monotone-hulls-integralized/nla-digbench-scaling/dijkstra-u_unwindbound513c1f7.i---hull-1_integralized.yml	done	0.113125	0.11605229301494546	34.979840	done	0.062352	0.0651660759904189	33.464320	TIMEOUT	31.066689	19.495127053000033	496.381952	done	0.13117	0.13416057100403123	35.385344
svcomp2025-termination-monotone-hulls-integralized/nla-digbench-scaling/dijkstra-u_unwindbound513c1f7.i---hull-2_integralized.yml	done	0.094026	0.09670267600449733	34.512896	done	0.061785	0.06481308198999614	33.435648	TIMEOUT	30.861355	19.592700432011043	465.555456	done	0.092731	0.09528296900680289	34.893824
svcomp2025-termination-monotone-hulls-integralized/nla-digbench-scaling/dijkstra-u_unwindbound513c1f7.i---hull-3_integralized.yml	done	0.086748	0.08964195198495872	34.279424	done	0.06358	0.06666975199186709	33.411072	TIMEOUT	31.001438	19.502956438009278	469.745664	done	0.104091	0.10753005500009749	34.783232
svcomp2025-termination-monotone-hulls-integralized/nla-digbench-scaling/dijkstra-u_valuebound100108d8c.i---hull-0_integralized.yml	done	0.065883	0.06872661600937136	33.251328	done	0.047792	0.05069622999872081	32.645120	done	18.516267	12.130545788997551	390.037504	done	0.078445	0.08148941201216076	33.894400
svcomp2025-termination-monotone-hulls-integralized/nla-digbench-scaling/dijkstra-u_valuebound100108d8c.i---hull-1_integralized.yml	done	0.061876	0.0641690330230631	33.161216	done	0.045176	0.047622903002775274	32.702464	done	18.367484	12.023070462004398	390.721536	done	0.075381	0.07777207199251279	33.918976
svcomp2025-termination-monotone-hulls-integralized/nla-digbench-scaling/dijkstra-u_valuebound100108d8c.i---hull-2_integralized.yml	done	0.099937	0.10312760100350715	34.467840	done	0.068381	0.07107286200334784	33.681408	done	17.977051	12.093880550994072	390.893568	done	0.111504	0.11420616699615493	35.491840
svcomp2025-termination-monotone-hulls-integralized/nla-digbench-scaling/dijkstra-u_valuebound100108d8c.i---hull-3_integralized.yml	done	0.104987	0.10939389001578093	34.525184	done	0.06684	0.06957621399487834	33.570816	done	18.056192	12.217626947007375	390.279168	done	0.116216	0.11908781099191401	35.352576
svcomp2025-termination-monotone-hulls-integralized/nla-digbench-scaling/dijkstra-u_valuebound10f1caa5.i---hull-0_integralized.yml	done	0.059547	0.06210719799855724	33.263616	done	0.046643	0.049073128000600263	32.935936	done	18.815152	12.350944773992524	390.590464	done	0.077204	0.0794790660002036	33.996800
svcomp2025-termination-monotone-hulls-integralized/nla-digbench-scaling/dijkstra-u_valuebound10f1caa5.i---hull-1_integralized.yml	done	0.059756	0.06240539799910039	33.165312	done	0.044799	0.04721737799991388	32.645120	done	18.597458	12.18004926800495	390.086656	done	0.079428	0.08221985399723053	34.385920
svcomp2025-termination-monotone-hulls-integralized/nla-digbench-scaling/dijkstra-u_valuebound10f1caa5.i---hull-2_integralized.yml	done	0.095832	0.09854406901285984	34.369536	done	0.067081	0.06939571601105854	33.570816	done	17.804527	11.920169641991379	390.238208	done	0.113992	0.11682917000143789	35.315712
svcomp2025-termination-monotone-hulls-integralized/nla-digbench-scaling/dijkstra-u_valuebound10f1caa5.i---hull-3_integralized.yml	done	0.096806	0.09988967201206833	34.504704	done	0.070385	0.07256157899973914	33.800192	done	18.004195	12.070899938000366	390.717440	done	0.110769	0.1132632399967406	35.254272
svcomp2025-termination-monotone-hulls-integralized/nla-digbench-scaling/dijkstra-u_valuebound19ff577.i---hull-0_integralized.yml	done	0.062338	0.06493875000160187	33.419264	done	0.043718	0.04601254100271035	32.903168	done	18.423607	12.090160829000524	390.111232	done	0.073651	0.0767711060034344	33.898496
svcomp2025-termination-monotone-hulls-integralized/nla-digbench-scaling/dijkstra-u_valuebound19ff577.i---hull-1_integralized.yml	done	0.063782	0.06691053201211616	33.398784	done	0.043385	0.04627878000610508	32.636928	done	18.39221	12.053922742998111	390.176768	done	0.075959	0.07820096200157423	34.172928
svcomp2025-termination-monotone-hulls-integralized/nla-digbench-scaling/dijkstra-u_valuebound19ff577.i---hull-2_integralized.yml	done	0.104608	0.1078227859979961	34.242560	done	0.067586	0.07022868999047205	33.587200	done	17.800818	11.99071508499037	390.828032	done	0.114103	0.11713816200790461	35.250176
svcomp2025-termination-monotone-hulls-integralized/nla-digbench-scaling/dijkstra-u_valuebound19ff577.i---hull-3_integralized.yml	done	0.100744	0.10413091798545793	34.246656	done	0.066506	0.06910580200201366	33.832960	done	17.932497	12.05887963200803	390.676480	done	0.114676	0.11766642799193505	35.262464
svcomp2025-termination-monotone-hulls-integralized/nla-digbench-scaling/dijkstra-u_valuebound20690b4c.i---hull-0_integralized.yml	done	0.05979	0.0622487039945554	33.263616	done	0.044426	0.0471684920048574	32.710656	done	18.582426	12.184664982007234	390.422528	done	0.073476	0.07590604700089898	34.160640
svcomp2025-termination-monotone-hulls-integralized/nla-digbench-scaling/dijkstra-u_valuebound20690b4c.i---hull-1_integralized.yml	done	0.064365	0.06721661498886533	33.165312	done	0.046639	0.049099491006927565	32.817152	done	18.567541	12.191590061993338	390.594560	done	0.074845	0.07833788299467415	33.906688
svcomp2025-termination-monotone-hulls-integralized/nla-digbench-scaling/dijkstra-u_valuebound20690b4c.i---hull-2_integralized.yml	done	0.097299	0.1000076700001955	34.402304	done	0.070417	0.072904586995719	33.570816	done	17.899413	12.053043106992845	390.254592	done	0.110187	0.11274148899246939	35.262464
svcomp2025-termination-monotone-hulls-integralized/nla-digbench-scaling/dijkstra-u_valuebound20690b4c.i---hull-3_integralized.yml	done	0.098786	0.10142562401597388	34.263040	done	0.068489	0.07164940600341652	33.574912	done	18.206714	12.319480960999499	391.114752	done	0.111956	0.11457156398682855	35.250176
svcomp2025-termination-monotone-hulls-integralized/nla-digbench-scaling/dijkstra-u_valuebound272c2b6.i---hull-0_integralized.yml	done	0.064505	0.06696511802147143	33.169408	done	0.044542	0.047161482987576164	32.649216	done	18.591926	12.181873000998166	391.008256	done	0.076736	0.07923956500599161	33.898496
svcomp2025-termination-monotone-hulls-integralized/nla-digbench-scaling/dijkstra-u_valuebound272c2b6.i---hull-1_integralized.yml	done	0.075396	0.0785950550052803	33.390592	done	0.043989	0.04670886500389315	32.657408	done	18.541754	12.099419698002748	390.041600	done	0.075816	0.07830515700334217	34.156544
svcomp2025-termination-monotone-hulls-integralized/nla-digbench-scaling/dijkstra-u_valuebound272c2b6.i---hull-2_integralized.yml	done	0.092712	0.09547494299476966	34.516992	done	0.072498	0.07536596899444703	34.271232	done	17.923995	12.068883489992004	390.524928	done	0.117717	0.12044130399590358	35.262464
svcomp2025-termination-monotone-hulls-integralized/nla-digbench-scaling/dijkstra-u_valuebound272c2b6.i---hull-3_integralized.yml	done	0.093477	0.09674244199413806	34.258944	done	0.066964	0.06955743899743538	33.579008	done	17.836356	11.941696565001621	390.311936	done	0.121821	0.12501469600829296	35.250176
svcomp2025-termination-monotone-hulls-integralized/nla-digbench-scaling/dijkstra-u_valuebound5038749b.i---hull-0_integralized.yml	done	0.062297	0.06473754701437429	33.505280	done	0.044029	0.0467975820065476	32.649216	done	18.456533	12.080407432993525	390.082560	done	0.078231	0.0811883230053354	34.091008
svcomp2025-termination-monotone-hulls-integralized/nla-digbench-scaling/dijkstra-u_valuebound5038749b.i---hull-1_integralized.yml	done	0.063118	0.06522949098143727	33.243136	done	0.043331	0.04656106799666304	32.894976	done	18.543786	12.124879291004618	390.410240	done	0.080371	0.08292834700841922	33.898496
svcomp2025-termination-monotone-hulls-integralized/nla-digbench-scaling/dijkstra-u_valuebound5038749b.i---hull-2_integralized.yml	done	0.095327	0.0983606539957691	34.246656	done	0.066214	0.06893945000774693	33.714176	done	18.051946	12.212427186997957	390.438912	done	0.113447	0.11613350400875788	35.483648
svcomp2025-termination-monotone-hulls-integralized/nla-digbench-scaling/dijkstra-u_valuebound5038749b.i---hull-3_integralized.yml	done	0.09908	0.10227637900970876	34.258944	done	0.068347	0.0712574999924982	33.816576	done	17.842416	11.989577112006373	391.131136	done	0.112953	0.11582756999996491	35.250176
svcomp2025-termination-monotone-hulls-integralized/nla-digbench-scaling/dijkstra-u_valuebound5d65948.i---hull-0_integralized.yml	done	0.068965	0.07187197598977946	33.169408	done	0.044183	0.04639041800692212	32.649216	done	18.452245	12.19377332100703	390.111232	done	0.07327	0.07536779598740395	34.160640
svcomp2025-termination-monotone-hulls-integralized/nla-digbench-scaling/dijkstra-u_valuebound5d65948.i---hull-1_integralized.yml	done	0.063365	0.06546362701919861	33.275904	done	0.043276	0.0455690480011981	32.641024	done	19.040811	12.558564773993567	389.820416	done	0.076049	0.07905809300427791	33.980416
svcomp2025-termination-monotone-hulls-integralized/nla-digbench-scaling/dijkstra-u_valuebound5d65948.i---hull-2_integralized.yml	done	0.099542	0.10257944598561153	34.680832	done	0.068556	0.07203265398857184	33.570816	done	18.027762	12.199065395994694	390.422528	done	0.11244	0.11605583000346087	35.250176
svcomp2025-termination-monotone-hulls-integralized/nla-digbench-scaling/dijkstra-u_valuebound5d65948.i---hull-3_integralized.yml	done	0.100999	0.10361579299205914	34.287616	done	0.064734	0.06755978100409266	33.587200	done	18.693422	12.81452513000113	391.495680	done	0.111558	0.11474671500036493	35.250176
svcomp2025-termination-monotone-hulls-integralized/nla-digbench-scaling/egcd2-ll_unwindbound1004e08d6.i---hull-14_integralized.yml	done	0.058462	0.06146018800791353	33.144832	done	0.044334	0.047516808001091704	32.796672	done	0.090033	0.09299826800997835	43.962368	done	1.898343	1.9011836009885883	53.907456
svcomp2025-termination-monotone-hulls-integralized/nla-digbench-scaling/egcd2-ll_unwindbound1004e08d6.i---hull-15_integralized.yml	done	0.057371	0.060078312002588063	33.140736	done	0.044147	0.04670722001173999	33.058816	done	0.088574	0.09141086399904452	44.036096	done	1.773123	1.7761665290017845	53.944320
svcomp2025-termination-monotone-hulls-integralized/nla-digbench-scaling/egcd2-ll_unwindbound1004e08d6.i---hull-16_integralized.yml	done	0.076644	0.07910881299176253	33.275904	done	0.045519	0.04822137601149734	32.821248	done	0.087692	0.09014158298668917	43.769856	done	1.544289	1.5500023439963115	58.998784
svcomp2025-termination-monotone-hulls-integralized/nla-digbench-scaling/egcd2-ll_unwindbound1004e08d6.i---hull-17_integralized.yml	done	0.05916	0.06222641799831763	33.296384	done	0.045753	0.04828966100467369	33.067008	done	0.083952	0.08668540700455196	43.651072	done	1.611144	1.6141426999965915	58.884096
svcomp2025-termination-monotone-hulls-integralized/nla-digbench-scaling/egcd2-ll_unwindbound1004e08d6.i---hull-18_integralized.yml	done	0.058166	0.06079205800779164	33.116160	done	0.044023	0.04642585299734492	32.804864	done	0.088825	0.09201884501089808	43.954176	done	2.061863	2.0657531209872104	56.786944
svcomp2025-termination-monotone-hulls-integralized/nla-digbench-scaling/egcd2-ll_unwindbound1004e08d6.i---hull-19_integralized.yml	done	0.057157	0.060402953007724136	33.341440	done	0.045442	0.048330373989301734	32.821248	done	0.085331	0.08747796800162178	43.958272	done	2.073555	2.077786472000298	56.791040
svcomp2025-termination-monotone-hulls-integralized/nla-digbench-scaling/egcd2-ll_unwindbound50c251ea.i---hull-14_integralized.yml	done	0.056209	0.05858939702739008	33.140736	done	0.04211	0.04453011399891693	32.808960	done	0.088252	0.0913367540051695	44.068864	done	1.007254	1.0110993089911062	46.366720
svcomp2025-termination-monotone-hulls-integralized/nla-digbench-scaling/egcd2-ll_unwindbound50c251ea.i---hull-15_integralized.yml	done	0.056275	0.05935728098847903	33.153024	done	0.043324	0.04656505599268712	32.808960	done	0.084935	0.0881959359976463	43.978752	done	1.012393	1.0152008139993995	46.424064
svcomp2025-termination-monotone-hulls-integralized/nla-digbench-scaling/fermat1-ll_unwindbound100e1a4e6.i---hull-24_integralized.yml	done	0.048443	0.05101117299636826	32.550912	done	0.041381	0.04436410799098667	32.661504	done	0.158447	0.12901682200026698	44.961792	done	1.227471	1.2306174549885327	49.549312
svcomp2025-termination-monotone-hulls-integralized/nla-digbench-scaling/fermat1-ll_unwindbound100e1a4e6.i---hull-25_integralized.yml	done	0.048935	0.052020057977642864	32.559104	done	0.043203	0.04582586500328034	32.354304	done	0.154731	0.1299904999905266	44.429312	done	1.231684	1.2358098260010593	49.909760
svcomp2025-termination-monotone-hulls-integralized/nla-digbench-scaling/fermat1-ll_unwindbound100e1a4e6.i---hull-28_integralized.yml	done	0.078009	0.08065338799497113	33.828864	done	0.059084	0.06199018900224473	33.107968	done	0.170657	0.1435359850001987	46.149632	done	2.517027	2.520900691000861	60.129280
svcomp2025-termination-monotone-hulls-integralized/nla-digbench-scaling/fermat1-ll_unwindbound100e1a4e6.i---hull-29_integralized.yml	done	0.080999	0.08437783899717033	33.824768	done	0.055111	0.05760602199006826	33.107968	done	0.165321	0.13913927000248805	46.145536	done	2.464386	2.4680720449978253	60.260352
svcomp2025-termination-monotone-hulls-integralized/nla-digbench-scaling/hard-ll_unwindbound1003a5334.i---hull-0_integralized.yml	done	0.048178	0.05057086201850325	32.686080	done	0.044871	0.04705965500033926	32.223232	done	5.267891	3.385818734008353	145.084416	done	0.549793	0.5528971320018172	44.720128
svcomp2025-termination-monotone-hulls-integralized/nla-digbench-scaling/hard-ll_unwindbound1003a5334.i---hull-1_integralized.yml	done	0.041173	0.04339735000394285	32.858112	done	0.040691	0.0433073400054127	32.337920	done	5.336449	3.470929397008149	145.539072	done	0.512053	0.5148919650091557	44.724224
svcomp2025-termination-monotone-hulls-integralized/nla-digbench-scaling/hard-ll_unwindbound1003a5334.i---hull-2_integralized.yml	done	0.053419	0.05567987301037647	32.694272	done	0.043529	0.04563591598707717	32.481280	done	5.22141	3.3916693280043546	146.305024	done	0.064776	0.06792385299922898	32.976896
svcomp2025-termination-monotone-hulls-integralized/nla-digbench-scaling/hard-ll_unwindbound1003a5334.i---hull-3_integralized.yml	done	0.051025	0.0536169639963191	32.837632	done	0.043215	0.04558202199405059	32.485376	done	5.283173	3.42243690599571	145.379328	done	0.054249	0.05724776900024153	33.058816
svcomp2025-termination-monotone-hulls-integralized/nla-digbench-scaling/hard-ll_unwindbound10bf03ee.i---hull-0_integralized.yml	done	0.04627	0.049423393997130916	32.657408	done	0.039852	0.04265345601015724	32.247808	done	5.248442	3.406654079997679	145.022976	done	0.061026	0.06424698600312695	33.333248
svcomp2025-termination-monotone-hulls-integralized/nla-digbench-scaling/hard-ll_unwindbound10bf03ee.i---hull-1_integralized.yml	done	0.041752	0.04459165901062079	32.657408	done	0.0386	0.041113858998869546	32.649216	done	5.641619	3.776333101995988	145.797120	done	0.06535	0.06821894299355336	33.366016
svcomp2025-termination-monotone-hulls-integralized/nla-digbench-scaling/hard-ll_unwindbound10bf03ee.i---hull-2_integralized.yml	done	0.050983	0.05366379502811469	32.759808	done	0.045162	0.04780320198915433	32.501760	done	5.330186	3.47360625800502	145.526784	done	0.053053	0.05599330199765973	33.239040
svcomp2025-termination-monotone-hulls-integralized/nla-digbench-scaling/hard-ll_unwindbound10bf03ee.i---hull-3_integralized.yml	done	0.096777	0.10207203699974343	32.776192	done	0.041803	0.04462523199617863	32.489472	done	5.316576	3.4701066139969043	145.473536	done	0.054442	0.05746484300470911	32.964608
svcomp2025-termination-monotone-hulls-integralized/nla-digbench-scaling/hard-ll_unwindbound208b1aa8.i---hull-0_integralized.yml	done	0.043229	0.04611048600054346	32.653312	done	0.037875	0.04047808200994041	32.251904	done	5.302872	3.4004670410067774	146.923520	done	0.090475	0.09279290000267792	34.689024
svcomp2025-termination-monotone-hulls-integralized/nla-digbench-scaling/hard-ll_unwindbound208b1aa8.i---hull-1_integralized.yml	done	0.042877	0.04540244702366181	32.399360	done	0.036673	0.039321383999777026	32.505856	done	5.252864	3.386678141003358	146.022400	done	0.090471	0.09302597599162254	34.697216
svcomp2025-termination-monotone-hulls-integralized/nla-digbench-scaling/hard-ll_unwindbound208b1aa8.i---hull-2_integralized.yml	done	0.050592	0.05326749701634981	32.948224	done	0.043472	0.046952445001807064	32.493568	done	5.229229	3.376212188988575	146.128896	done	0.055053	0.057881599001120776	32.980992
svcomp2025-termination-monotone-hulls-integralized/nla-digbench-scaling/hard-ll_unwindbound208b1aa8.i---hull-3_integralized.yml	done	0.052824	0.055479927017586306	32.940032	done	0.04199	0.04462592200434301	32.546816	done	5.327379	3.466076933997101	144.891904	done	0.063002	0.06567363601061516	32.985088
svcomp2025-termination-monotone-hulls-integralized/nla-digbench-scaling/hard-ll_unwindbound2781516.i---hull-0_integralized.yml	done	0.042474	0.0453233819862362	32.464896	done	0.040975	0.04354929500550497	32.448512	done	2.673668	1.7237372989911819	96.108544	done	0.040892	0.04324368499510456	32.260096
svcomp2025-termination-monotone-hulls-integralized/nla-digbench-scaling/hard-ll_unwindbound2781516.i---hull-1_integralized.yml	done	0.04681	0.049484185001347214	32.514048	done	0.040061	0.042415903008077294	32.182272	done	2.627364	1.7016992089920677	95.092736	done	0.041082	0.04401096000219695	32.243712
svcomp2025-termination-monotone-hulls-integralized/nla-digbench-scaling/hard-ll_unwindbound2781516.i---hull-2_integralized.yml	done	0.052702	0.055326386995147914	32.665600	done	0.042644	0.04482372698839754	32.526336	done	2.583122	1.6865241320047062	95.645696	done	0.055927	0.05968820299312938	33.202176
svcomp2025-termination-monotone-hulls-integralized/nla-digbench-scaling/hard-ll_unwindbound2781516.i---hull-3_integralized.yml	done	0.052867	0.0549108580162283	32.776192	done	0.042751	0.045538292004493997	32.743424	done	2.58312	1.6749784329877002	95.580160	done	0.061379	0.06414925599528942	33.214464
svcomp2025-termination-monotone-hulls-integralized/nla-digbench-scaling/hard-ll_unwindbound503d8a55.i---hull-0_integralized.yml	done	0.04455	0.04731619398808107	32.391168	done	0.035767	0.03845610700955149	32.235520	done	5.4204	3.570604487991659	145.874944	done	0.16809	0.17057868299889378	37.851136
svcomp2025-termination-monotone-hulls-integralized/nla-digbench-scaling/hard-ll_unwindbound503d8a55.i---hull-1_integralized.yml	done	0.042062	0.04490902801626362	32.501760	done	0.038544	0.041072026011534035	32.235520	done	5.387221	3.527948937000474	145.281024	done	0.163367	0.16605367300508078	38.006784
svcomp2025-termination-monotone-hulls-integralized/nla-digbench-scaling/hard-ll_unwindbound503d8a55.i---hull-2_integralized.yml	done	0.060632	0.06500964498263784	32.681984	done	0.048772	0.05071994700119831	33.099776	done	5.320177	3.4859315030043945	145.907712	done	0.05703	0.0592035500012571	32.964608
svcomp2025-termination-monotone-hulls-integralized/nla-digbench-scaling/hard-ll_unwindbound503d8a55.i---hull-3_integralized.yml	done	0.051331	0.053747202997328714	32.681984	done	0.041558	0.044358521001413465	32.485376	done	5.279665	3.4369431420054752	145.289216	done	0.055513	0.05858465799246915	33.062912
svcomp2025-termination-monotone-hulls-integralized/nla-digbench-scaling/hard-ll_unwindbound59000fb.i---hull-0_integralized.yml	done	0.04361	0.04622748401015997	32.866304	done	0.038404	0.04065087599155959	32.243712	done	5.349918	3.4365330719883787	145.215488	done	0.060803	0.06274633899738546	33.353728
svcomp2025-termination-monotone-hulls-integralized/nla-digbench-scaling/hard-ll_unwindbound59000fb.i---hull-1_integralized.yml	done	0.041712	0.04438750501140021	32.403456	done	0.036911	0.03956462199857924	32.243712	done	5.514324	3.643677291009226	145.252352	done	0.057684	0.06052325799828395	33.120256
svcomp2025-termination-monotone-hulls-integralized/nla-digbench-scaling/hard-ll_unwindbound59000fb.i---hull-2_integralized.yml	done	0.052846	0.05596463000983931	32.927744	done	0.050395	0.052769382993574254	32.489472	done	5.400466	3.589524301001802	145.379328	done	0.055679	0.05803241999819875	32.972800
svcomp2025-termination-monotone-hulls-integralized/nla-digbench-scaling/hard-ll_unwindbound59000fb.i---hull-3_integralized.yml	done	0.055604	0.05734905900317244	32.669696	done	0.044762	0.047618347001844086	32.481280	done	5.283044	3.444249898995622	146.399232	done	0.055521	0.05892898701131344	33.427456
svcomp2025-termination-monotone-hulls-integralized/nla-digbench-scaling/hard-ll_valuebound1002f8513.i---hull-0_integralized.yml	done	0.042833	0.04597217999980785	32.305152	done	0.041069	0.04369427700294182	32.108544	done	1.48722	1.0263515340047888	79.126528	done	0.03874	0.04065031500067562	32.362496
svcomp2025-termination-monotone-hulls-integralized/nla-digbench-scaling/hard-ll_valuebound1002f8513.i---hull-1_integralized.yml	done	0.043277	0.04625843800022267	32.432128	done	0.043481	0.045992387997102924	32.092160	done	1.38355	0.9738317989977077	77.692928	done	0.038142	0.04062909699860029	32.104448
svcomp2025-termination-monotone-hulls-integralized/nla-digbench-scaling/hard-ll_valuebound1002f8513.i---hull-2_integralized.yml	done	0.05171	0.054536984011065215	32.501760	done	0.039733	0.04216594999888912	32.215040	done	1.395232	0.9750526590069057	77.504512	done	0.054708	0.05757198701030575	32.591872
svcomp2025-termination-monotone-hulls-integralized/nla-digbench-scaling/hard-ll_valuebound1002f8513.i---hull-3_integralized.yml	done	0.046086	0.0491037129831966	32.493568	done	0.040283	0.04286127099476289	32.202752	done	1.353734	0.9227057210082421	78.786560	done	0.048087	0.05099903800874017	32.579584
svcomp2025-termination-monotone-hulls-integralized/nla-digbench-scaling/hard-ll_valuebound104ee9a5.i---hull-0_integralized.yml	done	0.051768	0.05412882400560193	32.182272	done	0.042375	0.04509610901004635	32.382976	done	1.392429	0.9638240610074718	77.778944	done	0.037089	0.03982447800808586	32.096256
svcomp2025-termination-monotone-hulls-integralized/nla-digbench-scaling/hard-ll_valuebound104ee9a5.i---hull-1_integralized.yml	done	0.047556	0.050155933015048504	32.182272	done	0.036542	0.038490363003802486	32.104448	done	1.439146	1.0085725139942952	77.680640	done	0.039692	0.04236725599912461	32.116736
svcomp2025-termination-monotone-hulls-integralized/nla-digbench-scaling/hard-ll_valuebound104ee9a5.i---hull-2_integralized.yml	done	0.045806	0.048677327984478325	32.751616	done	0.039416	0.04198543600796256	32.219136	done	1.356937	0.9343329169932986	77.815808	done	0.047927	0.050950368007761426	32.849920
svcomp2025-termination-monotone-hulls-integralized/nla-digbench-scaling/hard-ll_valuebound104ee9a5.i---hull-3_integralized.yml	done	0.047931	0.05031299599795602	32.407552	done	0.039805	0.04208066000137478	32.219136	done	1.433328	1.002776126988465	77.889536	done	0.051	0.05457453499548137	32.841728
svcomp2025-termination-monotone-hulls-integralized/nla-digbench-scaling/hard-ll_valuebound2076f414.i---hull-0_integralized.yml	done	0.045784	0.04892490600468591	32.256000	done	0.03639	0.03909099500742741	32.182272	done	1.382482	0.9472283280047122	77.660160	done	0.041328	0.04373576400394086	32.116736
svcomp2025-termination-monotone-hulls-integralized/nla-digbench-scaling/hard-ll_valuebound2076f414.i---hull-1_integralized.yml	done	0.042381	0.04529688399634324	32.448512	done	0.038408	0.04060635800124146	32.096256	done	1.407628	0.9705545899923891	78.221312	done	0.038803	0.04138890199828893	32.468992
svcomp2025-termination-monotone-hulls-integralized/nla-digbench-scaling/hard-ll_valuebound2076f414.i---hull-2_integralized.yml	done	0.047698	0.05096153699560091	32.403456	done	0.041587	0.04387117599253543	32.210944	done	1.340652	0.9295404849981423	78.204928	done	0.048004	0.05098125299264211	32.686080
svcomp2025-termination-monotone-hulls-integralized/nla-digbench-scaling/hard-ll_valuebound2076f414.i---hull-3_integralized.yml	done	0.047826	0.0506372690142598	32.669696	done	0.04245	0.04482077099964954	32.210944	done	1.339696	0.9295187020034064	77.529088	done	0.054017	0.05675020501075778	32.583680
svcomp2025-termination-monotone-hulls-integralized/nla-digbench-scaling/hard-ll_valuebound2359ac6.i---hull-0_integralized.yml	done	0.041747	0.044468912994489074	32.555008	done	0.042767	0.045594265990075655	32.358400	done	1.38047	0.9549074529932113	78.204928	done	0.044948	0.047638931006076746	32.120832
svcomp2025-termination-monotone-hulls-integralized/nla-digbench-scaling/hard-ll_valuebound2359ac6.i---hull-1_integralized.yml	done	0.046564	0.04903626500163227	32.182272	done	0.038336	0.04101603300659917	32.096256	done	1.354999	0.9313776550116017	77.787136	done	0.039315	0.041456828999798745	32.100352
svcomp2025-termination-monotone-hulls-integralized/nla-digbench-scaling/hard-ll_valuebound2359ac6.i---hull-2_integralized.yml	done	0.047517	0.05036749198916368	32.477184	done	0.042527	0.04485380699043162	32.219136	done	1.326063	0.9151920339936623	77.299712	done	0.047547	0.04953778600611258	32.587776
svcomp2025-termination-monotone-hulls-integralized/nla-digbench-scaling/hard-ll_valuebound2359ac6.i---hull-3_integralized.yml	done	0.045095	0.047888881992548704	32.694272	done	0.047595	0.04962039699603338	32.235520	done	1.335374	0.9256098850019043	76.685312	done	0.049327	0.05103945099108387	32.665600
svcomp2025-termination-monotone-hulls-integralized/nla-digbench-scaling/hard-ll_valuebound5049deb6.i---hull-0_integralized.yml	done	0.04634	0.04895503501757048	32.452608	done	0.039669	0.042622331995517015	32.153600	done	1.672506	1.228160596001544	77.111296	done	0.051088	0.05349820099945646	32.100352
svcomp2025-termination-monotone-hulls-integralized/nla-digbench-scaling/hard-ll_valuebound5049deb6.i---hull-1_integralized.yml	done	0.046527	0.0492168279888574	32.292864	done	0.036329	0.03952646200195886	32.100352	done	1.412493	0.9853633009915939	77.205504	done	0.038283	0.04127774700464215	32.096256
svcomp2025-termination-monotone-hulls-integralized/nla-digbench-scaling/hard-ll_valuebound5049deb6.i---hull-2_integralized.yml	done	0.050414	0.053443384007550776	32.542720	done	0.041047	0.0434059260005597	32.481280	done	1.364955	0.9451838380045956	78.348288	done	0.048899	0.05189556299592368	32.587776
svcomp2025-termination-monotone-hulls-integralized/nla-digbench-scaling/hard-ll_valuebound5049deb6.i---hull-3_integralized.yml	done	0.046724	0.04938400801620446	32.481280	done	0.0433	0.045546027991804294	32.215040	done	1.30711	0.9082978309888858	77.750272	done	0.049274	0.05128614000568632	32.587776
svcomp2025-termination-monotone-hulls-integralized/nla-digbench-scaling/hard-ll_valuebound5b211d0.i---hull-0_integralized.yml	done	0.043764	0.04637726198416203	32.194560	done	0.039357	0.04167056499863975	32.096256	done	1.423114	0.9905606219981564	77.742080	done	0.04222	0.04492091800784692	32.669696
svcomp2025-termination-monotone-hulls-integralized/nla-digbench-scaling/hard-ll_valuebound5b211d0.i---hull-1_integralized.yml	done	0.04337	0.04591616801917553	32.198656	done	0.036878	0.038672647991916165	32.100352	done	1.388103	0.9673091389995534	77.279232	done	0.038697	0.04094237499521114	32.112640
svcomp2025-termination-monotone-hulls-integralized/nla-digbench-scaling/hard-ll_valuebound5b211d0.i---hull-2_integralized.yml	done	0.04676	0.04925993399228901	32.403456	done	0.040095	0.04235831800906453	32.206848	done	1.366081	0.959518327988917	76.963840	done	0.049703	0.05264943599468097	32.657408
svcomp2025-termination-monotone-hulls-integralized/nla-digbench-scaling/hard-ll_valuebound5b211d0.i---hull-3_integralized.yml	done	0.048443	0.05119475899846293	32.690176	done	0.041064	0.04386079600953963	32.215040	done	1.343992	0.9289133249985753	77.545472	done	0.050572	0.053239508997648954	33.099776
svcomp2025-termination-monotone-hulls-integralized/nla-digbench-scaling/hard-u_unwindbound100baac46.i---hull-0_integralized.yml	done	0.040572	0.04299837400321849	32.399360	done	0.046479	0.04842752699914854	32.559104	done	5.29955	3.428357118013082	145.997824	done	0.501223	0.5042593529942678	44.724224
svcomp2025-termination-monotone-hulls-integralized/nla-digbench-scaling/hard-u_unwindbound100baac46.i---hull-1_integralized.yml	done	0.043596	0.04653890899498947	32.399360	done	0.037736	0.04084706399589777	32.563200	done	5.297474	3.4042701690050308	146.280448	done	0.512781	0.5156778289965587	44.814336
svcomp2025-termination-monotone-hulls-integralized/nla-digbench-scaling/hard-u_unwindbound100baac46.i---hull-2_integralized.yml	done	0.050546	0.053310048999264836	32.948224	done	0.044088	0.046639866995974444	32.731136	done	5.191655	3.3744807049952215	144.949248	done	0.055491	0.05821069699595682	32.972800
svcomp2025-termination-monotone-hulls-integralized/nla-digbench-scaling/hard-u_unwindbound100baac46.i---hull-3_integralized.yml	done	0.052862	0.054839731979882345	32.694272	done	0.049607	0.05248842900618911	32.616448	done	5.179461	3.371519502994488	145.653760	done	0.055557	0.058200140003464185	32.972800
svcomp2025-termination-monotone-hulls-integralized/nla-digbench-scaling/hard-u_unwindbound10f7cbb5.i---hull-0_integralized.yml	done	0.044608	0.04681812599301338	32.423936	done	0.037801	0.03993943799287081	32.243712	done	5.212185	3.372388324001804	144.863232	done	0.061716	0.06361209400347434	33.431552
svcomp2025-termination-monotone-hulls-integralized/nla-digbench-scaling/hard-u_unwindbound10f7cbb5.i---hull-1_integralized.yml	done	0.048214	0.0505580960016232	32.399360	done	0.048252	0.050659418004215695	32.243712	done	5.229213	3.3709681189939147	146.374656	done	0.060744	0.06321178800135385	33.325056
svcomp2025-termination-monotone-hulls-integralized/nla-digbench-scaling/hard-u_unwindbound10f7cbb5.i---hull-2_integralized.yml	done	0.052217	0.055353096016915515	32.657408	done	0.044821	0.04759274498792365	32.505856	done	5.189525	3.3873066259984626	145.018880	done	0.055639	0.05823434400372207	32.980992
svcomp2025-termination-monotone-hulls-integralized/nla-digbench-scaling/hard-u_unwindbound10f7cbb5.i---hull-3_integralized.yml	done	0.051287	0.05411232099868357	32.780288	done	0.042026	0.04461700198589824	32.493568	done	5.465608	3.538204880998819	144.814080	done	0.054517	0.056889336003223434	32.968704
svcomp2025-termination-monotone-hulls-integralized/nla-digbench-scaling/hard-u_unwindbound2067ac51.i---hull-0_integralized.yml	done	0.043264	0.04556189102004282	32.395264	done	0.03875	0.04155313200317323	32.468992	done	5.298616	3.403118538990384	146.202624	done	0.092616	0.0950932239938993	35.049472
svcomp2025-termination-monotone-hulls-integralized/nla-digbench-scaling/hard-u_unwindbound2067ac51.i---hull-1_integralized.yml	done	0.044017	0.04723140099667944	32.641024	done	0.03683	0.039652569001191296	32.243712	done	5.388439	3.476325812007417	146.087936	done	0.091232	0.09360152900626417	34.684928
svcomp2025-termination-monotone-hulls-integralized/nla-digbench-scaling/hard-u_unwindbound2067ac51.i---hull-2_integralized.yml	done	0.05329	0.05675530098960735	32.952320	done	0.051291	0.05372518200601917	32.485376	done	5.187695	3.3923829999985173	145.817600	done	0.056487	0.05933536699740216	32.980992
svcomp2025-termination-monotone-hulls-integralized/nla-digbench-scaling/hard-u_unwindbound2067ac51.i---hull-3_integralized.yml	done	0.05414	0.05701478899572976	32.784384	done	0.050662	0.05305110799963586	32.485376	done	5.191222	3.347245411001495	144.953344	done	0.058677	0.06065970700001344	32.976896
svcomp2025-termination-monotone-hulls-integralized/nla-digbench-scaling/hard-u_unwindbound2c2b0c0.i---hull-0_integralized.yml	done	0.04148	0.04402418801328167	32.780288	done	0.046351	0.04889609800011385	32.174080	done	2.650433	1.6998440110037336	95.076352	done	0.041561	0.04409637399658095	32.239616
svcomp2025-termination-monotone-hulls-integralized/nla-digbench-scaling/hard-u_unwindbound2c2b0c0.i---hull-1_integralized.yml	done	0.091167	0.09395596198737621	32.342016	done	0.037053	0.039783782995073125	32.186368	done	2.676769	1.7266961120039923	96.944128	done	0.03788	0.040757211012532935	32.260096
svcomp2025-termination-monotone-hulls-integralized/nla-digbench-scaling/hard-u_unwindbound2c2b0c0.i---hull-2_integralized.yml	done	0.055168	0.057954783987952396	32.944128	done	0.045099	0.04768270699423738	32.690176	done	2.627246	1.7141052759980084	95.457280	done	0.059845	0.062451786987367086	33.296384
svcomp2025-termination-monotone-hulls-integralized/nla-digbench-scaling/hard-u_unwindbound2c2b0c0.i---hull-3_integralized.yml	done	0.058762	0.060815765988081694	32.665600	done	0.043669	0.046186677005607635	32.493568	done	2.599472	1.6866079669998726	96.595968	done	0.055532	0.05799212399870157	32.944128
svcomp2025-termination-monotone-hulls-integralized/nla-digbench-scaling/hard-u_unwindbound5015833e.i---hull-0_integralized.yml	done	0.043183	0.04530471301404759	32.395264	done	0.0379	0.040615892998175696	32.272384	done	5.182097	3.328968612011522	145.989632	done	0.158325	0.1612861210014671	38.113280
svcomp2025-termination-monotone-hulls-integralized/nla-digbench-scaling/hard-u_unwindbound5015833e.i---hull-1_integralized.yml	done	0.04167	0.04378716001519933	32.657408	done	0.038035	0.040639143000589684	32.235520	done	5.193409	3.3324320319952676	145.915904	done	0.163657	0.16717818100005388	37.847040
svcomp2025-termination-monotone-hulls-integralized/nla-digbench-scaling/hard-u_unwindbound5015833e.i---hull-2_integralized.yml	done	0.051117	0.053820519999135286	32.681984	done	0.041858	0.04393165999499615	32.608256	done	5.222314	3.3994437679939438	145.022976	done	0.054664	0.0578333909943467	33.165312
svcomp2025-termination-monotone-hulls-integralized/nla-digbench-scaling/hard-u_unwindbound5015833e.i---hull-3_integralized.yml	done	0.052217	0.055320568004390225	32.784384	done	0.04436	0.04721477399289142	32.489472	done	5.156615	3.370057028005249	145.383424	done	0.053998	0.05661834699276369	32.976896
svcomp2025-termination-monotone-hulls-integralized/nla-digbench-scaling/hard-u_unwindbound5d74419.i---hull-0_integralized.yml	done	0.041365	0.04397534302552231	32.395264	done	0.038953	0.04125700501026586	32.243712	done	5.298064	3.4385263139993185	145.965056	done	0.058858	0.0632452510035364	33.325056
svcomp2025-termination-monotone-hulls-integralized/nla-digbench-scaling/hard-u_unwindbound5d74419.i---hull-1_integralized.yml	done	0.046102	0.04841562098590657	32.907264	done	0.038041	0.040067798996460624	32.243712	done	5.283614	3.397394510990125	145.694720	done	0.05927	0.06245406699599698	33.284096
svcomp2025-termination-monotone-hulls-integralized/nla-digbench-scaling/hard-u_unwindbound5d74419.i---hull-2_integralized.yml	done	0.052717	0.05544696902506985	33.026048	done	0.044359	0.04654897199361585	32.489472	done	5.252165	3.4079003839869983	146.034688	done	0.055146	0.057640566999907605	32.972800
svcomp2025-termination-monotone-hulls-integralized/nla-digbench-scaling/hard-u_unwindbound5d74419.i---hull-3_integralized.yml	done	0.051261	0.05445463498472236	33.009664	done	0.043663	0.04591386599349789	32.976896	done	5.180164	3.345329852993018	145.408000	done	0.054539	0.05706686800112948	33.091584
svcomp2025-termination-monotone-hulls-integralized/nla-digbench-scaling/hard-u_valuebound100fb1160.i---hull-0_integralized.yml	done	0.041286	0.04393375100335106	32.202752	done	0.040845	0.04252905699831899	32.333824	done	1.400748	0.9759247059992049	77.430784	done	0.039312	0.042296612009522505	32.198656
svcomp2025-termination-monotone-hulls-integralized/nla-digbench-scaling/hard-u_valuebound100fb1160.i---hull-1_integralized.yml	done	0.042553	0.04503672101418488	32.186368	done	0.040524	0.04403087799437344	32.247808	done	1.452219	1.0059622209955705	77.234176	done	0.038528	0.04165972700866405	32.178176
svcomp2025-termination-monotone-hulls-integralized/nla-digbench-scaling/hard-u_valuebound100fb1160.i---hull-2_integralized.yml	done	0.048611	0.051687747007235885	32.595968	done	0.041345	0.043268979992717505	32.210944	done	1.333512	0.916541116006556	78.438400	done	0.048679	0.05160330700164195	32.706560
svcomp2025-termination-monotone-hulls-integralized/nla-digbench-scaling/hard-u_valuebound100fb1160.i---hull-3_integralized.yml	done	0.047856	0.05046033198595978	32.448512	done	0.043422	0.045844888998544775	32.223232	done	1.36735	0.9413444969977718	78.508032	done	0.048867	0.05171544999757316	32.583680
svcomp2025-termination-monotone-hulls-integralized/nla-digbench-scaling/hard-u_valuebound10601635.i---hull-0_integralized.yml	done	0.041054	0.04310514099779539	32.186368	done	0.039798	0.04305213299812749	32.227328	done	1.387359	0.9544134049938293	77.746176	done	0.038727	0.04182973600109108	32.100352
svcomp2025-termination-monotone-hulls-integralized/nla-digbench-scaling/hard-u_valuebound10601635.i---hull-1_integralized.yml	done	0.04243	0.04470598298939876	32.182272	done	0.037865	0.04064022901002318	32.112640	done	1.396211	0.956478085994604	78.274560	done	0.039322	0.042371053001261316	32.116736
svcomp2025-termination-monotone-hulls-integralized/nla-digbench-scaling/hard-u_valuebound10601635.i---hull-2_integralized.yml	done	0.048095	0.05116254702443257	32.403456	done	0.040653	0.04307960098958574	32.284672	done	1.325372	0.9031495529925451	76.980224	done	0.047723	0.05017888100701384	32.579584
svcomp2025-termination-monotone-hulls-integralized/nla-digbench-scaling/hard-u_valuebound10601635.i---hull-3_integralized.yml	done	0.050656	0.05333998100832105	32.407552	done	0.040385	0.04287871401174925	32.219136	done	1.328489	0.9177756330027478	78.278656	done	0.049273	0.05208947199571412	32.849920
svcomp2025-termination-monotone-hulls-integralized/nla-digbench-scaling/hard-u_valuebound2071e738.i---hull-0_integralized.yml	done	0.042747	0.04535714699886739	32.190464	done	0.038056	0.040540718007832766	32.362496	done	1.389512	0.9532180319947656	77.905920	done	0.038186	0.041694829997140914	32.120832
svcomp2025-termination-monotone-hulls-integralized/nla-digbench-scaling/hard-u_valuebound2071e738.i---hull-1_integralized.yml	done	0.053535	0.05666811397532001	32.190464	done	0.038448	0.041586170002119616	32.100352	done	1.371797	0.9426055520016234	78.127104	done	0.040269	0.04366814000240993	32.096256
svcomp2025-termination-monotone-hulls-integralized/nla-digbench-scaling/hard-u_valuebound2071e738.i---hull-2_integralized.yml	done	0.047085	0.04976684699067846	32.411648	done	0.042449	0.044744278988218866	32.219136	done	1.330071	0.9032711100007873	76.808192	done	0.049811	0.052594990003854036	32.575488
svcomp2025-termination-monotone-hulls-integralized/nla-digbench-scaling/hard-u_valuebound2071e738.i---hull-3_integralized.yml	done	0.046753	0.049259456020081416	32.415744	done	0.040716	0.04317859800357837	32.206848	done	1.33675	0.9336130570009118	77.844480	done	0.051547	0.053748913007439114	32.583680
svcomp2025-termination-monotone-hulls-integralized/nla-digbench-scaling/hard-u_valuebound2908559.i---hull-0_integralized.yml	done	0.040989	0.0431918419781141	32.190464	done	0.046021	0.04879102100676391	32.104448	done	1.384108	0.9523611079930561	76.656640	done	0.039055	0.04181814599724021	32.215040
svcomp2025-termination-monotone-hulls-integralized/nla-digbench-scaling/hard-u_valuebound2908559.i---hull-1_integralized.yml	done	0.055785	0.05858455199631862	32.280576	done	0.038719	0.040908498005592264	32.100352	done	1.37714	0.9533392110024579	77.451264	done	0.039403	0.041877145995385945	32.112640
svcomp2025-termination-monotone-hulls-integralized/nla-digbench-scaling/hard-u_valuebound2908559.i---hull-2_integralized.yml	done	0.048092	0.050700296997092664	32.522240	done	0.040503	0.0429358429973945	32.481280	done	1.358262	0.9436097059951862	78.110720	done	0.048912	0.050885179996839724	32.575488
svcomp2025-termination-monotone-hulls-integralized/nla-digbench-scaling/hard-u_valuebound2908559.i---hull-3_integralized.yml	done	0.045748	0.04837289999704808	32.415744	done	0.04106	0.04352012999879662	32.206848	done	1.356147	0.948403345013503	78.229504	done	0.049677	0.0517502189904917	32.583680
svcomp2025-termination-monotone-hulls-integralized/nla-digbench-scaling/hard-u_valuebound500b4745.i---hull-0_integralized.yml	done	0.04139	0.043690689984941855	32.194560	done	0.038466	0.04021007199480664	32.096256	done	1.394825	0.9652336709987139	77.533184	done	0.03796	0.040781187009997666	32.112640
svcomp2025-termination-monotone-hulls-integralized/nla-digbench-scaling/hard-u_valuebound500b4745.i---hull-1_integralized.yml	done	0.041964	0.0445203380077146	32.186368	done	0.050269	0.052733033007825725	32.108544	done	1.403832	0.9659000210085651	77.361152	done	0.038679	0.04157189599936828	32.116736
svcomp2025-termination-monotone-hulls-integralized/nla-digbench-scaling/hard-u_valuebound500b4745.i---hull-2_integralized.yml	done	0.047502	0.05002634599804878	32.534528	done	0.046913	0.049212540994631127	32.223232	done	1.324964	0.9158338199922582	78.598144	done	0.04941	0.05228729799273424	32.583680
svcomp2025-termination-monotone-hulls-integralized/nla-digbench-scaling/hard-u_valuebound500b4745.i---hull-3_integralized.yml	done	0.049515	0.05209650902543217	32.428032	done	0.047503	0.04909512599988375	32.210944	done	1.31537	0.9068931029905798	77.631488	done	0.049635	0.05296280499896966	32.587776
svcomp2025-termination-monotone-hulls-integralized/nla-digbench-scaling/hard-u_valuebound57fdc75.i---hull-0_integralized.yml	done	0.043592	0.0463614969921764	32.317440	done	0.038405	0.04137589300808031	32.149504	done	1.379467	0.9554802639904665	78.258176	done	0.039179	0.04198804699990433	32.206848
svcomp2025-termination-monotone-hulls-integralized/nla-digbench-scaling/hard-u_valuebound57fdc75.i---hull-1_integralized.yml	done	0.043269	0.04557559499517083	32.448512	done	0.036449	0.03947994900227059	32.104448	done	1.398157	0.9586362690024544	77.193216	done	0.03832	0.04123264898953494	32.108544
svcomp2025-termination-monotone-hulls-integralized/nla-digbench-scaling/hard-u_valuebound57fdc75.i---hull-2_integralized.yml	done	0.046879	0.04980610799975693	32.403456	done	0.040415	0.04293218099337537	32.206848	done	1.381273	0.9580747909931233	78.798848	done	0.047685	0.04974974899960216	32.575488
svcomp2025-termination-monotone-hulls-integralized/nla-digbench-scaling/hard-u_valuebound57fdc75.i---hull-3_integralized.yml	done	0.047167	0.04998789099045098	32.403456	done	0.041887	0.04410858699702658	32.210944	done	1.355499	0.921358068997506	77.479936	done	0.049965	0.05234308500075713	32.583680
svcomp2025-termination-monotone-hulls-integralized/nla-digbench-scaling/hard2_unwindbound10000a828.i---hull-0_integralized.yml	done	0.049802	0.0530728769954294	32.567296	done	0.041152	0.04447231598896906	32.337920	done	3.016417	1.9232041640061652	104.235008	done	0.27428	0.27699309699528385	39.428096
svcomp2025-termination-monotone-hulls-integralized/nla-digbench-scaling/hard2_unwindbound10000a828.i---hull-1_integralized.yml	done	0.048168	0.05037204301333986	32.673792	done	0.043385	0.04589264300011564	32.337920	done	3.048065	1.941539384002681	104.296448	done	0.264443	0.2669295520026935	39.440384
svcomp2025-termination-monotone-hulls-integralized/nla-digbench-scaling/hard2_unwindbound10000a828.i---hull-2_integralized.yml	done	0.042846	0.04576743399957195	32.428032	done	0.037192	0.04069319600239396	32.313344	done	2.908151	1.8862437220086576	105.123840	done	0.03937	0.041887793006026186	32.415744
svcomp2025-termination-monotone-hulls-integralized/nla-digbench-scaling/hard2_unwindbound10000a828.i---hull-3_integralized.yml	done	0.046924	0.05031407900969498	32.595968	done	0.038467	0.04084956400038209	32.845824	done	2.923364	1.88656483500381	103.174144	done	0.038779	0.04137158699450083	32.313344
svcomp2025-termination-monotone-hulls-integralized/nla-digbench-scaling/hard2_unwindbound10a52fa4.i---hull-0_integralized.yml	done	0.049959	0.052648444019723684	32.722944	done	0.04726	0.05012251999869477	32.346112	done	3.12639	2.0274278280121507	104.202240	done	0.071787	0.07572506098949816	33.685504
svcomp2025-termination-monotone-hulls-integralized/nla-digbench-scaling/hard2_unwindbound10a52fa4.i---hull-1_integralized.yml	done	0.050315	0.052681652014143765	32.559104	done	0.042684	0.04517589800525457	32.456704	done	3.028928	1.9372993680008221	103.505920	done	0.07753	0.08045865700114518	33.656832
svcomp2025-termination-monotone-hulls-integralized/nla-digbench-scaling/hard2_unwindbound10a52fa4.i---hull-2_integralized.yml	done	0.048746	0.051163363008527085	32.882688	done	0.045101	0.047238888990250416	32.309248	done	2.884013	1.8618751559988596	104.493056	done	0.038224	0.04097153799375519	32.305152
svcomp2025-termination-monotone-hulls-integralized/nla-digbench-scaling/hard2_unwindbound10a52fa4.i---hull-3_integralized.yml	done	0.042447	0.045122529001673684	32.403456	done	0.040484	0.04255109900259413	32.305152	done	2.951032	1.9096052300010342	103.481344	done	0.03933	0.04140126099810004	32.567296
svcomp2025-termination-monotone-hulls-integralized/nla-digbench-scaling/hard2_unwindbound20fa5351.i---hull-0_integralized.yml	done	0.047508	0.05068757099797949	32.555008	done	0.041373	0.043962494004517794	32.354304	done	3.009209	1.8958490119985072	101.847040	done	0.088437	0.0911777409928618	34.279424
svcomp2025-termination-monotone-hulls-integralized/nla-digbench-scaling/hard2_unwindbound20fa5351.i---hull-1_integralized.yml	done	0.047148	0.04993394098710269	32.546816	done	0.041594	0.044261074988753535	32.370688	done	3.025109	1.9241553010069765	103.415808	done	0.086284	0.08961288300633896	34.353152
svcomp2025-termination-monotone-hulls-integralized/nla-digbench-scaling/hard2_unwindbound20fa5351.i---hull-2_integralized.yml	done	0.041812	0.044530878018122166	32.419840	done	0.037733	0.0404738399956841	32.321536	done	2.866933	1.8500317340076435	104.169472	done	0.039915	0.04281473800074309	32.350208
svcomp2025-termination-monotone-hulls-integralized/nla-digbench-scaling/hard2_unwindbound20fa5351.i---hull-3_integralized.yml	done	0.042109	0.044849569007055834	32.669696	done	0.038839	0.04179406899493188	32.579584	done	2.920588	1.8945464990101755	103.403520	done	0.039301	0.042064256995217875	32.784384
svcomp2025-termination-monotone-hulls-integralized/nla-digbench-scaling/hard2_unwindbound272fe54.i---hull-0_integralized.yml	done	0.051277	0.054015275003621355	32.514048	done	0.048399	0.05101025699696038	32.555008	done	1.574833	1.0208488120115362	74.956800	done	0.042714	0.04555897301179357	32.411648
svcomp2025-termination-monotone-hulls-integralized/nla-digbench-scaling/hard2_unwindbound272fe54.i---hull-1_integralized.yml	done	0.050059	0.052668389020254835	32.542720	done	0.041653	0.043839683989062905	32.296960	done	1.516419	0.9728202699916437	74.293248	done	0.043322	0.04596628900617361	32.415744
svcomp2025-termination-monotone-hulls-integralized/nla-digbench-scaling/hard2_unwindbound272fe54.i---hull-2_integralized.yml	done	0.042184	0.04485566201037727	32.505856	done	0.037275	0.03982255200389773	32.563200	done	1.50917	0.9916229329974158	74.649600	done	0.040443	0.043926426995312795	32.415744
svcomp2025-termination-monotone-hulls-integralized/nla-digbench-scaling/hard2_unwindbound272fe54.i---hull-3_integralized.yml	done	0.041857	0.04412908598897047	32.399360	done	0.042034	0.04491156600124668	32.571392	done	1.461364	0.9514842350035906	75.014144	done	0.038743	0.0417773589870194	32.563200
svcomp2025-termination-monotone-hulls-integralized/nla-digbench-scaling/hard2_unwindbound50a18a60.i---hull-0_integralized.yml	done	0.048817	0.05170411101425998	32.817152	done	0.04025	0.04306284899939783	32.448512	done	2.981899	1.8698269960004836	104.554496	done	0.150636	0.15300826000748202	36.331520
svcomp2025-termination-monotone-hulls-integralized/nla-digbench-scaling/hard2_unwindbound50a18a60.i---hull-1_integralized.yml	done	0.048707	0.05073867901228368	32.772096	done	0.043002	0.04627851999248378	32.342016	done	3.065698	1.9323625739925774	103.415808	done	0.154441	0.15696761800791137	36.311040
svcomp2025-termination-monotone-hulls-integralized/nla-digbench-scaling/hard2_unwindbound50a18a60.i---hull-2_integralized.yml	done	0.08087	0.08331674998044036	32.407552	done	0.03678	0.0392857249971712	32.428032	done	2.896597	1.9096106880024308	103.256064	done	0.046762	0.049831987998913974	32.620544
svcomp2025-termination-monotone-hulls-integralized/nla-digbench-scaling/hard2_unwindbound50a18a60.i---hull-3_integralized.yml	done	0.042259	0.04478412002208643	32.522240	done	0.040066	0.04238343800534494	32.313344	done	2.91496	1.90187446399068	103.002112	done	0.038181	0.0408359040011419	32.301056
svcomp2025-termination-monotone-hulls-integralized/nla-digbench-scaling/hard2_unwindbound51dd916.i---hull-0_integralized.yml	done	0.047315	0.05042182799661532	32.595968	done	0.041797	0.04504154001187999	32.350208	done	2.969902	1.8905079410033068	103.292928	done	0.052423	0.05484878699644469	32.882688
svcomp2025-termination-monotone-hulls-integralized/nla-digbench-scaling/hard2_unwindbound51dd916.i---hull-1_integralized.yml	done	0.051825	0.054674568003974855	32.817152	done	0.042098	0.04498407199571375	32.346112	done	3.04294	1.9305695090006338	103.051264	done	0.061593	0.06411915899661835	32.866304
svcomp2025-termination-monotone-hulls-integralized/nla-digbench-scaling/hard2_unwindbound51dd916.i---hull-2_integralized.yml	done	0.041588	0.04408364900154993	32.477184	done	0.042135	0.04467248098808341	32.747520	done	2.913284	1.8929575649963226	102.572032	done	0.045318	0.04800073501246516	32.309248
svcomp2025-termination-monotone-hulls-integralized/nla-digbench-scaling/hard2_unwindbound51dd916.i---hull-3_integralized.yml	done	0.043525	0.046868069999618456	32.403456	done	0.041234	0.04385135800112039	32.305152	done	2.947087	1.8891280870011542	102.883328	done	0.042777	0.04654027699143626	32.301056
svcomp2025-termination-monotone-hulls-integralized/nla-digbench-scaling/lcm1_unwindbound100654cd9.i---hull-26_integralized.yml	done	0.079783	0.08308645099168643	34.217984	done	0.054041	0.056576281000161543	33.243136	done	9.969599	8.191787857998861	611.676160	done	2.196072	2.199232098995708	62.824448
svcomp2025-termination-monotone-hulls-integralized/nla-digbench-scaling/lcm1_unwindbound100654cd9.i---hull-27_integralized.yml	done	0.079647	0.08292921900283545	34.189312	done	0.054075	0.05661596899153665	33.497088	done	9.940744	8.202385676006088	611.336192	done	2.208792	2.213220683988766	62.550016
svcomp2025-termination-monotone-hulls-integralized/nla-digbench-scaling/lcm1_unwindbound100654cd9.i---hull-28_integralized.yml	done	0.07748	0.07989893600461073	34.095104	done	0.055468	0.05870112800039351	33.341440	done	0.389609	0.3935135630017612	85.676032	done	4.196605	4.200065036988235	83.390464
svcomp2025-termination-monotone-hulls-integralized/nla-digbench-scaling/lcm1_unwindbound100654cd9.i---hull-29_integralized.yml	done	0.07737	0.08028772598481737	34.238464	done	0.055793	0.058733352998388	33.316864	done	0.386129	0.3890868250018684	85.479424	done	4.15056	4.1546730999980355	83.505152
svcomp2025-termination-monotone-hulls-integralized/nla-digbench-scaling/lcm1_unwindbound100654cd9.i---hull-30_integralized.yml	done	0.108594	0.11151596502168104	34.955264	done	0.077292	0.07947175001027063	33.894400	done	16.136628	13.079763782996451	670.650368	TIMEOUT	30.854197	30.863997026986908	195.674112
svcomp2025-termination-monotone-hulls-integralized/nla-digbench-scaling/lcm1_unwindbound100654cd9.i---hull-31_integralized.yml	done	0.107706	0.11034113701316528	35.045376	done	0.075605	0.0782349249930121	33.943552	done	15.96634	12.962088718006271	671.416320	TIMEOUT	30.852637	30.864591051999014	195.903488
svcomp2025-termination-monotone-hulls-integralized/nla-digbench-scaling/lcm1_unwindbound100654cd9.i---hull-32_integralized.yml	done	0.078856	0.0817961200082209	34.226176	done	0.055623	0.058231757997418754	33.779712	done	6.471506	5.193207586999051	476.467200	TIMEOUT	30.85525	30.865191819000756	246.616064
svcomp2025-termination-monotone-hulls-integralized/nla-digbench-scaling/lcm1_unwindbound100654cd9.i---hull-33_integralized.yml	done	0.082879	0.08549264000612311	34.103296	done	0.054432	0.05648272600956261	33.345536	done	6.420232	5.1032854999939445	475.566080	TIMEOUT	30.852738	30.866028246004134	246.575104
svcomp2025-termination-monotone-hulls-integralized/nla-digbench-scaling/lcm1_unwindbound10f57a16.i---hull-26_integralized.yml	done	0.068905	0.07170736699481495	33.665024	done	0.049437	0.05148273298982531	32.935936	done	9.876947	8.117475495004328	571.584512	done	0.296089	0.2992440249945503	38.232064
svcomp2025-termination-monotone-hulls-integralized/nla-digbench-scaling/lcm1_unwindbound10f57a16.i---hull-27_integralized.yml	done	0.068889	0.07210727399797179	33.873920	done	0.048139	0.0498562779976055	32.944128	done	9.776094	8.047686542995507	572.145664	done	0.283501	0.28662728999916	38.035456
svcomp2025-termination-monotone-hulls-integralized/nla-digbench-scaling/lcm1_unwindbound10f57a16.i---hull-28_integralized.yml	done	0.08755	0.09028772500460036	34.312192	done	0.061606	0.06414733399287798	33.542144	done	12.724124	11.104754133004462	670.806016	done	0.54997	0.5528549900045618	42.348544
svcomp2025-termination-monotone-hulls-integralized/nla-digbench-scaling/lcm1_unwindbound10f57a16.i---hull-29_integralized.yml	done	0.089867	0.0921279100002721	34.312192	done	0.083866	0.08613867399981245	33.546240	done	12.799858	11.188573439008906	670.928896	done	0.58221	0.5851887400058331	42.156032
svcomp2025-termination-monotone-hulls-integralized/nla-digbench-scaling/lcm1_unwindbound10f57a16.i---hull-30_integralized.yml	done	0.080029	0.08286331701674499	34.058240	done	0.052372	0.05436266899050679	32.997376	done	9.631611	7.889067597003304	586.137600	done	0.23634	0.23940526999649592	37.945344
svcomp2025-termination-monotone-hulls-integralized/nla-digbench-scaling/lcm1_unwindbound10f57a16.i---hull-31_integralized.yml	done	0.076705	0.07965041600982659	34.250752	done	0.051851	0.05458993199863471	33.009664	done	9.91588	8.190861626004335	585.433088	done	0.248441	0.2512634680024348	38.174720
svcomp2025-termination-monotone-hulls-integralized/nla-digbench-scaling/lcm1_unwindbound10f57a16.i---hull-32_integralized.yml	done	0.071773	0.07502446800936013	33.853440	done	0.054761	0.057144748003338464	33.284096	done	6.230732	4.937187258998165	446.320640	done	0.116166	0.11912083000061102	36.069376
svcomp2025-termination-monotone-hulls-integralized/nla-digbench-scaling/lcm1_unwindbound10f57a16.i---hull-33_integralized.yml	done	0.108333	0.11184596997918561	33.861632	done	0.06535	0.06741895800223574	33.701888	done	6.127386	4.849668082999415	446.644224	done	0.111494	0.1142160790041089	35.688448
svcomp2025-termination-monotone-hulls-integralized/nla-digbench-scaling/lcm1_unwindbound20618555.i---hull-26_integralized.yml	done	0.077803	0.08082092300173827	34.013184	done	0.055358	0.05976128300244454	33.308672	done	7.84622	6.604610238005989	513.810432	done	0.401931	0.40484599499905016	40.316928
svcomp2025-termination-monotone-hulls-integralized/nla-digbench-scaling/lcm1_unwindbound20618555.i---hull-27_integralized.yml	done	0.08435	0.08691770498990081	34.127872	done	0.058197	0.061436126998160034	33.570816	done	7.947099	6.667267141994671	514.318336	done	0.414359	0.4182052760006627	40.316928
svcomp2025-termination-monotone-hulls-integralized/nla-digbench-scaling/lcm1_unwindbound20618555.i---hull-30_integralized.yml	done	0.090285	0.09301176501321606	34.336768	done	0.060631	0.06336710699542891	33.497088	done	9.449202	7.774715884006582	524.402688	done	0.669969	0.6726573109917808	43.327488
svcomp2025-termination-monotone-hulls-integralized/nla-digbench-scaling/lcm1_unwindbound20618555.i---hull-31_integralized.yml	done	0.087619	0.09143766202032566	34.332672	done	0.062798	0.06608064599276986	33.771520	done	9.157468	7.489850030004163	524.484608	done	0.684582	0.6880970869970042	43.421696
svcomp2025-termination-monotone-hulls-integralized/nla-digbench-scaling/lcm1_unwindbound20618555.i---hull-32_integralized.yml	done	0.078235	0.08079134800937027	34.009088	done	0.055237	0.05728177199489437	33.296384	done	9.428333	7.804067518998636	601.243648	done	0.145368	0.1482918350084219	36.057088
svcomp2025-termination-monotone-hulls-integralized/nla-digbench-scaling/lcm1_unwindbound20618555.i---hull-33_integralized.yml	done	0.077597	0.07989152098889463	34.017280	done	0.054869	0.05715079100627918	33.292288	done	9.586629	7.943683069999679	601.452544	done	0.141536	0.14418909400410485	36.073472
svcomp2025-termination-monotone-hulls-integralized/nla-digbench-scaling/lcm1_unwindbound50995be9.i---hull-26_integralized.yml	done	0.105382	0.1088987750117667	34.775040	done	0.068372	0.07174491800833493	33.828864	done	9.621573	7.928566746006254	455.483392	done	2.863374	2.8669690740061924	66.007040
svcomp2025-termination-monotone-hulls-integralized/nla-digbench-scaling/lcm1_unwindbound50995be9.i---hull-27_integralized.yml	done	0.108016	0.11071991102653556	35.135488	done	0.07924	0.08166359100141563	33.808384	done	9.231818	7.581108562997542	455.737344	done	3.019944	3.022975034007686	66.101248
svcomp2025-termination-monotone-hulls-integralized/nla-digbench-scaling/lcm1_unwindbound50995be9.i---hull-28_integralized.yml	done	0.080098	0.08243078101077117	34.435072	done	0.056122	0.05846628500148654	33.333248	done	7.491442	6.607149121002294	496.234496	done	2.424255	2.428059920988744	60.223488
svcomp2025-termination-monotone-hulls-integralized/nla-digbench-scaling/lcm1_unwindbound50995be9.i---hull-29_integralized.yml	done	0.080176	0.08289630600484088	34.463744	done	0.05801	0.061245432996656746	33.337344	done	7.672475	6.738164493988734	497.041408	done	2.420729	2.424101144002634	60.182528
svcomp2025-termination-monotone-hulls-integralized/nla-digbench-scaling/lcm1_unwindbound50995be9.i---hull-30_integralized.yml	done	0.07407	0.0769371539936401	34.099200	done	0.051227	0.05344226300076116	32.952320	done	7.804206	6.576223262003623	485.707776	done	1.303791	1.306064354008413	51.257344
svcomp2025-termination-monotone-hulls-integralized/nla-digbench-scaling/lcm1_unwindbound50995be9.i---hull-31_integralized.yml	done	0.080222	0.08256893698126078	34.103296	done	0.050036	0.05284330299764406	32.944128	done	7.822175	6.576047533992096	485.937152	done	1.366991	1.3707367750030244	51.367936
svcomp2025-termination-monotone-hulls-integralized/nla-digbench-scaling/lcm1_unwindbound50995be9.i---hull-32_integralized.yml	done	0.083323	0.08622603601543233	34.516992	done	0.057684	0.060452479010564275	33.591296	done	9.559365	7.893159115003073	593.620992	done	0.196991	0.2010535929875914	37.953536
svcomp2025-termination-monotone-hulls-integralized/nla-digbench-scaling/lcm1_unwindbound50995be9.i---hull-33_integralized.yml	done	0.081165	0.08449283099616878	34.263040	done	0.05466	0.05684707799809985	33.583104	done	9.634198	7.9199439989897655	594.042880	done	0.200428	0.20327295998868067	37.904384
svcomp2025-termination-monotone-hulls-integralized/nla-digbench-scaling/lcm1_unwindbound5a0c1d5.i---hull-28_integralized.yml	done	0.078989	0.08187065101810731	34.115584	done	0.05633	0.05925560600007884	33.374208	done	1.956699	1.7018687090021558	186.855424	done	0.128664	0.1319124260044191	35.954688
svcomp2025-termination-monotone-hulls-integralized/nla-digbench-scaling/lcm1_unwindbound5a0c1d5.i---hull-29_integralized.yml	done	0.077257	0.07968646098743193	34.111488	done	0.053319	0.056609460996696725	33.533952	done	1.968037	1.720289168995805	186.589184	done	0.123669	0.12695200101006776	35.958784
svcomp2025-termination-monotone-hulls-integralized/nla-digbench-scaling/lcm1_unwindbound5a0c1d5.i---hull-32_integralized.yml	done	0.079876	0.08261366799706593	34.320384	done	0.056689	0.05960465400130488	33.378304	done	2.230645	1.7468218459980562	171.147264	done	0.057689	0.06015123499673791	33.234944
svcomp2025-termination-monotone-hulls-integralized/nla-digbench-scaling/lcm1_unwindbound5a0c1d5.i---hull-33_integralized.yml	done	0.0802	0.08283488400047645	34.385920	done	0.055421	0.057735460010007955	33.378304	done	2.264819	1.7939300340076443	169.861120	done	0.059504	0.061996641001314856	33.124352
svcomp2025-termination-monotone-hulls-integralized/nla-digbench-scaling/lcm2_unwindbound100d2af40.i---hull-0_integralized.yml	done	0.044407	0.04692087598959915	32.509952	done	0.037943	0.04112710199842695	32.354304	done	1.220627	0.8332073579949792	67.858432	done	0.388773	0.39224750400171615	41.484288
svcomp2025-termination-monotone-hulls-integralized/nla-digbench-scaling/lcm2_unwindbound100d2af40.i---hull-1_integralized.yml	done	0.042877	0.04545327500090934	32.485376	done	0.043349	0.0448646720033139	32.202752	done	1.235166	0.8418747469986556	67.858432	done	0.375841	0.37917296099476516	41.480192
svcomp2025-termination-monotone-hulls-integralized/nla-digbench-scaling/lcm2_unwindbound100d2af40.i---hull-2_integralized.yml	done	0.038342	0.04177950799930841	31.969280	done	0.038118	0.04054307600017637	32.006144	done	1.129504	0.7743990369926905	66.994176	done	0.045621	0.048224130005110055	31.944704
svcomp2025-termination-monotone-hulls-integralized/nla-digbench-scaling/lcm2_unwindbound100d2af40.i---hull-3_integralized.yml	done	0.040459	0.043277974997181445	32.088064	done	0.034263	0.03676261400687508	32.161792	done	1.135049	0.7923802879959112	67.723264	done	0.035747	0.038387241002055816	32.043008
svcomp2025-termination-monotone-hulls-integralized/nla-digbench-scaling/lcm2_unwindbound1065ae22.i---hull-0_integralized.yml	done	0.048175	0.05016174601041712	32.223232	done	0.036828	0.03955818600661587	32.100352	done	1.203973	0.8149516270059394	66.932736	done	0.076216	0.07960796100087464	33.660928
svcomp2025-termination-monotone-hulls-integralized/nla-digbench-scaling/lcm2_unwindbound1065ae22.i---hull-1_integralized.yml	done	0.042655	0.045076704991515726	32.288768	done	0.037929	0.040601519009214826	32.108544	done	1.210449	0.8251738159888191	67.313664	done	0.074772	0.0773206680023577	33.927168
svcomp2025-termination-monotone-hulls-integralized/nla-digbench-scaling/lcm2_unwindbound1065ae22.i---hull-2_integralized.yml	done	0.040054	0.04305973000009544	31.969280	done	0.035954	0.03891431199735962	32.014336	done	1.157949	0.8076463839970529	66.338816	done	0.037452	0.04087200299545657	31.924224
svcomp2025-termination-monotone-hulls-integralized/nla-digbench-scaling/lcm2_unwindbound1065ae22.i---hull-3_integralized.yml	done	0.045407	0.04791212797863409	31.956992	done	0.039052	0.04148540800088085	32.055296	done	1.1258	0.7865915190050146	67.026944	done	0.037132	0.040022108994890004	31.944704
svcomp2025-termination-monotone-hulls-integralized/nla-digbench-scaling/lcm2_unwindbound200b9d09.i---hull-0_integralized.yml	done	0.044338	0.04635591999976896	32.210944	done	0.036668	0.03868113600765355	32.108544	done	1.268127	0.8663450010062661	68.141056	done	0.102239	0.1051040979946265	34.795520
svcomp2025-termination-monotone-hulls-integralized/nla-digbench-scaling/lcm2_unwindbound200b9d09.i---hull-1_integralized.yml	done	0.043127	0.04589559798478149	32.210944	done	0.039147	0.04109513100411277	32.104448	done	1.187918	0.8012662219989579	67.801088	done	0.098319	0.10121358800097369	34.738176
svcomp2025-termination-monotone-hulls-integralized/nla-digbench-scaling/lcm2_unwindbound200b9d09.i---hull-2_integralized.yml	done	0.038811	0.04268476599827409	31.969280	done	0.036193	0.03901255399978254	31.907840	done	1.152839	0.8070689180021873	67.387392	done	0.037566	0.04006381500221323	31.932416
svcomp2025-termination-monotone-hulls-integralized/nla-digbench-scaling/lcm2_unwindbound200b9d09.i---hull-3_integralized.yml	done	0.040198	0.043023695005103946	32.059392	done	0.03645	0.03874556100345217	32.272384	done	1.131393	0.7972607870033244	67.264512	done	0.035834	0.038042479995056055	31.932416
svcomp2025-termination-monotone-hulls-integralized/nla-digbench-scaling/lcm2_unwindbound218fa9f.i---hull-0_integralized.yml	done	0.04303	0.04619515402009711	32.247808	done	0.037714	0.03994376500486396	32.096256	done	1.239618	0.8420684669981711	68.489216	done	0.04262	0.04522208499838598	32.534528
svcomp2025-termination-monotone-hulls-integralized/nla-digbench-scaling/lcm2_unwindbound218fa9f.i---hull-1_integralized.yml	done	0.043888	0.046374942001421005	32.518144	done	0.041535	0.04377709700202104	32.198656	done	1.221686	0.8314922219869914	68.067328	done	0.043508	0.04621461100759916	32.276480
svcomp2025-termination-monotone-hulls-integralized/nla-digbench-scaling/lcm2_unwindbound218fa9f.i---hull-2_integralized.yml	done	0.03891	0.042296928993891925	31.952896	done	0.033626	0.036034848002600484	32.165888	done	1.141915	0.8016383009962738	67.305472	done	0.036746	0.03985933298827149	32.030720
svcomp2025-termination-monotone-hulls-integralized/nla-digbench-scaling/lcm2_unwindbound218fa9f.i---hull-3_integralized.yml	done	0.057662	0.06265272898599505	32.194560	done	0.035614	0.03815194200433325	31.928320	done	1.148136	0.7960681879922049	67.772416	done	0.035342	0.037687263000407256	31.924224
svcomp2025-termination-monotone-hulls-integralized/nla-digbench-scaling/lcm2_unwindbound50b420b0.i---hull-0_integralized.yml	done	0.045809	0.04866356201819144	32.485376	done	0.03832	0.04093846399337053	32.116736	done	1.197309	0.8189098709990503	67.567616	done	0.299342	0.30211813900677953	39.231488
svcomp2025-termination-monotone-hulls-integralized/nla-digbench-scaling/lcm2_unwindbound50b420b0.i---hull-1_integralized.yml	done	0.047233	0.050005383003735915	32.522240	done	0.047503	0.050234694994287565	32.358400	done	1.228118	0.8508680379891302	67.457024	done	0.285212	0.287920906994259	39.215104
svcomp2025-termination-monotone-hulls-integralized/nla-digbench-scaling/lcm2_unwindbound50b420b0.i---hull-2_integralized.yml	done	0.04717	0.05047906600520946	32.329728	done	0.035511	0.038534626000910066	31.965184	done	1.144017	0.7963312049978413	66.924544	done	0.036566	0.03871107198938262	31.932416
svcomp2025-termination-monotone-hulls-integralized/nla-digbench-scaling/lcm2_unwindbound50b420b0.i---hull-3_integralized.yml	done	0.038432	0.0412307959923055	31.973376	done	0.036936	0.0392906940105604	32.018432	done	1.170275	0.8075624359917128	67.944448	done	0.041318	0.04401217200211249	32.092160
svcomp2025-termination-monotone-hulls-integralized/nla-digbench-scaling/lcm2_unwindbound568a10f.i---hull-0_integralized.yml	done	0.044715	0.04663792799692601	32.440320	done	0.038241	0.04066532100841869	32.088064	done	1.231149	0.8367017690034118	68.255744	done	0.062996	0.06586884398711845	33.300480
svcomp2025-termination-monotone-hulls-integralized/nla-digbench-scaling/lcm2_unwindbound568a10f.i---hull-1_integralized.yml	done	0.043358	0.0457951060088817	32.481280	done	0.044775	0.04717941000126302	32.092160	done	1.204202	0.8304299349983921	67.002368	done	0.0651	0.06761941700824536	33.300480
svcomp2025-termination-monotone-hulls-integralized/nla-digbench-scaling/lcm2_unwindbound568a10f.i---hull-2_integralized.yml	done	0.038202	0.04129216098226607	31.952896	done	0.034838	0.03805113100679591	31.907840	done	1.134131	0.7936313360114582	68.214784	done	0.036336	0.03933956299442798	31.936512
svcomp2025-termination-monotone-hulls-integralized/nla-digbench-scaling/lcm2_unwindbound568a10f.i---hull-3_integralized.yml	done	0.037626	0.040334755001822487	32.190464	done	0.035382	0.03763532200537156	31.903744	done	1.164056	0.8203412210132228	68.001792	done	0.039283	0.042011716999695636	32.186368
svcomp2025-termination-monotone-hulls-integralized/nla-digbench-scaling/prod4br-ll_unwindbound100279ea2.i---hull-0_integralized.yml	done	0.047538	0.05051585898036137	32.968704	done	0.042902	0.04528381799173076	32.854016	done	1.825274	1.2630384899966884	88.260608	done	0.558404	0.5610166569967987	41.562112
svcomp2025-termination-monotone-hulls-integralized/nla-digbench-scaling/prod4br-ll_unwindbound100279ea2.i---hull-1_integralized.yml	done	0.046719	0.04875970401917584	32.940032	done	0.040062	0.04272674200183246	32.735232	done	1.809682	1.2478757639910327	86.986752	done	0.504586	0.5077945800003363	41.705472
svcomp2025-termination-monotone-hulls-integralized/nla-digbench-scaling/prod4br-ll_unwindbound100279ea2.i---hull-2_integralized.yml	done	0.050245	0.053085202001966536	33.005568	done	0.048603	0.051157894005882554	32.825344	done	2.359698	1.6251616049994482	96.227328	done	0.053078	0.05596877000061795	33.247232
svcomp2025-termination-monotone-hulls-integralized/nla-digbench-scaling/prod4br-ll_unwindbound100279ea2.i---hull-3_integralized.yml	done	0.053151	0.05545177200110629	33.361920	done	0.045813	0.04851865200907923	32.825344	done	2.368475	1.6028635670081712	95.739904	done	0.049288	0.051688671999727376	32.931840
svcomp2025-termination-monotone-hulls-integralized/nla-digbench-scaling/prod4br-ll_unwindbound1076aa7e.i---hull-0_integralized.yml	done	0.045289	0.048321937007131055	32.878592	done	0.039884	0.04269839600601699	32.989184	done	1.824335	1.2454116430017166	87.228416	done	0.087383	0.08981500499066897	34.320384
svcomp2025-termination-monotone-hulls-integralized/nla-digbench-scaling/prod4br-ll_unwindbound1076aa7e.i---hull-1_integralized.yml	done	0.051263	0.053625443018972874	32.829440	done	0.038742	0.04133838300185744	32.743424	done	1.823922	1.2484691809950164	87.314432	done	0.083154	0.08594597499177326	34.328576
svcomp2025-termination-monotone-hulls-integralized/nla-digbench-scaling/prod4br-ll_unwindbound1076aa7e.i---hull-2_integralized.yml	done	0.052275	0.05537692899815738	33.054720	done	0.044388	0.04759345599450171	33.067008	done	2.404605	1.5971745470014866	96.198656	done	0.046924	0.04960858300910331	32.931840
svcomp2025-termination-monotone-hulls-integralized/nla-digbench-scaling/prod4br-ll_unwindbound1076aa7e.i---hull-3_integralized.yml	done	0.049234	0.0520856789953541	33.001472	done	0.04518	0.04760148200148251	32.903168	done	2.469624	1.6837685329956003	96.145408	done	0.054476	0.056876428992836736	33.042432
svcomp2025-termination-monotone-hulls-integralized/nla-digbench-scaling/prod4br-ll_unwindbound1ed8f10.i---hull-2_integralized.yml	done	0.050898	0.05349231799482368	32.980992	done	0.044234	0.04694421500607859	32.808960	done	1.192316	0.8025805219949689	71.450624	done	0.047894	0.05095363200234715	32.911360
svcomp2025-termination-monotone-hulls-integralized/nla-digbench-scaling/prod4br-ll_unwindbound1ed8f10.i---hull-3_integralized.yml	done	0.052128	0.05467697398853488	32.997376	done	0.049977	0.052565886013326235	32.915456	done	1.220297	0.8362682340084575	72.908800	done	0.047622	0.050321632996201515	33.177600
svcomp2025-termination-monotone-hulls-integralized/nla-digbench-scaling/prod4br-ll_unwindbound202550ec.i---hull-0_integralized.yml	done	0.041489	0.04392405701219104	32.714752	done	0.040449	0.04328100099519361	32.890880	done	1.414926	0.9635465949977515	78.209024	done	0.134195	0.13699198099493515	35.758080
svcomp2025-termination-monotone-hulls-integralized/nla-digbench-scaling/prod4br-ll_unwindbound202550ec.i---hull-1_integralized.yml	done	0.044655	0.047043674014275894	32.718848	done	0.043407	0.04576439899392426	32.624640	done	1.363465	0.9237743749981746	77.860864	done	0.140294	0.14311864899354987	35.745792
svcomp2025-termination-monotone-hulls-integralized/nla-digbench-scaling/prod4br-ll_unwindbound202550ec.i---hull-2_integralized.yml	done	0.052762	0.05540156000643037	33.259520	done	0.045374	0.048406594010884874	32.825344	done	2.445058	1.6816727650002576	95.477760	done	0.047012	0.04969669300771784	32.997376
svcomp2025-termination-monotone-hulls-integralized/nla-digbench-scaling/prod4br-ll_unwindbound202550ec.i---hull-3_integralized.yml	done	0.053541	0.05642656100098975	33.251328	done	0.045829	0.04899215800105594	32.821248	done	2.401578	1.6243426360015292	95.629312	done	0.046001	0.0484589660045458	32.919552
svcomp2025-termination-monotone-hulls-integralized/nla-digbench-scaling/prod4br-ll_unwindbound2bf47cb.i---hull-0_integralized.yml	done	0.044231	0.04705181799363345	32.833536	done	0.04074	0.043033086010836996	32.829440	done	1.830651	1.2527947850030614	87.498752	done	0.049117	0.051051318005193025	33.157120
svcomp2025-termination-monotone-hulls-integralized/nla-digbench-scaling/prod4br-ll_unwindbound2bf47cb.i---hull-1_integralized.yml	done	0.043233	0.045858830999350175	33.095680	done	0.042081	0.04489631899923552	32.735232	done	1.841642	1.263176113992813	86.839296	done	0.046601	0.049323276994982734	32.899072
svcomp2025-termination-monotone-hulls-integralized/nla-digbench-scaling/prod4br-ll_unwindbound2bf47cb.i---hull-2_integralized.yml	done	0.051025	0.05263498701970093	33.103872	done	0.044285	0.04701746300270315	33.181696	done	2.388102	1.6298501790006412	95.137792	done	0.048373	0.05135408299975097	32.940032
svcomp2025-termination-monotone-hulls-integralized/nla-digbench-scaling/prod4br-ll_unwindbound2bf47cb.i---hull-3_integralized.yml	done	0.050894	0.0544666179921478	32.976896	done	0.048143	0.05051452999759931	32.808960	done	2.435639	1.6727450260077603	95.617024	done	0.054949	0.05809352001233492	32.919552
svcomp2025-termination-monotone-hulls-integralized/nla-digbench-scaling/prod4br-ll_unwindbound505db857.i---hull-0_integralized.yml	done	0.059925	0.06253681099042296	33.095680	done	0.04572	0.048406379006337374	32.972800	done	1.083242	0.7406618569948478	70.434816	done	0.276798	0.2800166660017567	38.350848
svcomp2025-termination-monotone-hulls-integralized/nla-digbench-scaling/prod4br-ll_unwindbound505db857.i---hull-1_integralized.yml	done	0.053464	0.05612159401061945	33.329152	done	0.055503	0.05817849500454031	32.878592	done	1.064565	0.7280620770034147	70.189056	done	0.262461	0.26519285699760076	38.088704
svcomp2025-termination-monotone-hulls-integralized/nla-digbench-scaling/prod4br-ll_unwindbound505db857.i---hull-2_integralized.yml	done	0.064017	0.06694517500000075	33.316864	done	0.054052	0.057242819006205536	32.874496	done	2.4215	1.6488001399993664	94.490624	done	0.060259	0.06264149700291455	33.046528
svcomp2025-termination-monotone-hulls-integralized/nla-digbench-scaling/prod4br-ll_unwindbound505db857.i---hull-3_integralized.yml	done	0.057662	0.060513705015182495	33.361920	done	0.057483	0.059861027999431826	32.890880	done	2.437799	1.6745376019971445	94.597120	done	0.051437	0.054065502001321875	33.009664
svcomp2025-termination-monotone-hulls-integralized/nla-digbench-scaling/prod4br-ll_unwindbound594f9f3.i---hull-0_integralized.yml	done	0.052804	0.05636864501866512	33.075200	done	0.049763	0.052203432001988403	32.919552	done	1.051319	0.7219701420108322	70.938624	done	0.065986	0.06885514200257603	33.644544
svcomp2025-termination-monotone-hulls-integralized/nla-digbench-scaling/prod4br-ll_unwindbound594f9f3.i---hull-1_integralized.yml	done	0.054921	0.0574582279950846	33.079296	done	0.047799	0.05052887400961481	33.136640	done	1.026499	0.7060830039990833	70.008832	done	0.062675	0.06488501199055463	33.484800
svcomp2025-termination-monotone-hulls-integralized/nla-digbench-scaling/prod4br-ll_unwindbound594f9f3.i---hull-2_integralized.yml	done	0.056368	0.059270808997098356	33.148928	done	0.051622	0.05473958399670664	32.907264	done	3.304339	2.265785010997206	111.509504	done	0.055991	0.059428528998978436	33.415168
svcomp2025-termination-monotone-hulls-integralized/nla-digbench-scaling/prod4br-ll_unwindbound594f9f3.i---hull-3_integralized.yml	done	0.05748	0.060918690986	33.136640	done	0.049374	0.05219021199445706	32.899072	done	3.358076	2.3281094010017114	111.906816	done	0.05506	0.05867561999184545	33.234944
svcomp2025-termination-monotone-hulls-integralized/nla-digbench-scaling/prodbin-ll_unwindbound100a9134e.i---hull-2_integralized.yml	done	0.038847	0.04174529298325069	32.030720	done	0.03583	0.038148111998452805	31.887360	done	1.11349	0.7149096600041958	65.228800	done	0.037809	0.040705614010221325	31.895552
svcomp2025-termination-monotone-hulls-integralized/nla-digbench-scaling/prodbin-ll_unwindbound100a9134e.i---hull-3_integralized.yml	done	0.038752	0.0419512540102005	31.940608	done	0.034892	0.037122680005268194	31.891456	done	1.112474	0.7113986790063791	64.532480	done	0.037302	0.039341056006378494	31.924224
svcomp2025-termination-monotone-hulls-integralized/nla-digbench-scaling/prodbin-ll_unwindbound10c3ab97.i---hull-0_integralized.yml	done	0.037248	0.04041228399728425	32.182272	done	0.034017	0.03651948200422339	32.153600	done	1.148911	0.7490521639992949	65.245184	done	0.061241	0.06392244700691663	32.997376
svcomp2025-termination-monotone-hulls-integralized/nla-digbench-scaling/prodbin-ll_unwindbound10c3ab97.i---hull-1_integralized.yml	done	0.035677	0.03843192700878717	31.899648	done	0.034814	0.03738485100620892	31.891456	done	1.127752	0.720054777993937	65.818624	done	0.070328	0.07317005199729465	33.091584
svcomp2025-termination-monotone-hulls-integralized/nla-digbench-scaling/prodbin-ll_unwindbound10c3ab97.i---hull-2_integralized.yml	done	0.03812	0.040790669998386875	31.944704	done	0.037633	0.040593373007141054	32.149504	done	1.19265	0.781187034008326	65.593344	done	0.036449	0.0394287439994514	31.952896
svcomp2025-termination-monotone-hulls-integralized/nla-digbench-scaling/prodbin-ll_unwindbound10c3ab97.i---hull-3_integralized.yml	done	0.046118	0.04934390902053565	32.198656	done	0.0415	0.043811742012621835	32.399360	done	1.153679	0.7389526129991282	65.130496	done	0.041514	0.04406256999936886	31.916032
svcomp2025-termination-monotone-hulls-integralized/nla-digbench-scaling/prodbin-ll_unwindbound206d674b.i---hull-0_integralized.yml	done	0.038151	0.04091482900548726	31.891456	done	0.034033	0.03669547400204465	32.210944	done	1.134739	0.7253693620004924	65.114112	done	0.090847	0.09381107999070082	34.246656
svcomp2025-termination-monotone-hulls-integralized/nla-digbench-scaling/prodbin-ll_unwindbound206d674b.i---hull-1_integralized.yml	done	0.037283	0.03998363501159474	31.891456	done	0.035754	0.03847804600081872	31.879168	done	1.192042	0.7784802390087862	64.917504	done	0.096182	0.09932280900829937	34.254848
svcomp2025-termination-monotone-hulls-integralized/nla-digbench-scaling/prodbin-ll_unwindbound206d674b.i---hull-2_integralized.yml	done	0.044783	0.046944904985139146	31.928320	done	0.042419	0.045366858001216315	31.866880	done	1.132806	0.7198373900027946	65.339392	done	0.035017	0.03770912700565532	32.067584
svcomp2025-termination-monotone-hulls-integralized/nla-digbench-scaling/prodbin-ll_unwindbound206d674b.i---hull-3_integralized.yml	done	0.03882	0.04193561401916668	32.186368	done	0.035327	0.03765350799949374	32.137216	done	1.15452	0.7439110029954463	65.101824	done	0.039017	0.041931068000849336	31.916032
svcomp2025-termination-monotone-hulls-integralized/nla-digbench-scaling/prodbin-ll_unwindbound2c7cfd3.i---hull-0_integralized.yml	done	0.036297	0.038775857974542305	31.883264	done	0.034868	0.03697720399941318	31.883264	done	1.128581	0.7219139790104236	65.277952	done	0.042184	0.04487369100388605	32.247808
svcomp2025-termination-monotone-hulls-integralized/nla-digbench-scaling/prodbin-ll_unwindbound2c7cfd3.i---hull-1_integralized.yml	done	0.037174	0.03960110299522057	32.149504	done	0.036835	0.040460500997141935	31.883264	done	1.149504	0.7333399759954773	65.028096	done	0.039002	0.04217538199736737	31.948800
svcomp2025-termination-monotone-hulls-integralized/nla-digbench-scaling/prodbin-ll_unwindbound2c7cfd3.i---hull-2_integralized.yml	done	0.039043	0.041699936002260074	31.952896	done	0.03778	0.040116896998370066	31.916032	done	1.129477	0.72159600899613	65.122304	done	0.042204	0.044905810995260254	31.920128
svcomp2025-termination-monotone-hulls-integralized/nla-digbench-scaling/prodbin-ll_unwindbound2c7cfd3.i---hull-3_integralized.yml	done	0.039026	0.04195185299613513	31.940608	done	0.044131	0.04621247299655806	31.997952	done	1.141622	0.7349751000001561	64.884736	done	0.036131	0.03876489600224886	31.916032
svcomp2025-termination-monotone-hulls-integralized/nla-digbench-scaling/prodbin-ll_unwindbound50872f3d.i---hull-0_integralized.yml	done	0.036371	0.039068917016265914	32.149504	done	0.039304	0.04225217799830716	32.169984	done	1.138185	0.7395282899960876	64.548864	done	0.185783	0.18848513400007505	36.765696
svcomp2025-termination-monotone-hulls-integralized/nla-digbench-scaling/prodbin-ll_unwindbound50872f3d.i---hull-1_integralized.yml	done	0.037339	0.03959061298519373	31.883264	done	0.042792	0.044494156012660824	31.887360	done	1.121549	0.7216356610006187	64.569344	done	0.18555	0.18805768599850126	36.667392
svcomp2025-termination-monotone-hulls-integralized/nla-digbench-scaling/prodbin-ll_unwindbound50872f3d.i---hull-2_integralized.yml	done	0.03747	0.039936564018717036	31.928320	done	0.03932	0.04126330799772404	31.883264	done	1.165791	0.7480724969937	65.351680	done	0.036857	0.039057431000401266	31.899648
svcomp2025-termination-monotone-hulls-integralized/nla-digbench-scaling/prodbin-ll_unwindbound50872f3d.i---hull-3_integralized.yml	done	0.037754	0.04045027497340925	32.194560	done	0.03796	0.03976133499236312	32.141312	done	1.14632	0.7266181550075999	65.036288	done	0.036529	0.03910320100840181	31.903744
svcomp2025-termination-monotone-hulls-integralized/nla-digbench-scaling/prodbin-ll_unwindbound536ea9f.i---hull-0_integralized.yml	done	0.039586	0.042254202999174595	31.895552	done	0.036305	0.039109595003537834	32.149504	done	1.131818	0.71739973599324	64.458752	done	0.056355	0.060184319998370484	32.497664
svcomp2025-termination-monotone-hulls-integralized/nla-digbench-scaling/prodbin-ll_unwindbound536ea9f.i---hull-1_integralized.yml	done	0.036782	0.03900381299899891	31.883264	done	0.035271	0.037823322010808624	31.883264	done	1.150863	0.7440589230100159	65.368064	done	0.053077	0.05619006900815293	32.739328
svcomp2025-termination-monotone-hulls-integralized/nla-digbench-scaling/prodbin-ll_unwindbound536ea9f.i---hull-2_integralized.yml	done	0.0506	0.05289843399077654	31.936512	done	0.037719	0.0406746060034493	32.141312	done	1.170865	0.7582074999954784	64.450560	done	0.036999	0.04017594701144844	32.272384
svcomp2025-termination-monotone-hulls-integralized/nla-digbench-scaling/prodbin-ll_unwindbound536ea9f.i---hull-3_integralized.yml	done	0.037476	0.040163877012673765	32.051200	done	0.036115	0.03872969400254078	31.928320	done	1.146506	0.7399831590009853	65.007616	done	0.036149	0.039218826990691014	32.104448
