tool	Projection of integer hull 1.0	Projection of integer hull 1.0	Projection of integer hull 1.0	Projection of integer hull 1.0	Projection of integer hull 1.0	Projection of integer hull 1.0	Projection of integer hull 1.0	Projection of integer hull 1.0
run set	lira-convex-hull-pc-lplh.lira-more-precise-than-real-relaxation	lira-convex-hull-pc-lplh.lira-more-precise-than-real-relaxation	lira-convex-hull-pc-lplh.lira-more-precise-than-real-relaxation	lira-convex-hull-pc-lplh.lira-more-precise-than-real-relaxation	lira-convex-hull-real-relaxation-lw.lira-more-precise-than-real-relaxation	lira-convex-hull-real-relaxation-lw.lira-more-precise-than-real-relaxation	lira-convex-hull-real-relaxation-lw.lira-more-precise-than-real-relaxation	lira-convex-hull-real-relaxation-lw.lira-more-precise-than-real-relaxation
/home/diagram/src/research/projects/duet/bench-nk-local-abstraction-popl-2025/popl-results/tasks/svcomp-2025/	status	cputime (s)	walltime (s)	memory (MB)	status	cputime (s)	walltime (s)	memory (MB)
svcomp2025-termination-monotone-hulls/nla-digbench-scaling/hard2_unwindbound50a18a60.i---hull-3.yml	done	0.049542	0.09281786100473255	74.743808	done	0.033052	0.03538498398847878	32.239616
svcomp2025-cra-monotone-hulls/nla-digbench-scaling/divbin_unwindbound50c80f3d.i---hull-0.yml	done	0.034202	0.03801951100467704	31.969280	done	0.034382	0.03629044399713166	32.088064
svcomp2025-termination-monotone-hulls/nla-digbench-scaling/prodbin-ll_unwindbound536ea9f.i---hull-3.yml	done	0.033847	0.03721601498546079	31.956992	done	0.031919	0.03453752998029813	31.903744
svcomp2025-cra-monotone-hulls/nla-digbench-scaling/hard-u_unwindbound10d8c97b.i---hull-11.yml	done	0.039091	0.04316519299754873	32.477184	done	0.031038	0.03308691599522717	32.141312
svcomp2025-termination-monotone-hulls/nla-digbench-scaling/hard2_valuebound50919cbe.i---hull-3.yml	done	0.037569	0.041865323000820354	32.399360	done	0.035801	0.03777685601380654	32.370688
svcomp2025-cra-monotone-hulls/nla-digbench-scaling/hard-u_valuebound561a8b1.i---hull-10.yml	done	0.033378	0.037993658013874665	32.124928	done	0.02969	0.03197835898026824	32.051200
svcomp2025-termination-monotone-hulls/nla-digbench-scaling/hard-ll_unwindbound208b1aa8.i---hull-2.yml	done	0.047707	0.051891741022700444	32.612352	done	0.034125	0.03636975199333392	32.264192
svcomp2025-termination-monotone-hulls/loop-invgen/apache-get-tag.i.p+lhb-reducer3a59c7.i---hull-1.yml	done	0.029841	0.03331295101088472	31.768576	done	0.025362	0.027251621009781957	31.719424
svcomp2025-cra-monotone-hulls/nla-digbench-scaling/divbin_valuebound507ddbe9.i---hull-1.yml	done	0.030105	0.03396317400620319	31.813632	done	0.028914	0.03118078300030902	31.764480
svcomp2025-termination-monotone-hulls/loops-crafted-1/nested3-249d15e.i---hull-18.yml	done	0.025929	0.030344779981533065	31.457280	done	0.030271	0.03282501897774637	31.399936
svcomp2025-termination-monotone-hulls/nla-digbench-scaling/prodbin-ll_unwindbound2c7cfd3.i---hull-2.yml	done	0.034715	0.03812941999058239	32.301056	done	0.028362	0.030375499016372487	31.830016
svcomp2025-cra-monotone-hulls/nla-digbench/dijkstra0c3d2c.i---hull-5.yml	done	0.079184	0.08265212900005281	33.624064	done	0.03778	0.04016865699668415	32.776192
svcomp2025-cra-monotone-hulls/nla-digbench-scaling/prodbin-ll_unwindbound100c310cf.i---hull-0.yml	done	0.032757	0.03663615699042566	31.973376	done	0.030288	0.03190651899785735	31.809536
svcomp2025-cra-monotone-hulls/nla-digbench-scaling/prodbin-ll_unwindbound5e87262.i---hull-5.yml	done	0.031423	0.03462371198111214	32.071680	done	0.033028	0.03458475699881092	31.817728
svcomp2025-termination-monotone-hulls/loops-crafted-1/nested3-249d15e.i---hull-19.yml	done	0.025221	0.027761271980125457	31.494144	done	0.02409	0.026494265999644995	31.424512
svcomp2025-cra-monotone-hulls/nla-digbench-scaling/prodbin-ll_unwindbound5e87262.i---hull-1.yml	done	0.030646	0.034304494998650625	32.210944	done	0.031625	0.03366543198353611	31.813632
svcomp2025-termination-monotone-hulls/nla-digbench-scaling/hard-ll_unwindbound1003a5334.i---hull-3.yml	done	0.047017	0.05106382901431061	32.808960	done	0.032684	0.034419906995026395	32.309248
svcomp2025-cra-monotone-hulls/nla-digbench-scaling/hard-u_valuebound2072e57b.i---hull-11.yml	done	0.041953	0.04604184100753628	32.378880	done	0.031118	0.03264652198413387	32.309248
svcomp2025-cra-monotone-hulls/nla-digbench-scaling/bresenham-ll_valuebound20ebea83.i---hull-4.yml	done	0.033691	0.038117450021672994	31.997952	done	0.027936	0.03139135902165435	31.797248
svcomp2025-cra-monotone-hulls/nla-digbench-scaling/divbin_valuebound100017000.i---hull-1.yml	done	0.029057	0.032688002014765516	31.801344	done	0.030525	0.03248256799997762	31.776768
svcomp2025-termination-monotone-hulls/nla-digbench-scaling/hard-ll_valuebound5b211d0.i---hull-3.yml	done	0.046198	0.050277614005608484	32.833536	done	0.033308	0.03566543399938382	32.169984
svcomp2025-termination-monotone-hulls/nla-digbench-scaling/hard2_unwindbound10a52fa4.i---hull-2.yml	done	0.036775	0.04080603999318555	32.665600	done	0.031634	0.033639345987467095	32.235520
svcomp2025-cra-monotone-hulls/nla-digbench-scaling/divbin2_valuebound55c1975.i---hull-5.yml	done	0.030382	0.03419377401587553	31.842304	done	0.026592	0.029038356005912647	32.014336
svcomp2025-termination-monotone-hulls/loop-acceleration/phases_2-1161c0e.i---hull-4.yml	done	0.033301	0.037298788025509566	31.576064	done	0.028882	0.03141514598974027	31.649792
svcomp2025-cra-monotone-hulls/nla-digbench-scaling/hard-u_unwindbound10094e83c.i---hull-7.yml	done	0.045854	0.05029831701540388	32.727040	done	0.032439	0.034187993995146826	32.190464
svcomp2025-cra-monotone-hulls/nla-digbench-scaling/divbin_valuebound24b89e9.i---hull-0.yml	done	0.029049	0.03126023500226438	31.817728	done	0.028788	0.030712957988725975	31.772672
svcomp2025-cra-monotone-hulls/nla-digbench-scaling/dijkstra-u_valuebound208594ca.i---hull-3.yml	done	0.068437	0.07221384599688463	33.431552	done	0.042639	0.045009003020823	32.669696
svcomp2025-cra-monotone-hulls/nla-digbench-scaling/prod4br-ll_valuebound100d80ae3.i---hull-1.yml	done	0.050339	0.05361522900057025	33.259520	done	0.036312	0.038363639992894605	32.632832
svcomp2025-termination-monotone-hulls/nla-digbench-scaling/dijkstra-u_valuebound19ff577.i---hull-3.yml	done	0.077606	0.08125668999855407	33.853440	done	0.058325	0.060991650010691956	33.501184
svcomp2025-cra-monotone-hulls/nla-digbench-scaling/hard2_valuebound1754c0b.i---hull-6.yml	done	0.036997	0.040493192995199934	32.296960	done	0.031393	0.03384338700561784	32.124928
svcomp2025-termination-monotone-hulls/nla-digbench/prodbin0ec1ea.i---hull-2.yml	done	0.029907	0.03289075201610103	31.965184	done	0.031583	0.034109032014384866	32.227328
svcomp2025-termination-monotone-hulls/loop-invgen/apache-get-tag.i.p+sep-reducer7ca3df.i---hull-1.yml	done	0.030754	0.03458430099999532	32.419840	done	0.032119	0.03471917798742652	32.083968
svcomp2025-cra-monotone-hulls/nla-digbench-scaling/prodbin-ll_unwindbound20f34355.i---hull-4.yml	done	0.03158	0.035639458015793934	32.079872	done	0.02735	0.0299905400024727	31.809536
svcomp2025-cra-monotone-hulls/nla-digbench-scaling/divbin2_unwindbound50c4468f.i---hull-4.yml	done	0.033254	0.0375754090200644	31.936512	done	0.026613	0.02896397199947387	32.129024
svcomp2025-cra-monotone-hulls/nla-digbench-scaling/hard-u_unwindbound50c0d3cc.i---hull-7.yml	done	0.039858	0.04349641400040127	32.518144	done	0.036212	0.038226064993068576	32.174080
svcomp2025-cra-monotone-hulls/nla-digbench-scaling/prodbin-ll_unwindbound5e87262.i---hull-0.yml	done	0.02972	0.03169345197966322	31.956992	done	0.032604	0.034357989992713556	31.821824
svcomp2025-cra-monotone-hulls/nla-digbench-scaling/divbin_valuebound100017000.i---hull-4.yml	done	0.032806	0.03636803600238636	31.916032	done	0.029757	0.0319094070000574	31.776768
svcomp2025-termination-monotone-hulls/nla-digbench-scaling/dijkstra-u_valuebound5d65948.i---hull-1.yml	done	0.067791	0.07127921099890955	33.452032	done	0.040195	0.04263886599801481	32.563200
svcomp2025-termination-monotone-hulls/nla-digbench/dijkstra-u3b64ee.i---hull-1.yml	done	0.066251	0.07056693400954828	33.472512	done	0.043267	0.04511320500751026	32.563200
svcomp2025-cra-monotone-hulls/nla-digbench-scaling/hard2_valuebound258efae.i---hull-10.yml	done	0.03211	0.03682153898989782	32.083968	done	0.03363	0.036038549995282665	32.165888
svcomp2025-cra-monotone-hulls/nla-digbench-scaling/prod4br-ll_valuebound16e3773.i---hull-0.yml	done	0.049818	0.053797200991539285	33.140736	done	0.03973	0.042204956989735365	32.972800
svcomp2025-termination-monotone-hulls/nla-digbench-scaling/hard-ll_valuebound2359ac6.i---hull-2.yml	done	0.04485	0.04884856499847956	32.665600	done	0.032969	0.03503473399905488	32.182272
svcomp2025-termination-monotone-hulls/nla-digbench-scaling/dijkstra-u_valuebound19ff577.i---hull-2.yml	done	0.079081	0.08360171699314378	33.869824	done	0.050173	0.05239745700964704	33.275904
svcomp2025-cra-monotone-hulls/loop-invgen/apache-get-tag89f1a2.i---hull-8.yml	done	0.028623	0.032815509010106325	31.715328	done	0.028902	0.03117123499396257	31.612928
svcomp2025-cra-monotone-hulls/nla-digbench/dijkstra-uef0502.i---hull-5.yml	done	0.076012	0.08072494500083849	33.894400	done	0.038293	0.04016629798570648	32.837632
svcomp2025-cra-monotone-hulls/nla-digbench-scaling/divbin_unwindbound20de2017.i---hull-1.yml	done	0.033018	0.03768950700759888	31.977472	done	0.030703	0.03276391001418233	31.842304
svcomp2025-cra-monotone-hulls/nla-digbench-scaling/ps2-ll_unwindbound20fdac75.i---hull-2.yml	done	0.031166	0.034215917985420674	31.690752	done	0.028572	0.030325833009555936	31.494144
svcomp2025-termination-monotone-hulls/loops/lu.cmp93f568.i---hull-28.yml	done	0.041542	0.045515325997257605	32.935936	done	0.034998	0.03726074399310164	32.411648
svcomp2025-cra-monotone-hulls/loops/lu.cmp38abe2.i---hull-28.yml	done	0.039477	0.043724804010707885	32.903168	done	0.032923	0.035243758000433445	32.419840
svcomp2025-cra-monotone-hulls/nla-digbench-scaling/prodbin-ll_valuebound10091760a.i---hull-1.yml	done	0.033182	0.03705568501027301	31.834112	done	0.030311	0.03256491699721664	31.789056
svcomp2025-cra-monotone-hulls/nla-digbench-scaling/hard-ll_valuebound2dc4ee1.i---hull-11.yml	done	0.035816	0.04051485800300725	32.284672	done	0.030442	0.03241250501014292	32.309248
svcomp2025-cra-monotone-hulls/nla-digbench-scaling/hard-ll_valuebound52df6e2.i---hull-6.yml	done	0.048712	0.05339120898861438	32.497664	done	0.03369	0.03573276300448924	32.096256
svcomp2025-cra-monotone-hulls/nla-digbench-scaling/hard2_valuebound5a95767.i---hull-6.yml	done	0.037898	0.04215268499683589	32.182272	done	0.031002	0.033834507019491866	32.362496
svcomp2025-cra-monotone-hulls/nla-digbench-scaling/hard-u_unwindbound5ac732b.i---hull-10.yml	done	0.039441	0.043452617013826966	32.387072	done	0.02999	0.03269177800393663	32.317440
svcomp2025-termination-monotone-hulls/loop-industry-pattern/mod3.c.v+lhb-reducer469357.i---hull-3.yml	done	0.02569	0.029822960001183674	31.764480	done	0.025451	0.02760914998361841	31.539200
svcomp2025-termination-monotone-hulls/nla-digbench-scaling/hard2_valuebound50919cbe.i---hull-2.yml	done	0.03849	0.042576602019835263	32.342016	done	0.031273	0.03345830799662508	32.153600
svcomp2025-cra-monotone-hulls/nla-digbench/hardd3a60a.i---hull-10.yml	done	0.037371	0.04116574698127806	32.145408	done	0.029802	0.032366730010835454	32.030720
svcomp2025-termination-monotone-hulls/loop-invgen/apache-get-tag.i.v+nlh-reducer389cf7.i---hull-1.yml	done	0.031507	0.03442361700581387	31.637504	done	0.026854	0.029004585987422615	31.559680
svcomp2025-termination-monotone-hulls/nla-digbench-scaling/hard-u_unwindbound100baac46.i---hull-3.yml	done	0.06031	0.06369486500625499	32.698368	done	0.034906	0.03704567899694666	32.325632
svcomp2025-cra-monotone-hulls/nla-digbench-scaling/prodbin-ll_valuebound21b9197.i---hull-1.yml	done	0.035508	0.03932607400929555	31.965184	done	0.032127	0.03443576701101847	32.432128
svcomp2025-cra-monotone-hulls/nla-digbench-scaling/dijkstra-u_unwindbound10bb20f6.i---hull-3.yml	done	0.055731	0.05934560499736108	33.226752	done	0.039411	0.041506976005621254	32.673792
svcomp2025-cra-monotone-hulls/loop-crafted/simple_vardep_2150c93.i---hull-4.yml	done	0.043625	0.04755886297789402	31.547392	done	0.025409	0.027168708009412512	31.449088
svcomp2025-cra-monotone-hulls/nla-digbench-scaling/dijkstra-u_unwindbound20bb8766.i---hull-3.yml	done	0.072889	0.0753740240179468	33.771520	done	0.041111	0.043500569998286664	32.686080
svcomp2025-cra-monotone-hulls/loops-crafted-1/sumt475868a.i---hull-4.yml	done	0.08483	0.08974143202067353	34.164736	done	0.030093	0.03228543497971259	32.309248
svcomp2025-termination-monotone-hulls/nla-digbench-scaling/prodbin-ll_valuebound2c2c2a1.i---hull-3.yml	done	0.034629	0.03890360498917289	31.834112	done	0.031441	0.03341268401709385	32.104448
svcomp2025-cra-monotone-hulls/nla-digbench-scaling/divbin_valuebound24b89e9.i---hull-1.yml	done	0.032464	0.03593276100582443	31.887360	done	0.028034	0.030070476001128554	31.780864
svcomp2025-cra-monotone-hulls/nla-digbench/dijkstra-uef0502.i---hull-4.yml	done	0.087438	0.09242140597780235	33.890304	done	0.040733	0.042663189000450075	33.062912
svcomp2025-termination-monotone-hulls/loop-invgen/heapsortcf85e7.i---hull-14.yml	done	0.046136	0.04930004698690027	32.440320	done	0.040577	0.04240418100380339	32.063488
svcomp2025-cra-monotone-hulls/nla-digbench-scaling/hard2_valuebound1754c0b.i---hull-11.yml	done	0.035109	0.03947118201176636	32.079872	done	0.032782	0.03513026001746766	32.169984
svcomp2025-termination-monotone-hulls/nla-digbench-scaling/hard2_valuebound15eabfb.i---hull-3.yml	done	0.038817	0.043235580989858136	32.448512	done	0.032234	0.034428521001245826	32.141312
svcomp2025-cra-monotone-hulls/nla-digbench-scaling/hard2_unwindbound201117cf.i---hull-6.yml	done	0.04296	0.04622567500337027	32.464896	done	0.031475	0.03415007799048908	32.198656
svcomp2025-cra-monotone-hulls/loops-crafted-1/nested3-2216ff9.i---hull-7.yml	done	0.02357	0.02664423600072041	31.322112	done	0.02645	0.028015484975185245	31.408128
svcomp2025-termination-monotone-hulls/nla-digbench-scaling/prodbin-ll_unwindbound100a9134e.i---hull-2.yml	done	0.032023	0.03615010698558763	31.952896	done	0.028539	0.030745940981432796	31.821824
svcomp2025-cra-monotone-hulls/nla-digbench-scaling/hard-ll_unwindbound202def98.i---hull-11.yml	done	0.036726	0.03949014897807501	32.378880	done	0.031722	0.03414568302105181	32.153600
svcomp2025-cra-monotone-hulls/nla-digbench-scaling/dijkstra-u_valuebound10369fbb.i---hull-1.yml	done	0.076143	0.08079309601453133	33.783808	done	0.04908	0.05086827100603841	33.144832
svcomp2025-termination-monotone-hulls/loop-invgen/apache-get-tag.i.v+lhb-reducer292e78.i---hull-15.yml	done	0.030476	0.03478870098479092	31.748096	done	0.02681	0.02861408397438936	31.813632
svcomp2025-cra-monotone-hulls/nla-digbench-scaling/hard-ll_valuebound50b6eabd.i---hull-11.yml	done	0.041347	0.045421533985063434	32.382976	done	0.033499	0.03566805101581849	32.182272
svcomp2025-termination-monotone-hulls/nla-digbench-scaling/prod4br-ll_valuebound20eb20be.i---hull-2.yml	done	0.05106	0.055247759009944275	33.054720	done	0.034918	0.03749422400142066	32.886784
svcomp2025-cra-monotone-hulls/loop-invgen/apache-get-tag.i.p+lhb-reducerda5037.i---hull-8.yml	done	0.029429	0.033462809020420536	32.309248	done	0.02989	0.031933657999616116	32.452608
svcomp2025-cra-monotone-hulls/nla-digbench-scaling/hard-ll_valuebound105ba232.i---hull-6.yml	done	0.046551	0.050668081996263936	32.468992	done	0.033475	0.03578644400113262	32.206848
svcomp2025-cra-monotone-hulls/loop-industry-pattern/mod3.c.v+lhb-reducer0f808b.i---hull-5.yml	done	0.027589	0.03249694799887948	31.698944	done	0.024801	0.02707351397839375	31.645696
svcomp2025-cra-monotone-hulls/nla-digbench-scaling/hard2_unwindbound5053bb67.i---hull-10.yml	done	0.033975	0.0359234000206925	32.239616	done	0.034106	0.03599937798571773	32.227328
svcomp2025-cra-monotone-hulls/nla-digbench-scaling/dijkstra-u_valuebound208594ca.i---hull-1.yml	done	0.079376	0.08482219401048496	33.800192	done	0.053855	0.056090538011631	33.206272
svcomp2025-cra-monotone-hulls/nla-digbench-scaling/divbin_unwindbound100a6cfbd.i---hull-1.yml	done	0.034387	0.038756606983952224	31.977472	done	0.031513	0.03321047901408747	32.018432
svcomp2025-cra-monotone-hulls/loop-zilu/benchmark39_conjunctive62c345.i---hull-3.yml	done	0.025994	0.029881019989261404	31.297536	done	0.030231	0.03207301898510195	31.248384
svcomp2025-cra-monotone-hulls/nla-digbench-scaling/prodbin-ll_valuebound20995776.i---hull-4.yml	done	0.031116	0.034047500987071544	31.838208	done	0.028879	0.030835276003926992	31.752192
svcomp2025-termination-monotone-hulls/loop-industry-pattern/mod3.c.v+lhb-reducer469357.i---hull-5.yml	done	0.031397	0.03524406100041233	31.924224	done	0.036517	0.03890550500364043	31.670272
svcomp2025-cra-monotone-hulls/loop-industry-pattern/mod3.c.v+lhb-reducer0f808b.i---hull-3.yml	done	0.027242	0.03103015699889511	31.752192	done	0.027121	0.029260925017297268	31.531008
svcomp2025-termination-monotone-hulls/nla-digbench-scaling/dijkstra-u_unwindbound1008fedd5.i---hull-3.yml	done	0.101101	0.10498713699053042	34.529280	done	0.056079	0.058664445008616894	33.456128
svcomp2025-termination-monotone-hulls/nla-digbench-scaling/hard-u_valuebound2908559.i---hull-2.yml	done	0.046551	0.05106791798607446	32.604160	done	0.032462	0.03429868200328201	32.169984
svcomp2025-cra-monotone-hulls/loop-acceleration/phases_2-1cbbb87.i---hull-3.yml	done	0.026208	0.029690138006117195	31.563776	done	0.025252	0.027995317010208964	31.723520
svcomp2025-termination-monotone-hulls/loop-invgen/apache-get-tag.i.p+lhb-reducer3a59c7.i---hull-0.yml	done	0.02706	0.030858671001624316	31.756288	done	0.027858	0.030145511002046987	31.703040
svcomp2025-termination-monotone-hulls/nla-digbench/dijkstra-u3b64ee.i---hull-3.yml	done	0.074978	0.07908603001851588	33.869824	done	0.049848	0.05162126099457964	33.271808
svcomp2025-termination-monotone-hulls/nla-digbench-scaling/dijkstra-u_unwindbound22d8663.i---hull-3.yml	done	0.087367	0.09065613901475444	34.418688	done	0.052352	0.054172728006960824	33.701888
svcomp2025-termination-monotone-hulls/loop-industry-pattern/mod3.c.v+sep-reducer7ddc28.i---hull-19.yml	done	0.032108	0.03596248899702914	31.891456	done	0.027454	0.030108386010397226	31.821824
svcomp2025-cra-monotone-hulls/loop-industry-pattern/mod3.c.v+lhb-reducer0f808b.i---hull-4.yml	done	0.034834	0.03955413101357408	31.834112	done	0.027182	0.029302411014214158	31.649792
svcomp2025-termination-monotone-hulls/nla-digbench-scaling/dijkstra-u_valuebound100108d8c.i---hull-1.yml	done	0.074131	0.07619259800412692	33.456128	done	0.039935	0.04211656498955563	32.546816
svcomp2025-cra-monotone-hulls/loop-crafted/simple_vardep_12e314a.i---hull-3.yml	done	0.025749	0.029931650002254173	31.547392	done	0.029235	0.031475696014240384	31.395840
svcomp2025-termination-monotone-hulls/loops-crafted-1/nested3-2_abstracted866dfb.i---hull-2.yml	done	0.024646	0.030484921007882804	31.232000	done	0.024601	0.027056282007833943	31.506432
svcomp2025-cra-monotone-hulls/nla-digbench-scaling/hard-u_unwindbound203e737e.i---hull-6.yml	done	0.043481	0.04760450997855514	32.501760	done	0.03696	0.03850370500003919	32.374784
svcomp2025-termination-monotone-hulls/loop-invgen/apache-get-tag.i.v+lhb-reducer292e78.i---hull-7.yml	done	0.030127	0.033590776001801714	32.194560	done	0.028327	0.031099936983082443	32.088064
svcomp2025-termination-monotone-hulls/nla-digbench-scaling/divbin_unwindbound1000752b4.i---hull-2.yml	done	0.032522	0.03697013499913737	32.014336	done	0.027951	0.03021636899211444	31.920128
svcomp2025-cra-monotone-hulls/nla-digbench-scaling/divbin2_valuebound500f33cb.i---hull-4.yml	done	0.029459	0.03300838198629208	31.768576	done	0.028502	0.030684405006468296	32.014336
svcomp2025-cra-monotone-hulls/nla-digbench-scaling/divbin_unwindbound104dd638.i---hull-4.yml	done	0.037672	0.04188284600968473	32.366592	done	0.032839	0.03517207599361427	32.026624
svcomp2025-termination-monotone-hulls/loops-crafted-1/nested3-249d15e.i---hull-17.yml	done	0.023695	0.02774821300408803	31.297536	done	0.026595	0.028882471000542864	31.449088
svcomp2025-cra-monotone-hulls/loop-crafted/simple_vardep_12e314a.i---hull-2.yml	done	0.028488	0.03217041498282924	31.453184	done	0.03116	0.033281270996667445	31.248384
svcomp2025-cra-monotone-hulls/nla-digbench-scaling/hard-u_unwindbound2359161.i---hull-7.yml	done	0.041222	0.045600237004691735	32.579584	done	0.035161	0.03796915500424802	32.190464
svcomp2025-cra-monotone-hulls/nla-digbench-scaling/divbin2_unwindbound5c533cd.i---hull-5.yml	done	0.036548	0.040388378984062	32.382976	done	0.028738	0.030799196974840015	32.014336
svcomp2025-cra-monotone-hulls/nla-digbench-scaling/dijkstra-u_valuebound1c0b41a.i---hull-1.yml	done	0.080709	0.08469981100643054	33.792000	done	0.048765	0.050477240001782775	33.234944
svcomp2025-cra-monotone-hulls/nla-digbench-scaling/hard-ll_valuebound2dc4ee1.i---hull-6.yml	done	0.047563	0.053733355016447604	32.473088	done	0.031933	0.033926174975931644	32.186368
svcomp2025-cra-monotone-hulls/nla-digbench-scaling/hard-ll_valuebound2dc4ee1.i---hull-7.yml	done	0.052243	0.057070260983891785	32.477184	done	0.032594	0.03528841899242252	32.100352
svcomp2025-cra-monotone-hulls/nla-digbench-scaling/divbin_unwindbound2e707c2.i---hull-0.yml	done	0.035624	0.03939237300073728	31.985664	done	0.033971	0.03640138602349907	31.977472
svcomp2025-cra-monotone-hulls/nla-digbench-scaling/divbin_unwindbound20de2017.i---hull-4.yml	done	0.038238	0.04137116498895921	32.247808	done	0.03106	0.033327812008792534	31.985664
svcomp2025-cra-monotone-hulls/nla-digbench-scaling/prodbin-ll_unwindbound15e3d5e.i---hull-5.yml	done	0.030874	0.03319790298701264	31.899648	done	0.030246	0.03230788200744428	31.805440
svcomp2025-cra-monotone-hulls/nla-digbench-scaling/dijkstra-u_valuebound2307724.i---hull-4.yml	done	0.077424	0.0810688640049193	33.918976	done	0.036428	0.038947866996750236	32.804864
svcomp2025-cra-monotone-hulls/nla-digbench-scaling/hard-ll_valuebound50b6eabd.i---hull-7.yml	done	0.045599	0.04898834999767132	32.477184	done	0.032996	0.0347668050089851	32.436224
svcomp2025-termination-monotone-hulls/nla-digbench-scaling/hard-ll_unwindbound2781516.i---hull-3.yml	done	0.045684	0.049292935989797115	32.616448	done	0.032243	0.03436090800096281	32.243712
svcomp2025-termination-monotone-hulls/nla-digbench-scaling/hard-ll_unwindbound10bf03ee.i---hull-3.yml	done	0.04714	0.05136891800793819	32.612352	done	0.034021	0.03598560200771317	32.325632
svcomp2025-cra-monotone-hulls/nla-digbench-scaling/prodbin-ll_unwindbound106f6fa1.i---hull-1.yml	done	0.032719	0.0362937530153431	32.382976	done	0.029068	0.030936288996599615	31.838208
svcomp2025-termination-monotone-hulls/nla-digbench-scaling/divbin_unwindbound508a40b8.i---hull-2.yml	done	0.034208	0.038671977003104985	32.010240	done	0.032633	0.03516993598896079	31.956992
svcomp2025-termination-monotone-hulls/loop-acceleration/phases_2-1161c0e.i---hull-5.yml	done	0.027139	0.03049172298051417	31.633408	done	0.025389	0.02680243001668714	31.723520
svcomp2025-cra-monotone-hulls/nla-digbench-scaling/divbin2_valuebound2cb4e19.i---hull-4.yml	done	0.029461	0.03284306899877265	31.817728	done	0.027216	0.02904049601056613	31.756288
svcomp2025-cra-monotone-hulls/nla-digbench-scaling/hard2_valuebound100c8c7be.i---hull-7.yml	done	0.037873	0.040231838007457554	32.161792	done	0.031874	0.03460963600082323	32.370688
svcomp2025-cra-monotone-hulls/nla-digbench-scaling/dijkstra-u_unwindbound10bb20f6.i---hull-5.yml	done	0.071596	0.07461209601024166	34.054144	done	0.038015	0.040695105999475345	32.768000
svcomp2025-cra-monotone-hulls/loop-acceleration/diamond_1-2fe2c9f.i---hull-4.yml	done	0.037581	0.04072610998991877	31.543296	done	0.023593	0.02609097698586993	31.596544
svcomp2025-cra-monotone-hulls/nla-digbench-scaling/divbin2_unwindbound10023776.i---hull-5.yml	done	0.030649	0.03416158599429764	31.936512	done	0.034865	0.03722709001158364	32.333824
svcomp2025-cra-monotone-hulls/nla-digbench-scaling/hard-ll_unwindbound227b325.i---hull-6.yml	done	0.048647	0.05095965098007582	32.509952	done	0.030732	0.032799102016724646	32.186368
svcomp2025-cra-monotone-hulls/nla-digbench-scaling/hard-u_valuebound1002ba09b.i---hull-10.yml	done	0.034106	0.03770639799768105	32.198656	done	0.034544	0.03651979300775565	32.079872
svcomp2025-termination-monotone-hulls/nla-digbench-scaling/prodbin-ll_valuebound50062f4a.i---hull-3.yml	done	0.033785	0.037250898021738976	31.899648	done	0.03111	0.03420237801037729	31.924224
svcomp2025-cra-monotone-hulls/nla-digbench-scaling/prodbin-ll_valuebound5cb3640.i---hull-1.yml	done	0.031893	0.03551145701203495	32.002048	done	0.029738	0.032049380999524146	31.784960
svcomp2025-termination-monotone-hulls/loop-invgen/apache-get-tag13d8d1.i---hull-10.yml	done	0.033012	0.03648509501363151	31.309824	done	0.025232	0.02744258099119179	31.277056
svcomp2025-cra-monotone-hulls/loop-invgen/apache-get-tag.i.v+lhb-reducer19c3f0.i---hull-3.yml	done	0.028034	0.031578733993228525	31.637504	done	0.028855	0.031140103994403034	31.567872
svcomp2025-cra-monotone-hulls/nla-digbench-scaling/hard-ll_valuebound52df6e2.i---hull-11.yml	done	0.045008	0.04712246300186962	32.215040	done	0.032014	0.0340562229976058	32.051200
svcomp2025-cra-monotone-hulls/nla-digbench/hard-u276981.i---hull-11.yml	done	0.04597	0.04944452800555155	32.346112	done	0.0322	0.0342037100053858	32.333824
svcomp2025-cra-monotone-hulls/nla-digbench-scaling/hard-ll_valuebound2dc4ee1.i---hull-10.yml	done	0.041287	0.04489754600217566	32.309248	done	0.031298	0.033375782979419455	32.055296
svcomp2025-cra-monotone-hulls/nla-digbench-scaling/prod4br-ll_valuebound50e8a606.i---hull-1.yml	done	0.057724	0.06092687899945304	33.071104	done	0.035218	0.0374187909765169	32.641024
svcomp2025-cra-monotone-hulls/nla-digbench-scaling/divbin_unwindbound100a6cfbd.i---hull-0.yml	done	0.035775	0.03903318999800831	31.969280	done	0.02993	0.031985606998205185	31.993856
svcomp2025-cra-monotone-hulls/loop-invgen/apache-get-tag.i.v+lhb-reducer19c3f0.i---hull-11.yml	done	0.033947	0.03788473998429254	32.456704	done	0.029236	0.03172901799553074	32.198656
svcomp2025-cra-monotone-hulls/nla-digbench-scaling/divbin2_unwindbound10012550b.i---hull-4.yml	done	0.030839	0.034503528993809596	31.948800	done	0.030615	0.03273095699842088	31.985664
svcomp2025-cra-monotone-hulls/nla-digbench-scaling/prodbin-ll_valuebound10091760a.i---hull-4.yml	done	0.03129	0.034380274009890854	32.194560	done	0.027803	0.03073969599790871	31.739904
svcomp2025-termination-monotone-hulls/nla-digbench-scaling/hard-ll_valuebound104ee9a5.i---hull-3.yml	done	0.049047	0.05271440200158395	32.612352	done	0.037122	0.039253555005416274	32.268288
svcomp2025-cra-monotone-hulls/nla-digbench-scaling/divbin2_valuebound100e2617a.i---hull-4.yml	done	0.031417	0.03475184098351747	31.969280	done	0.029149	0.03135438001481816	31.911936
svcomp2025-termination-monotone-hulls/nla-digbench-scaling/divbin_valuebound50e09106.i---hull-2.yml	done	0.035072	0.03833074899739586	31.870976	done	0.028321	0.031266914011212066	32.018432
svcomp2025-termination-monotone-hulls/nla-digbench-scaling/divbin_unwindbound10617c7a.i---hull-3.yml	done	0.039111	0.042410041991388425	31.989760	done	0.030925	0.033395628997823223	31.907840
svcomp2025-cra-monotone-hulls/loop-invgen/apache-get-tag.i.p+lhb-reducerda5037.i---hull-10.yml	done	0.038573	0.0418164310103748	32.673792	done	0.030856	0.0334521519835107	32.460800
svcomp2025-termination-monotone-hulls/loops-crafted-1/nested3-2_abstracted866dfb.i---hull-1.yml	done	0.028761	0.03193703800207004	31.252480	done	0.026303	0.028190462006023154	31.399936
svcomp2025-cra-monotone-hulls/nla-digbench-scaling/dijkstra-u_unwindbound20bb8766.i---hull-2.yml	done	0.06485	0.0682132389920298	33.734656	done	0.03977	0.04142202000366524	32.677888
svcomp2025-cra-monotone-hulls/nla-digbench-scaling/divbin_unwindbound20de2017.i---hull-0.yml	done	0.036418	0.03991380601655692	31.973376	done	0.027779	0.03023282700451091	31.838208
svcomp2025-cra-monotone-hulls/nla-digbench-scaling/divbin2_valuebound100e2617a.i---hull-5.yml	done	0.031672	0.03524655298679136	31.764480	done	0.028042	0.029781227989587933	31.887360
svcomp2025-cra-monotone-hulls/nla-digbench-scaling/ps2-ll_unwindbound102a744e.i---hull-4.yml	done	0.028653	0.03265986399492249	31.748096	done	0.025281	0.028079403011361137	31.502336
svcomp2025-termination-monotone-hulls/nla-digbench-scaling/dijkstra-u_valuebound5038749b.i---hull-3.yml	done	0.07824	0.08225679001770914	33.865728	done	0.050565	0.05295447798562236	33.275904
svcomp2025-cra-monotone-hulls/nla-digbench-scaling/hard-ll_unwindbound566b261.i---hull-11.yml	done	0.036726	0.0412157800165005	32.374784	done	0.031251	0.03426843401393853	32.153600
svcomp2025-cra-monotone-hulls/nla-digbench-scaling/prodbin-ll_unwindbound15e3d5e.i---hull-4.yml	done	0.033045	0.036526576994219795	31.899648	done	0.030791	0.032717371999751776	31.891456
svcomp2025-cra-monotone-hulls/nla-digbench-scaling/dijkstra-u_valuebound50e90558.i---hull-0.yml	done	0.083139	0.08548667901777662	33.779712	done	0.045903	0.048212126013822854	33.148928
svcomp2025-cra-monotone-hulls/nla-digbench-scaling/hard-ll_unwindbound202def98.i---hull-7.yml	done	0.044324	0.046730267989914864	32.534528	done	0.031716	0.034399727010168135	32.366592
svcomp2025-cra-monotone-hulls/nla-digbench-scaling/hard-u_valuebound561a8b1.i---hull-11.yml	done	0.037258	0.04081954702269286	32.141312	done	0.031777	0.0339296150195878	32.129024
svcomp2025-cra-monotone-hulls/nla-digbench-scaling/prodbin-ll_valuebound21b9197.i---hull-4.yml	done	0.030256	0.03350529199815355	31.834112	done	0.027234	0.02907746599521488	31.731712
svcomp2025-cra-monotone-hulls/nla-digbench-scaling/prodbin-ll_valuebound167d1c9.i---hull-0.yml	done	0.038789	0.042158127995207906	31.907840	done	0.028235	0.030409414001042023	31.809536
svcomp2025-termination-monotone-hulls/nla-digbench-scaling/prodbin-ll_unwindbound111835c.i---hull-2.yml	done	0.038369	0.04197020499850623	31.969280	done	0.028743	0.03135155898053199	31.821824
svcomp2025-cra-monotone-hulls/loop-invgen/apache-get-tag.i.p+sep-reducerdf2116.i---hull-4.yml	done	0.035591	0.03835899298428558	32.305152	done	0.03109	0.033657057996606454	32.493568
svcomp2025-termination-monotone-hulls/nla-digbench-scaling/hard-u_unwindbound10f7cbb5.i---hull-3.yml	done	0.04817	0.05158071900950745	32.686080	done	0.036702	0.0401092309912201	32.260096
svcomp2025-termination-monotone-hulls/nla-digbench-scaling/ps2-ll_unwindbound100a4b040.i---hull-1.yml	done	0.030339	0.033670850010821596	31.776768	done	0.029491	0.031903376016998664	31.797248
svcomp2025-termination-monotone-hulls/nla-digbench-scaling/hard-ll_unwindbound503d8a55.i---hull-3.yml	done	0.046552	0.05072961500263773	32.604160	done	0.034275	0.03708909300621599	32.251904
svcomp2025-termination-monotone-hulls/nla-digbench-scaling/divbin_unwindbound5cdff07.i---hull-2.yml	done	0.03173	0.035972382000181824	32.026624	done	0.028344	0.031095901009393856	32.149504
svcomp2025-cra-monotone-hulls/nla-digbench-scaling/hard-ll_unwindbound227b325.i---hull-11.yml	done	0.038712	0.04297230698284693	32.382976	done	0.029778	0.03154455201001838	32.362496
svcomp2025-cra-monotone-hulls/nla-digbench-scaling/ps2-ll_unwindbound20fdac75.i---hull-3.yml	done	0.037332	0.040816902997903526	31.854592	done	0.030335	0.03207609200035222	31.924224
svcomp2025-termination-monotone-hulls/nla-digbench-scaling/dijkstra-u_valuebound10f1caa5.i---hull-0.yml	done	0.065893	0.0703227480116766	33.452032	done	0.037227	0.03897832101210952	32.563200
svcomp2025-cra-monotone-hulls/loops-crafted-1/nested3-2_abstracted9709ff.i---hull-4.yml	done	0.023397	0.027071727003203705	31.207424	done	0.02612	0.028061448014341295	31.412224
svcomp2025-cra-monotone-hulls/nla-digbench-scaling/dijkstra-u_valuebound2307724.i---hull-5.yml	done	0.079508	0.08298796199960634	33.947648	done	0.037378	0.03938747299253009	32.632832
svcomp2025-cra-monotone-hulls/nla-digbench-scaling/hard-ll_unwindbound50945b5e.i---hull-7.yml	done	0.04452	0.04874086499330588	32.743424	done	0.031213	0.03326883798581548	32.301056
svcomp2025-cra-monotone-hulls/nla-digbench-scaling/prodbin-ll_valuebound20995776.i---hull-1.yml	done	0.029694	0.034112363995518535	31.952896	done	0.027994	0.030423192016314715	32.088064
svcomp2025-cra-monotone-hulls/nla-digbench-scaling/ps2-ll_unwindbound20fdac75.i---hull-4.yml	done	0.03225	0.03624544802005403	31.817728	done	0.025303	0.02741800301009789	31.735808
svcomp2025-termination-monotone-hulls/nla-digbench/prodbin0ec1ea.i---hull-3.yml	done	0.032185	0.03565101799904369	31.834112	done	0.028468	0.030573266005376354	31.961088
svcomp2025-cra-monotone-hulls/nla-digbench-scaling/dijkstra-u_valuebound10369fbb.i---hull-3.yml	done	0.067285	0.07118835800793022	33.570816	done	0.036204	0.038736016023904085	32.550912
svcomp2025-cra-monotone-hulls/loop-new/half599671.i---hull-3.yml	done	0.028372	0.031843120988924056	31.830016	done	0.025198	0.027489433996379375	31.690752
svcomp2025-termination-monotone-hulls/loop-invgen/apache-get-tag13d8d1.i---hull-0.yml	done	0.036815	0.040249928017146885	31.686656	done	0.026387	0.02949478800292127	31.490048
svcomp2025-cra-monotone-hulls/nla-digbench-scaling/divbin2_valuebound500f33cb.i---hull-5.yml	done	0.029307	0.03356856101891026	31.993856	done	0.026759	0.029430410999339074	31.760384
svcomp2025-termination-monotone-hulls/nla-digbench-scaling/hard2_valuebound21ded15.i---hull-2.yml	done	0.0383	0.04183402401395142	32.309248	done	0.032074	0.034492300008423626	32.210944
svcomp2025-cra-monotone-hulls/nla-digbench/prodbin7f283a.i---hull-5.yml	done	0.029519	0.033178767014760524	31.809536	done	0.027098	0.029428901005303487	31.715328
svcomp2025-cra-monotone-hulls/nla-digbench-scaling/divbin_unwindbound5616f82.i---hull-0.yml	done	0.034685	0.038448313978733495	32.063488	done	0.029837	0.032183105999138206	32.047104
svcomp2025-cra-monotone-hulls/nla-digbench/prodbin-ll6a534f.i---hull-0.yml	done	0.028948	0.032263834989862517	31.817728	done	0.029849	0.03215439201449044	31.748096
svcomp2025-cra-monotone-hulls/nla-digbench-scaling/divbin_unwindbound104dd638.i---hull-5.yml	done	0.041568	0.044737792981322855	32.104448	done	0.031982	0.034071821020916104	32.026624
svcomp2025-cra-monotone-hulls/loop-crafted/simple_vardep_2150c93.i---hull-3.yml	done	0.036058	0.039826524996897206	31.531008	done	0.026439	0.028688260004855692	31.596544
svcomp2025-cra-monotone-hulls/loop-invgen/apache-get-tag.i.v+lhb-reducer19c3f0.i---hull-4.yml	done	0.027093	0.031305915996199474	31.883264	done	0.026139	0.02837952898698859	31.571968
svcomp2025-cra-monotone-hulls/loops-crafted-1/sumt3144a79.i---hull-5.yml	done	0.046681	0.05130766797810793	32.866304	done	0.03044	0.0322225030104164	31.977472
svcomp2025-cra-monotone-hulls/nla-digbench-scaling/hard2_valuebound101d6aed.i---hull-10.yml	done	0.036068	0.04076184600125998	32.067584	done	0.031725	0.03428405101294629	32.182272
svcomp2025-termination-monotone-hulls/nla-digbench-scaling/hard-ll_valuebound1a26892.i---hull-3.yml	done	0.035575	0.038270074990577996	32.190464	done	0.032401	0.03490338401752524	32.161792
svcomp2025-cra-monotone-hulls/nla-digbench-scaling/dijkstra-u_valuebound2307724.i---hull-1.yml	done	0.076847	0.08095663800486363	33.787904	done	0.044972	0.04728978002094664	33.411072
svcomp2025-termination-monotone-hulls/loop-invgen/apache-get-tag13d8d1.i---hull-9.yml	done	0.026962	0.03060229800757952	31.338496	done	0.02408	0.027499779011122882	31.412224
svcomp2025-cra-monotone-hulls/loop-invgen/heapsort1d56f4.i---hull-8.yml	done	0.044159	0.048520413984078914	32.448512	done	0.033173	0.03571326201199554	32.067584
svcomp2025-termination-monotone-hulls/nla-digbench-scaling/hard2_unwindbound51dd916.i---hull-3.yml	done	0.041329	0.044166110979858786	32.591872	done	0.030772	0.03328297901316546	32.247808
svcomp2025-termination-monotone-hulls/nla-digbench-scaling/dijkstra-u_unwindbound1008fedd5.i---hull-1.yml	done	0.06242	0.06656564402510412	33.587200	done	0.04063	0.04292338198865764	32.686080
svcomp2025-cra-monotone-hulls/nla-digbench-scaling/divbin_unwindbound104dd638.i---hull-1.yml	done	0.034898	0.03845505299977958	32.215040	done	0.02986	0.032151449006050825	31.850496
svcomp2025-cra-monotone-hulls/loop-invgen/MADWiFi-encode_ie_ok772af5.i---hull-3.yml	done	0.029171	0.033569549006642774	31.703040	done	0.031321	0.03332444099942222	31.432704
svcomp2025-cra-monotone-hulls/nla-digbench-scaling/bresenham-ll_valuebound10473230.i---hull-4.yml	done	0.03361	0.0376570759981405	32.002048	done	0.025448	0.027233953005634248	31.744000
svcomp2025-cra-monotone-hulls/nla-digbench-scaling/dijkstra-u_unwindbound50142a22.i---hull-1.yml	done	0.08196	0.08590807399014011	34.029568	done	0.052782	0.055503552983282134	33.558528
svcomp2025-termination-monotone-hulls/nla-digbench/hard-ll2b9358.i---hull-2.yml	done	0.046904	0.051026919012656435	32.927744	done	0.031159	0.03352565399836749	32.210944
svcomp2025-termination-monotone-hulls/loop-invgen/apache-get-tag.i.v+lhb-reducer292e78.i---hull-17.yml	done	0.025836	0.030258183978730813	31.621120	done	0.026162	0.02871608699206263	31.563776
svcomp2025-termination-monotone-hulls/nla-digbench-scaling/hard-u_unwindbound2067ac51.i---hull-3.yml	done	0.046407	0.049918814009288326	32.780288	done	0.031773	0.034275868005352095	32.268288
svcomp2025-termination-monotone-hulls/nla-digbench-scaling/dijkstra-u_unwindbound201e882d.i---hull-0.yml	done	0.065377	0.06892230300582014	33.456128	done	0.037747	0.04111122398171574	32.665600
svcomp2025-termination-monotone-hulls/nla-digbench/prod4br1655a2.i---hull-7.yml	done	0.032703	0.03569658999913372	32.567296	done	0.029607	0.03237887000432238	32.620544
svcomp2025-cra-monotone-hulls/nla-digbench-scaling/hard-u_valuebound105899af.i---hull-11.yml	done	0.036954	0.04073812800925225	32.141312	done	0.029308	0.03206888699787669	32.047104
svcomp2025-termination-monotone-hulls/nla-digbench-scaling/divbin_unwindbound25824cf.i---hull-2.yml	done	0.033878	0.03789850999601185	32.002048	done	0.027533	0.029930572025477886	31.940608
svcomp2025-termination-monotone-hulls/nla-digbench-scaling/egcd3-ll_unwindbound506ddb8.i---hull-29.yml	done	0.07493	0.07871239900123328	34.369536	done	0.037443	0.03964091301895678	32.604160
svcomp2025-cra-monotone-hulls/nla-digbench/dijkstra-uef0502.i---hull-0.yml	done	0.075668	0.0793177850136999	33.771520	done	0.045602	0.048231557972030714	33.406976
svcomp2025-termination-monotone-hulls/loop-invgen/apache-get-tag.i.p+lhb-reducer3a59c7.i---hull-15.yml	done	0.02814	0.03135626998846419	32.026624	done	0.031692	0.03377380900201388	31.715328
svcomp2025-termination-monotone-hulls/loop-invgen/apache-get-tag.i.p+lhb-reducer3a59c7.i---hull-6.yml	done	0.033556	0.03708747398923151	32.370688	done	0.032826	0.035434491001069546	32.210944
svcomp2025-cra-monotone-hulls/nla-digbench-scaling/hard-u_valuebound2072e57b.i---hull-10.yml	done	0.034335	0.03877022900269367	32.370688	done	0.031552	0.03413813599036075	32.063488
svcomp2025-cra-monotone-hulls/nla-digbench-scaling/dijkstra-u_unwindbound2fe0114.i---hull-3.yml	done	0.072643	0.07643508198088966	33.710080	done	0.039381	0.04212482200819068	32.817152
svcomp2025-cra-monotone-hulls/nla-digbench/divbin2028071.i---hull-5.yml	done	0.030667	0.03484097801265307	31.764480	done	0.027507	0.03025532400351949	32.022528
svcomp2025-termination-monotone-hulls/nla-digbench-scaling/divbin_valuebound1019239f.i---hull-2.yml	done	0.033453	0.035261355980765074	31.899648	done	0.03019	0.03234891299507581	32.198656
svcomp2025-cra-monotone-hulls/nla-digbench-scaling/hard-u_unwindbound5ac732b.i---hull-6.yml	done	0.043853	0.04751881302217953	32.485376	done	0.034047	0.036635722004575655	32.362496
svcomp2025-cra-monotone-hulls/nla-digbench-scaling/dijkstra-u_valuebound50e90558.i---hull-1.yml	done	0.078404	0.08259458499378525	33.792000	done	0.053292	0.055773187981685624	33.673216
svcomp2025-cra-monotone-hulls/loop-invariants/consta63efa.i---hull-5.yml	done	0.026429	0.03022961100214161	31.649792	done	0.026024	0.028073566005332395	31.379456
svcomp2025-cra-monotone-hulls/nla-digbench-scaling/hard-ll_unwindbound566b261.i---hull-6.yml	done	0.043136	0.04729705001227558	32.751616	done	0.031502	0.033625837008003145	32.280576
svcomp2025-cra-monotone-hulls/nla-digbench-scaling/hard2_valuebound101d6aed.i---hull-7.yml	done	0.036928	0.04026976600289345	32.157696	done	0.031207	0.033529521024320275	32.104448
svcomp2025-cra-monotone-hulls/nla-digbench-scaling/prodbin-ll_unwindbound100c310cf.i---hull-4.yml	done	0.030061	0.03382113698171452	31.936512	done	0.02822	0.030930561013519764	32.251904
svcomp2025-cra-monotone-hulls/nla-digbench-scaling/prodbin-ll_valuebound503cdb63.i---hull-5.yml	done	0.030159	0.03416901401942596	31.842304	done	0.026019	0.028182095004012808	31.744000
svcomp2025-termination-monotone-hulls/loop-invgen/apache-get-tag13d8d1.i---hull-8.yml	done	0.027135	0.031200097990222275	31.322112	done	0.025862	0.02822067597298883	31.272960
svcomp2025-cra-monotone-hulls/nla-digbench-scaling/prodbin-ll_valuebound1052fcb4.i---hull-5.yml	done	0.029419	0.03376060799928382	31.842304	done	0.027906	0.030200484005035833	31.850496
svcomp2025-termination-monotone-hulls/loop-invgen/heapsortcf85e7.i---hull-18.yml	done	0.043511	0.047923897014698014	32.452608	done	0.038635	0.04075675699277781	32.022528
svcomp2025-cra-monotone-hulls/nla-digbench-scaling/dijkstra-u_unwindbound100e4c5c3.i---hull-3.yml	done	0.079007	0.08376683801179752	34.144256	done	0.040771	0.043116164015373215	32.886784
svcomp2025-termination-monotone-hulls/nla-digbench-scaling/prod4br-ll_valuebound291abdb.i---hull-3.yml	done	0.046717	0.05040013600955717	33.087488	done	0.03838	0.04094291100045666	32.800768
svcomp2025-termination-monotone-hulls/nla-digbench-scaling/ps2-ll_unwindbound5091e481.i---hull-0.yml	done	0.029758	0.03357664798386395	31.707136	done	0.029202	0.031126282003242522	31.748096
svcomp2025-cra-monotone-hulls/loops/ludcmp9a1f18.i---hull-28.yml	done	0.041611	0.0453521880262997	33.009664	done	0.034803	0.0369851810100954	32.395264
svcomp2025-termination-monotone-hulls/nla-digbench/dijkstra-u3b64ee.i---hull-0.yml	done	0.068047	0.0719774310127832	33.460224	done	0.038299	0.04037294498994015	32.677888
svcomp2025-cra-monotone-hulls/nla-digbench-scaling/hard-u_valuebound156c752.i---hull-6.yml	done	0.03894	0.04233172000385821	32.563200	done	0.030588	0.03250849700998515	32.104448
svcomp2025-cra-monotone-hulls/nla-digbench-scaling/hard-u_unwindbound10094e83c.i---hull-6.yml	done	0.041023	0.04407537498627789	32.739328	done	0.033809	0.036390874010976404	32.280576
svcomp2025-termination-monotone-hulls/loop-invgen/apache-get-tag.i.p+lhb-reducer3a59c7.i---hull-7.yml	done	0.030818	0.03534268299699761	32.292864	done	0.030526	0.032851976982783526	32.317440
svcomp2025-cra-monotone-hulls/nla-digbench-scaling/dijkstra-u_unwindbound50142a22.i---hull-4.yml	done	0.087278	0.09226051499717869	34.652160	done	0.038514	0.04136852899682708	32.862208
svcomp2025-cra-monotone-hulls/nla-digbench-scaling/dijkstra-u_valuebound1002d0ee2.i---hull-4.yml	done	0.084059	0.08732658802182414	33.898496	done	0.039145	0.04087708401493728	32.858112
svcomp2025-termination-monotone-hulls/nla-digbench/prod4br-llb2d231.i---hull-4.yml	done	0.033378	0.03702872898429632	32.526336	done	0.031548	0.03436917898943648	32.468992
svcomp2025-cra-monotone-hulls/nla-digbench-scaling/divbin_valuebound5509417.i---hull-1.yml	done	0.029706	0.032346841995604336	31.875072	done	0.030964	0.03332142697763629	31.772672
svcomp2025-cra-monotone-hulls/nla-digbench-scaling/prod4br-ll_valuebound5db323d.i---hull-0.yml	done	0.060302	0.06428986700484529	33.075200	done	0.040159	0.0425874600186944	32.641024
svcomp2025-cra-monotone-hulls/nla-digbench-scaling/divbin2_valuebound2cb4e19.i---hull-5.yml	done	0.030021	0.03404289501486346	31.764480	done	0.027339	0.029965875000925735	31.764480
svcomp2025-cra-monotone-hulls/nla-digbench-scaling/hard-ll_unwindbound50945b5e.i---hull-11.yml	done	0.038081	0.041447907977271825	32.567296	done	0.031415	0.034367536019999534	32.198656
svcomp2025-cra-monotone-hulls/nla-digbench/divbin3ce762.i---hull-4.yml	done	0.036306	0.040912068012403324	32.223232	done	0.03086	0.03341920400271192	31.899648
svcomp2025-cra-monotone-hulls/nla-digbench-scaling/prodbin-ll_valuebound1052fcb4.i---hull-1.yml	done	0.034162	0.037386416021035984	31.924224	done	0.03065	0.033221688005141914	31.793152
svcomp2025-cra-monotone-hulls/nla-digbench/hardd3a60a.i---hull-6.yml	done	0.044772	0.04837994000990875	32.632832	done	0.031858	0.03400444699218497	31.981568
svcomp2025-termination-monotone-hulls/nla-digbench-scaling/dijkstra-u_unwindbound50acc6ee.i---hull-0.yml	done	0.075011	0.07922015199437737	33.931264	done	0.044726	0.04769868098082952	33.013760
svcomp2025-cra-monotone-hulls/nla-digbench-scaling/bresenham-ll_valuebound50080a2.i---hull-4.yml	done	0.033221	0.03613163699628785	32.059392	done	0.026767	0.029647226008819416	31.797248
svcomp2025-cra-monotone-hulls/nla-digbench/prodbin7f283a.i---hull-4.yml	done	0.032963	0.03734876701491885	31.866880	done	0.029221	0.031751442002132535	31.801344
svcomp2025-cra-monotone-hulls/nla-digbench-scaling/dijkstra-u_unwindbound100e4c5c3.i---hull-0.yml	done	0.081971	0.0859780999890063	33.988608	done	0.05408	0.056303568999283016	33.337344
svcomp2025-cra-monotone-hulls/nla-digbench-scaling/divbin_valuebound107b974.i---hull-4.yml	done	0.03325	0.03684557997621596	31.850496	done	0.03067	0.03284481598529965	31.768576
svcomp2025-cra-monotone-hulls/nla-digbench-scaling/hard-u_valuebound2072e57b.i---hull-6.yml	done	0.045599	0.04868342899135314	32.473088	done	0.03175	0.03417396199074574	32.104448
svcomp2025-termination-monotone-hulls/nla-digbench/prod4br-llb2d231.i---hull-5.yml	done	0.030893	0.03500208200421184	32.763904	done	0.030549	0.03281036397675052	32.501760
svcomp2025-termination-monotone-hulls/nla-digbench-scaling/dijkstra-u_valuebound19ff577.i---hull-0.yml	done	0.067431	0.07097258401336148	33.574912	done	0.041155	0.043481145024998114	32.641024
svcomp2025-cra-monotone-hulls/nla-digbench-scaling/hard-ll_unwindbound10062b2a4.i---hull-7.yml	done	0.043346	0.046631546021671966	32.481280	done	0.03181	0.03440549099468626	32.256000
svcomp2025-termination-monotone-hulls/nla-digbench/hard-u1d9ea7.i---hull-3.yml	done	0.04672	0.050372501980746165	32.624640	done	0.033984	0.03591805000905879	32.194560
svcomp2025-cra-monotone-hulls/nla-digbench-scaling/ps2-ll_unwindbound102a744e.i---hull-2.yml	done	0.028359	0.0321359510126058	32.174080	done	0.026639	0.029225310019683093	31.502336
svcomp2025-cra-monotone-hulls/nla-digbench-scaling/divbin_valuebound100017000.i---hull-5.yml	done	0.036011	0.040030286996625364	31.924224	done	0.029208	0.03140695599722676	31.797248
svcomp2025-termination-monotone-hulls/nla-digbench-scaling/dijkstra-u_valuebound5038749b.i---hull-0.yml	done	0.064435	0.06755820501712151	33.452032	done	0.038795	0.040786236990243196	32.567296
svcomp2025-termination-monotone-hulls/nla-digbench-scaling/ps2-ll_unwindbound2eb9be0.i---hull-1.yml	done	0.024949	0.0297701180097647	31.674368	done	0.027225	0.02932984198560007	31.653888
svcomp2025-termination-monotone-hulls/nla-digbench-scaling/prodbin-ll_unwindbound50872f3d.i---hull-3.yml	done	0.033665	0.03732768798363395	31.961088	done	0.029354	0.03160589101025835	31.842304
svcomp2025-cra-monotone-hulls/loops/sum01_bug02062f7c.i---hull-4.yml	done	0.030229	0.035119822015985847	31.784960	done	0.027895	0.030001203005667776	31.522816
svcomp2025-cra-monotone-hulls/verifythis/prefixsum_iter539cbe.i---hull-23.yml	done	0.032899	0.03640719398390502	31.846400	done	0.030804	0.033241552009712905	31.805440
svcomp2025-cra-monotone-hulls/nla-digbench-scaling/hard2_unwindbound100ed93b7.i---hull-6.yml	done	0.04696	0.050320437003392726	32.448512	done	0.03056	0.032514952996280044	32.190464
svcomp2025-termination-monotone-hulls/loop-industry-pattern/mod3.c.v+lhb-reducer469357.i---hull-2.yml	done	0.031157	0.035681623994605616	31.707136	done	0.025844	0.02772227002424188	31.547392
svcomp2025-termination-monotone-hulls/loops-crafted-1/nested5-233e19e.i---hull-14.yml	done	0.023091	0.026619673997629434	31.293440	done	0.026513	0.028747935983119532	31.522816
svcomp2025-termination-monotone-hulls/loop-invgen/apache-get-tag13d8d1.i---hull-12.yml	done	0.031042	0.034981478995177895	31.399936	done	0.028482	0.03128902899334207	31.375360
svcomp2025-cra-monotone-hulls/nla-digbench-scaling/hard2_unwindbound201117cf.i---hull-11.yml	done	0.034222	0.038359825004590675	32.223232	done	0.034056	0.03672752299462445	32.227328
svcomp2025-cra-monotone-hulls/nla-digbench-scaling/hard2_unwindbound201117cf.i---hull-7.yml	done	0.039885	0.04398673900868744	32.477184	done	0.030369	0.03293736701016314	32.280576
svcomp2025-termination-monotone-hulls/loop-invgen/heapsortcf85e7.i---hull-19.yml	done	0.045203	0.04971850899164565	32.952320	done	0.033053	0.0352342120022513	32.206848
svcomp2025-cra-monotone-hulls/nla-digbench/hardd3a60a.i---hull-11.yml	done	0.03514	0.03905084598227404	32.153600	done	0.029233	0.03216212897677906	32.104448
svcomp2025-termination-monotone-hulls/loops/ludcmp10ee9b.i---hull-28.yml	done	0.04463	0.04859508801018819	33.042432	done	0.035687	0.03801349599962123	32.411648
svcomp2025-termination-monotone-hulls/nla-digbench-scaling/dijkstra-u_unwindbound50acc6ee.i---hull-3.yml	done	0.10557	0.10857148800278082	34.476032	done	0.054476	0.0568129759922158	33.439744
svcomp2025-cra-monotone-hulls/nla-digbench-scaling/dijkstra-u_unwindbound2fe0114.i---hull-2.yml	done	0.068222	0.07259312499081716	33.796096	done	0.036987	0.03935438298503868	32.673792
svcomp2025-cra-monotone-hulls/nla-digbench-scaling/prodbin-ll_unwindbound50f845b8.i---hull-1.yml	done	0.030766	0.03320350099238567	31.940608	done	0.030739	0.03292088600574061	31.821824
svcomp2025-cra-monotone-hulls/loop-invariants/eq1b6bb34.i---hull-5.yml	done	0.026983	0.030934101989259943	31.686656	done	0.025674	0.027371709002181888	31.629312
svcomp2025-cra-monotone-hulls/loop-invgen/apache-get-tag.i.v+lhb-reducer19c3f0.i---hull-9.yml	done	0.030353	0.03395609601284377	32.215040	done	0.029388	0.03167842500261031	32.088064
svcomp2025-cra-monotone-hulls/nla-digbench-scaling/ps2-ll_unwindbound29f242e.i---hull-2.yml	done	0.027571	0.03061515899025835	31.657984	done	0.025156	0.027297498018015176	31.838208
svcomp2025-termination-monotone-hulls/nla-digbench-scaling/divbin_unwindbound20b0f6f4.i---hull-2.yml	done	0.032499	0.03613468201365322	32.030720	done	0.031076	0.033203105005668476	31.916032
svcomp2025-termination-monotone-hulls/nla-digbench-scaling/ps2-ll_unwindbound5091e481.i---hull-1.yml	done	0.029836	0.03374831800465472	31.883264	done	0.027029	0.029324499977519736	31.547392
svcomp2025-cra-monotone-hulls/loop-invariants/eq2779786.i---hull-5.yml	done	0.02657	0.02934562400332652	31.412224	done	0.0247	0.027056268008891493	31.293440
svcomp2025-cra-monotone-hulls/loop-new/half599671.i---hull-2.yml	done	0.027141	0.03158243600046262	31.576064	done	0.025767	0.027537449990632012	31.621120
svcomp2025-cra-monotone-hulls/loop-invgen/apache-get-tag89f1a2.i---hull-2.yml	done	0.026441	0.03128720898530446	31.358976	done	0.025842	0.028670297004282475	31.264768
svcomp2025-cra-monotone-hulls/nla-digbench-scaling/hard-ll_unwindbound202def98.i---hull-6.yml	done	0.041976	0.04529221699340269	32.493568	done	0.038597	0.04089091901551001	32.579584
svcomp2025-termination-monotone-hulls/nla-digbench-scaling/dijkstra-u_unwindbound1075d40a.i---hull-3.yml	done	0.100985	0.10520472799544223	34.492416	done	0.054395	0.056192940013716	33.456128
svcomp2025-cra-monotone-hulls/nla-digbench-scaling/hard-ll_unwindbound10746f9a.i---hull-7.yml	done	0.04285	0.045821818988770247	32.493568	done	0.037361	0.03903410100610927	32.608256
svcomp2025-cra-monotone-hulls/nla-digbench-scaling/prodbin-ll_unwindbound2c1505e.i---hull-1.yml	done	0.033423	0.03703212502296083	32.141312	done	0.028055	0.030705409008078277	31.801344
svcomp2025-cra-monotone-hulls/nla-digbench-scaling/ps2-ll_unwindbound1007e8171.i---hull-5.yml	done	0.029217	0.03413698700023815	31.715328	done	0.027841	0.030133627995382994	31.883264
svcomp2025-termination-monotone-hulls/nla-digbench-scaling/hard-u_unwindbound5d74419.i---hull-3.yml	done	0.050072	0.052951087011024356	32.616448	done	0.032164	0.034012613992672414	32.505856
svcomp2025-termination-monotone-hulls/nla-digbench-scaling/dijkstra-u_valuebound10f1caa5.i---hull-2.yml	done	0.076497	0.0810700040019583	34.062336	done	0.055757	0.05699589301366359	33.280000
svcomp2025-termination-monotone-hulls/nla-digbench-scaling/hard-u_unwindbound10f7cbb5.i---hull-2.yml	done	0.045961	0.049485169001854956	32.608256	done	0.034435	0.03632624199963175	32.477184
svcomp2025-cra-monotone-hulls/loop-crafted/simple_vardep_12e314a.i---hull-5.yml	done	0.02738	0.031661279004765674	31.612928	done	0.028938	0.030792486999416724	31.387648
svcomp2025-cra-monotone-hulls/loops-crafted-1/nested3-2_abstracted9709ff.i---hull-2.yml	done	0.022635	0.02676760102622211	31.465472	done	0.030038	0.03175832799752243	31.399936
svcomp2025-cra-monotone-hulls/nla-digbench-scaling/dijkstra-u_unwindbound100e4c5c3.i---hull-1.yml	done	0.078114	0.08288432599510998	34.398208	done	0.069701	0.07159708201652393	33.570816
svcomp2025-cra-monotone-hulls/nla-digbench-scaling/hard-u_unwindbound50c0d3cc.i---hull-11.yml	done	0.038514	0.042493828979786485	32.448512	done	0.03421	0.03601922499365173	32.145408
svcomp2025-cra-monotone-hulls/nla-digbench-scaling/dijkstra-u_valuebound58809ba.i---hull-5.yml	done	0.076947	0.08075465000001714	33.902592	done	0.037389	0.039200006023747846	32.657408
svcomp2025-cra-monotone-hulls/nla-digbench-scaling/hard2_unwindbound2ad7ead.i---hull-6.yml	done	0.040173	0.04356950300280005	32.464896	done	0.034857	0.036653486982686445	32.333824
svcomp2025-termination-monotone-hulls/loop-lit/mine2017-ex4.832dcbd.i---hull-9.yml	done	0.026215	0.02983188201324083	31.358976	done	0.02579	0.027843019022839144	31.313920
svcomp2025-cra-monotone-hulls/nla-digbench-scaling/divbin2_unwindbound10012550b.i---hull-5.yml	done	0.030864	0.03471485499176197	31.952896	done	0.032553	0.03512554001645185	31.948800
svcomp2025-cra-monotone-hulls/nla-digbench-scaling/dijkstra-u_unwindbound20bb8766.i---hull-4.yml	done	0.088337	0.09166457099490799	34.316288	done	0.040478	0.04240046601626091	32.804864
svcomp2025-termination-monotone-hulls/nla-digbench-scaling/hard-u_unwindbound5d74419.i---hull-2.yml	done	0.050592	0.05820651899557561	32.612352	done	0.038125	0.03991276101442054	32.501760
svcomp2025-termination-monotone-hulls/nla-digbench-scaling/hard-u_valuebound500b4745.i---hull-3.yml	done	0.045799	0.048844592995010316	32.858112	done	0.031583	0.03411117198993452	32.415744
svcomp2025-termination-monotone-hulls/nla-digbench-scaling/prodbin-ll_valuebound5566023.i---hull-2.yml	done	0.031417	0.03556414498598315	31.858688	done	0.028749	0.03030613501323387	31.809536
svcomp2025-cra-monotone-hulls/nla-digbench-scaling/divbin_valuebound5509417.i---hull-5.yml	done	0.033798	0.03844336001202464	31.956992	done	0.030588	0.03251600099611096	31.809536
svcomp2025-termination-monotone-hulls/loop-industry-pattern/mod3.c.v+lhb-reducer469357.i---hull-11.yml	done	0.02566	0.027664563996950164	31.645696	done	0.026617	0.029386630980297923	31.539200
svcomp2025-termination-monotone-hulls/loops-crafted-1/nested5-233e19e.i---hull-17.yml	done	0.025913	0.02954700100235641	31.531008	done	0.027311	0.02922366000711918	31.584256
svcomp2025-cra-monotone-hulls/loops-crafted-1/nested3-2_abstracted9709ff.i---hull-1.yml	done	0.02712	0.030654667993076146	31.215616	done	0.02513	0.02784406000864692	31.449088
svcomp2025-termination-monotone-hulls/nla-digbench-scaling/dijkstra-u_valuebound5d65948.i---hull-2.yml	done	0.080155	0.08376549300737679	33.857536	done	0.051584	0.05388011899776757	33.271808
svcomp2025-cra-monotone-hulls/nla-digbench-scaling/hard-u_unwindbound2359161.i---hull-6.yml	done	0.042041	0.0453455540118739	32.493568	done	0.032153	0.034537411003839225	32.190464
svcomp2025-cra-monotone-hulls/loop-invgen/apache-get-tag.i.v+nlh-reducer207e59.i---hull-2.yml	done	0.027173	0.031681099004345015	31.813632	done	0.028877	0.031548897008178756	31.682560
svcomp2025-cra-monotone-hulls/nla-digbench-scaling/prodbin-ll_valuebound503cdb63.i---hull-4.yml	done	0.029	0.032881125021958724	31.838208	done	0.030696	0.03228915799991228	31.809536
svcomp2025-cra-monotone-hulls/nla-digbench-scaling/hard-u_valuebound27f9189.i---hull-11.yml	done	0.033692	0.03736652500811033	32.129024	done	0.038547	0.040573981998022646	32.047104
svcomp2025-cra-monotone-hulls/nla-digbench-scaling/bresenham-ll_valuebound50906238.i---hull-4.yml	done	0.035526	0.04032562900101766	31.993856	done	0.031587	0.033605093020014465	31.989760
svcomp2025-cra-monotone-hulls/nla-digbench-scaling/divbin_valuebound5509417.i---hull-4.yml	done	0.033621	0.03753453798708506	31.916032	done	0.031604	0.03317030699690804	31.821824
svcomp2025-cra-monotone-hulls/nla-digbench/hard-llbc9dec.i---hull-11.yml	done	0.038888	0.04271456800051965	32.280576	done	0.030171	0.03174572400166653	32.055296
svcomp2025-cra-monotone-hulls/nla-digbench-scaling/hard2_valuebound258efae.i---hull-6.yml	done	0.036188	0.03977533502620645	32.206848	done	0.030999	0.03363321800134145	32.243712
svcomp2025-termination-monotone-hulls/loop-invgen/apache-get-tag.i.v+lhb-reducer292e78.i---hull-1.yml	done	0.027886	0.031772337009897456	31.625216	done	0.030913	0.03316676599206403	31.580160
svcomp2025-termination-monotone-hulls/loop-lit/bh2017-ex1-poly4537b7.i---hull-13.yml	done	0.027835	0.031080128013854846	31.502336	done	0.029207	0.031110018986510113	31.567872
svcomp2025-cra-monotone-hulls/nla-digbench-scaling/dijkstra-u_valuebound58809ba.i---hull-1.yml	done	0.079103	0.08408629798213951	33.800192	done	0.050691	0.052296063979156315	33.386496
svcomp2025-cra-monotone-hulls/loop-new/half599671.i---hull-4.yml	done	0.033049	0.0348740580084268	31.707136	done	0.024835	0.027065569011028856	31.473664
svcomp2025-cra-monotone-hulls/nla-digbench-scaling/dijkstra-u_unwindbound50142a22.i---hull-5.yml	done	0.08512	0.08892263899906538	34.476032	done	0.039188	0.04084401298314333	33.009664
svcomp2025-cra-monotone-hulls/nla-digbench-scaling/dijkstra-u_valuebound1002d0ee2.i---hull-1.yml	done	0.077121	0.07978548697428778	33.800192	done	0.047176	0.04908281599637121	33.165312
svcomp2025-cra-monotone-hulls/nla-digbench-scaling/hard-ll_valuebound105ba232.i---hull-7.yml	done	0.046757	0.050015112006803975	32.468992	done	0.029765	0.031513013993389904	32.104448
svcomp2025-cra-monotone-hulls/nla-digbench-scaling/bresenham-ll_valuebound1de76a9.i---hull-4.yml	done	0.037897	0.0411428069928661	32.178176	done	0.02681	0.028792308003176004	31.744000
svcomp2025-cra-monotone-hulls/nla-digbench-scaling/divbin2_unwindbound288ebee.i---hull-5.yml	done	0.030274	0.03239209597813897	31.956992	done	0.029112	0.03094573100679554	31.858688
svcomp2025-cra-monotone-hulls/nla-digbench-scaling/divbin_unwindbound50c80f3d.i---hull-1.yml	done	0.036506	0.03970505698816851	32.264192	done	0.028237	0.03052373800892383	31.850496
svcomp2025-termination-monotone-hulls/nla-digbench/hard17c1f3.i---hull-2.yml	done	0.049592	0.0518283830024302	32.501760	done	0.032722	0.03495483900769614	32.092160
svcomp2025-termination-monotone-hulls/nla-digbench-scaling/dijkstra-u_unwindbound1075d40a.i---hull-2.yml	done	0.101548	0.10524526500375941	34.504704	done	0.055107	0.05767522199312225	33.452032
svcomp2025-termination-monotone-hulls/loop-new/half27c4ec.i---hull-1.yml	done	0.032075	0.035901831986848265	31.756288	done	0.029426	0.03159177102497779	31.453184
svcomp2025-termination-monotone-hulls/nla-digbench-scaling/prod4br-ll_valuebound50acd61e.i---hull-2.yml	done	0.048743	0.05321475298842415	33.026048	done	0.036071	0.03823398097301833	32.681984
svcomp2025-termination-monotone-hulls/loop-lit/bh2017-ex1-poly4537b7.i---hull-17.yml	done	0.026646	0.03092511900467798	31.559680	done	0.026911	0.029356719023780897	31.592448
svcomp2025-termination-monotone-hulls/nla-digbench-scaling/ps2-ll_unwindbound106d1b28.i---hull-1.yml	done	0.028333	0.032427588012069464	31.694848	done	0.02988	0.032250282005406916	32.014336
svcomp2025-termination-monotone-hulls/loops-crafted-1/nested5-233e19e.i---hull-15.yml	done	0.025942	0.029592562990728766	31.297536	done	0.025071	0.02725896699121222	31.424512
svcomp2025-cra-monotone-hulls/nla-digbench-scaling/divbin_unwindbound50c80f3d.i---hull-5.yml	done	0.037299	0.041070662991842255	32.116736	done	0.030649	0.03272824300802313	32.083968
svcomp2025-termination-monotone-hulls/loop-lit/mine2017-ex4.832dcbd.i---hull-5.yml	done	0.025394	0.028911303001223132	31.363072	done	0.025358	0.02830620898748748	31.260672
svcomp2025-termination-monotone-hulls/nla-digbench-scaling/dijkstra-u_valuebound20690b4c.i---hull-3.yml	done	0.087354	0.09062421499402262	33.976320	done	0.051596	0.05449839198263362	33.271808
svcomp2025-termination-monotone-hulls/nla-digbench-scaling/divbin_valuebound20db58ea.i---hull-2.yml	done	0.033314	0.0373028919857461	31.858688	done	0.028386	0.030711989995324984	31.809536
svcomp2025-termination-monotone-hulls/loop-invgen/apache-get-tag.i.p+nlh-reducerf6ffc0.i---hull-7.yml	done	0.029325	0.032367307983804494	32.161792	done	0.029807	0.032590510993031785	32.083968
svcomp2025-termination-monotone-hulls/nla-digbench/dijkstra-u3b64ee.i---hull-2.yml	done	0.076654	0.08046591898892075	33.882112	done	0.051616	0.05369216500548646	33.284096
svcomp2025-termination-monotone-hulls/loops-crafted-1/nested3-249d15e.i---hull-16.yml	done	0.025989	0.029795519018080086	31.436800	done	0.030196	0.03239300899440423	31.449088
svcomp2025-cra-monotone-hulls/nla-digbench/hard2142639.i---hull-6.yml	done	0.036393	0.03917786700185388	32.104448	done	0.030406	0.03299629598041065	32.112640
svcomp2025-termination-monotone-hulls/loop-acceleration/phases_2-2bd7d56.i---hull-0.yml	done	0.027357	0.0317695050034672	31.563776	done	0.02573	0.028066172992112115	31.449088
svcomp2025-cra-monotone-hulls/nla-digbench-scaling/hard-ll_unwindbound10746f9a.i---hull-6.yml	done	0.044998	0.04900530900340527	32.497664	done	0.032705	0.035038144007558	32.325632
svcomp2025-cra-monotone-hulls/nla-digbench-scaling/dijkstra-u_unwindbound100e4c5c3.i---hull-2.yml	done	0.081876	0.08578599299653433	33.996800	done	0.038123	0.04057389800436795	32.677888
svcomp2025-termination-monotone-hulls/nla-digbench/prodbin-ll5798ec.i---hull-2.yml	done	0.035807	0.039181171014206484	31.838208	done	0.029449	0.0313343400193844	31.879168
svcomp2025-cra-monotone-hulls/nla-digbench/hard-u276981.i---hull-6.yml	done	0.047217	0.05110729701118544	32.468992	done	0.031815	0.0341996890201699	32.243712
svcomp2025-termination-monotone-hulls/loop-invgen/apache-get-tag.i.p+sep-reducer7ca3df.i---hull-18.yml	done	0.037337	0.04060931599815376	32.571392	done	0.034092	0.0365699410031084	32.378880
svcomp2025-cra-monotone-hulls/nla-digbench-scaling/ps2-ll_unwindbound29f242e.i---hull-3.yml	done	0.028476	0.032182995026232675	31.649792	done	0.026854	0.028772196994395927	31.707136
svcomp2025-cra-monotone-hulls/loop-invgen/apache-get-tag.i.p+lhb-reducerda5037.i---hull-4.yml	done	0.030516	0.034499140980187804	31.838208	done	0.029917	0.03208114000153728	31.875072
svcomp2025-termination-monotone-hulls/nla-digbench-scaling/dijkstra-u_valuebound100108d8c.i---hull-0.yml	done	0.068416	0.07206252499599941	33.538048	done	0.037113	0.03965674201026559	32.567296
svcomp2025-termination-monotone-hulls/nla-digbench-scaling/hard-u_valuebound57fdc75.i---hull-2.yml	done	0.056206	0.060730125987902284	32.718848	done	0.038019	0.04025279500638135	32.272384
svcomp2025-termination-monotone-hulls/nla-digbench-scaling/dijkstra-u_unwindbound22d8663.i---hull-2.yml	done	0.090366	0.09459983199485578	34.172928	done	0.055995	0.057493774977046996	33.452032
svcomp2025-termination-monotone-hulls/loop-invgen/apache-get-tag.i.v+nlh-reducer389cf7.i---hull-6.yml	done	0.030862	0.03424035498755984	32.165888	done	0.027985	0.030656555987661704	32.329728
svcomp2025-cra-monotone-hulls/loop-lit/mine2017-ex4.8a69639.i---hull-5.yml	done	0.026772	0.030085071019129828	31.293440	done	0.027573	0.03004240000154823	31.444992
svcomp2025-cra-monotone-hulls/loops-crafted-1/nested_delay_nd25f37e.i---hull-11.yml	done	0.052797	0.05634058400755748	33.083392	done	0.035003	0.036903531989082694	32.448512
svcomp2025-cra-monotone-hulls/nla-digbench-scaling/dijkstra-u_unwindbound5acc0f6.i---hull-3.yml	done	0.060585	0.06402233598055318	33.349632	done	0.045291	0.0478440529841464	32.718848
svcomp2025-termination-monotone-hulls/nla-digbench-scaling/prod4br-ll_valuebound5bd3df2.i---hull-2.yml	done	0.055475	0.05772119900211692	33.148928	done	0.036021	0.0379147780186031	32.768000
svcomp2025-termination-monotone-hulls/loop-lit/bh2017-ex1-poly4537b7.i---hull-12.yml	done	0.027362	0.031126656016567722	31.617024	done	0.026142	0.027849728998262435	31.494144
svcomp2025-cra-monotone-hulls/nla-digbench/hard-llbc9dec.i---hull-10.yml	done	0.036096	0.0395217600162141	32.157696	done	0.030058	0.03281967100338079	32.063488
svcomp2025-cra-monotone-hulls/loop-crafted/simple_vardep_12e314a.i---hull-4.yml	done	0.027063	0.031057768006576225	31.739904	done	0.02586	0.028451076010242105	31.391744
svcomp2025-cra-monotone-hulls/nla-digbench-scaling/hard-u_unwindbound203e737e.i---hull-10.yml	done	0.037252	0.040824935014825314	32.378880	done	0.03332	0.03516759499325417	32.141312
svcomp2025-cra-monotone-hulls/nla-digbench-scaling/divbin2_valuebound10d62e5a.i---hull-4.yml	done	0.02901	0.03280561199062504	32.096256	done	0.029795	0.03234095699735917	31.744000
svcomp2025-cra-monotone-hulls/loop-zilu/benchmark39_conjunctive62c345.i---hull-4.yml	done	0.026859	0.03057516601984389	31.318016	done	0.0341	0.03583970101317391	31.125504
svcomp2025-cra-monotone-hulls/nla-digbench-scaling/hard2_unwindbound10d6c388.i---hull-11.yml	done	0.034849	0.03864263798459433	32.235520	done	0.034431	0.036195269000018016	32.440320
svcomp2025-cra-monotone-hulls/nla-digbench-scaling/hard2_unwindbound10d6c388.i---hull-6.yml	done	0.041988	0.04576261399779469	32.927744	done	0.032919	0.03500608800095506	32.202752
svcomp2025-termination-monotone-hulls/loop-zilu/benchmark39_conjunctivef60006.i---hull-0.yml	done	0.030268	0.034381730016320944	31.342592	done	0.027323	0.0297610140114557	31.268864
svcomp2025-cra-monotone-hulls/loops-crafted-1/sumt475868a.i---hull-5.yml	done	0.089828	0.09347525599878281	34.197504	done	0.031413	0.0340885839832481	32.284672
svcomp2025-termination-monotone-hulls/loop-invgen/apache-get-tag.i.p+sep-reducer7ca3df.i---hull-19.yml	done	0.033716	0.036451688996749	32.559104	done	0.030217	0.03315914500853978	32.428032
svcomp2025-termination-monotone-hulls/nla-digbench-scaling/prodbin-ll_valuebound2098b4fc.i---hull-3.yml	done	0.032433	0.036255421000532806	31.870976	done	0.029286	0.03187273401999846	32.006144
svcomp2025-cra-monotone-hulls/nla-digbench-scaling/hard2_valuebound20685c66.i---hull-6.yml	done	0.03893	0.04240834599477239	32.161792	done	0.030804	0.03349923697533086	32.124928
svcomp2025-cra-monotone-hulls/nla-digbench-scaling/ps2-ll_unwindbound29f242e.i---hull-5.yml	done	0.02768	0.03030540599138476	31.662080	done	0.02561	0.02834833099041134	31.510528
svcomp2025-cra-monotone-hulls/nla-digbench/prodbin-ll6a534f.i---hull-4.yml	done	0.03024	0.0337986929807812	31.797248	done	0.029603	0.03199548300472088	31.875072
svcomp2025-cra-monotone-hulls/verifythis/prefixsum_iter539cbe.i---hull-22.yml	done	0.03254	0.035916232998715714	31.846400	done	0.027375	0.030151479004416615	32.051200
svcomp2025-cra-monotone-hulls/nla-digbench-scaling/prod4br-ll_valuebound10117d20.i---hull-1.yml	done	0.052091	0.054226622014539316	33.075200	done	0.033949	0.036498447007033974	32.882688
svcomp2025-cra-monotone-hulls/nla-digbench-scaling/dijkstra-u_unwindbound100e4c5c3.i---hull-5.yml	done	0.09989	0.10347704001469538	34.496512	done	0.035752	0.03856594502576627	32.747520
svcomp2025-termination-monotone-hulls/nla-digbench-scaling/hard-u_unwindbound5015833e.i---hull-2.yml	done	0.046839	0.0504508989979513	32.788480	done	0.031753	0.03418334500747733	32.251904
svcomp2025-cra-monotone-hulls/nla-digbench-scaling/hard2_valuebound100c8c7be.i---hull-11.yml	done	0.034237	0.03812148398719728	32.092160	done	0.029809	0.03270600701216608	32.169984
svcomp2025-cra-monotone-hulls/loop-invgen/apache-get-tag.i.v+nlh-reducer207e59.i---hull-11.yml	done	0.037231	0.04099922999739647	32.509952	done	0.029144	0.0320422469812911	32.411648
svcomp2025-cra-monotone-hulls/nla-digbench/hardd3a60a.i---hull-7.yml	done	0.042544	0.046190753986593336	32.366592	done	0.03011	0.03240956200170331	31.981568
svcomp2025-cra-monotone-hulls/nla-digbench-scaling/hard-ll_valuebound50b6eabd.i---hull-6.yml	done	0.049454	0.05273316300008446	32.481280	done	0.030224	0.03321276500355452	32.174080
svcomp2025-cra-monotone-hulls/nla-digbench-scaling/divbin2_valuebound10d62e5a.i---hull-5.yml	done	0.028072	0.03163893200689927	31.789056	done	0.029606	0.03221979399677366	31.780864
svcomp2025-cra-monotone-hulls/nla-digbench-scaling/prodbin-ll_unwindbound50f845b8.i---hull-4.yml	done	0.030114	0.03372528697946109	31.961088	done	0.02873	0.03079122898634523	31.817728
svcomp2025-termination-monotone-hulls/loop-acceleration/phases_2-1161c0e.i---hull-1.yml	done	0.028077	0.032131724001374096	31.580160	done	0.023849	0.02617268598987721	31.567872
svcomp2025-termination-monotone-hulls/nla-digbench-scaling/ps2-ll_unwindbound100a4b040.i---hull-0.yml	done	0.030736	0.034374029986793175	31.694848	done	0.025021	0.02780473799793981	31.485952
svcomp2025-termination-monotone-hulls/nla-digbench-scaling/divbin_valuebound20db58ea.i---hull-3.yml	done	0.033229	0.037469339004019275	31.907840	done	0.03123	0.033918113011168316	31.830016
svcomp2025-termination-monotone-hulls/nla-digbench-scaling/prodbin-ll_valuebound2098b4fc.i---hull-2.yml	done	0.030657	0.03413415400427766	31.842304	done	0.031063	0.03349254900240339	31.952896
svcomp2025-termination-monotone-hulls/nla-digbench-scaling/hard-ll_valuebound2359ac6.i---hull-3.yml	done	0.046663	0.05004799398011528	32.604160	done	0.033361	0.03581598901655525	32.190464
svcomp2025-cra-monotone-hulls/nla-digbench-scaling/dijkstra-u_unwindbound50142a22.i---hull-2.yml	done	0.057319	0.060942397016333416	33.234944	done	0.041613	0.04336523500387557	32.755712
svcomp2025-termination-monotone-hulls/loop-invgen/MADWiFi-encode_ie_ok4ddb76.i---hull-0.yml	done	0.03317	0.0374797580006998	31.596544	done	0.028091	0.030126404017210007	31.420416
svcomp2025-cra-monotone-hulls/nla-digbench-scaling/hard-u_valuebound105899af.i---hull-7.yml	done	0.053226	0.056828830973245203	32.473088	done	0.031881	0.03442365999217145	32.096256
svcomp2025-cra-monotone-hulls/nla-digbench-scaling/prod4br-ll_valuebound22bfda8.i---hull-1.yml	done	0.052556	0.056063467025524005	33.079296	done	0.035729	0.03860895099933259	32.636928
svcomp2025-cra-monotone-hulls/nla-digbench-scaling/hard-ll_valuebound1f40442.i---hull-10.yml	done	0.034877	0.038461497984826565	32.071680	done	0.034106	0.03632456201012246	32.468992
svcomp2025-cra-monotone-hulls/loop-invgen/apache-get-tag.i.v+nlh-reducer207e59.i---hull-5.yml	done	0.029346	0.03259585899650119	31.645696	done	0.024599	0.0277064919937402	31.559680
svcomp2025-cra-monotone-hulls/nla-digbench-scaling/prodbin-ll_unwindbound15e3d5e.i---hull-0.yml	done	0.034919	0.038757697999244556	31.936512	done	0.028428	0.030932379013393074	31.813632
svcomp2025-cra-monotone-hulls/nla-digbench-scaling/dijkstra-u_valuebound10369fbb.i---hull-4.yml	done	0.088459	0.09227413000189699	33.894400	done	0.03621	0.03877488398575224	33.005568
svcomp2025-cra-monotone-hulls/nla-digbench-scaling/hard2_unwindbound5053bb67.i---hull-6.yml	done	0.041952	0.045573448995128274	32.669696	done	0.035457	0.03830553501029499	32.423936
svcomp2025-cra-monotone-hulls/loop-invgen/heapsort1d56f4.i---hull-9.yml	done	0.045669	0.04937696401611902	32.591872	done	0.031091	0.033298646012553945	32.034816
svcomp2025-cra-monotone-hulls/nla-digbench-scaling/dijkstra-u_valuebound208594ca.i---hull-2.yml	done	0.06967	0.07367701997281983	33.607680	done	0.038161	0.04082621599081904	32.591872
svcomp2025-cra-monotone-hulls/nla-digbench-scaling/hard-u_unwindbound50c0d3cc.i---hull-10.yml	done	0.038947	0.04273067100439221	32.444416	done	0.032	0.034358421980869025	32.145408
svcomp2025-termination-monotone-hulls/nla-digbench-scaling/dijkstra-u_unwindbound22d8663.i---hull-0.yml	done	0.092015	0.0966509860008955	34.365440	done	0.038168	0.04060504600056447	32.657408
svcomp2025-cra-monotone-hulls/nla-digbench-scaling/hard2_valuebound5054c147.i---hull-10.yml	done	0.033088	0.036677797994343564	32.067584	done	0.031075	0.03348722300142981	32.178176
svcomp2025-cra-monotone-hulls/nla-digbench-scaling/hard2_unwindbound2ad7ead.i---hull-10.yml	done	0.038702	0.042876035993685946	32.321536	done	0.03401	0.036183582997182384	32.239616
svcomp2025-cra-monotone-hulls/nla-digbench-scaling/prodbin-ll_unwindbound15e3d5e.i---hull-1.yml	done	0.031517	0.035467298002913594	31.895552	done	0.028859	0.0313484390208032	31.952896
svcomp2025-termination-monotone-hulls/nla-digbench-scaling/hard-ll_valuebound5049deb6.i---hull-2.yml	done	0.047833	0.051442769006825984	32.604160	done	0.032559	0.03475352600798942	32.526336
svcomp2025-cra-monotone-hulls/nla-digbench-scaling/ps2-ll_unwindbound102a744e.i---hull-3.yml	done	0.028355	0.032071246998384595	31.694848	done	0.027965	0.03059628198388964	31.526912
svcomp2025-termination-monotone-hulls/nla-digbench/dijkstra7c1676.i---hull-2.yml	done	0.059088	0.06142131201340817	33.320960	done	0.040588	0.04304173501441255	32.731136
svcomp2025-cra-monotone-hulls/loop-invgen/apache-get-tag.i.p+lhb-reducerda5037.i---hull-9.yml	done	0.033015	0.036712612985866144	32.501760	done	0.029598	0.03153541899519041	32.251904
svcomp2025-cra-monotone-hulls/nla-digbench-scaling/dijkstra-u_valuebound1c0b41a.i---hull-3.yml	done	0.067941	0.07185331801883876	33.427456	done	0.038614	0.04143642500275746	32.595968
svcomp2025-cra-monotone-hulls/loop-zilu/benchmark39_conjunctive62c345.i---hull-5.yml	done	0.027296	0.030992352025350556	31.318016	done	0.027074	0.029722496983595192	31.268864
svcomp2025-cra-monotone-hulls/nla-digbench/hard2142639.i---hull-7.yml	done	0.051923	0.05517250200500712	32.251904	done	0.033183	0.035363593022339046	32.137216
svcomp2025-cra-monotone-hulls/nla-digbench-scaling/hard2_valuebound5054c147.i---hull-7.yml	done	0.041276	0.04450616199756041	32.145408	done	0.029795	0.032461602007970214	32.215040
svcomp2025-termination-monotone-hulls/loop-crafted/simple_vardep_1ed4014.i---hull-0.yml	done	0.027913	0.032088002015370876	31.547392	done	0.026977	0.028982796997297555	31.395840
svcomp2025-cra-monotone-hulls/loop-invariants/consta63efa.i---hull-4.yml	done	0.027486	0.031404495995957404	31.465472	done	0.025449	0.027512755012139678	31.391744
svcomp2025-cra-monotone-hulls/nla-digbench-scaling/divbin_valuebound507ddbe9.i---hull-0.yml	done	0.034096	0.037465781992068514	31.801344	done	0.027636	0.030223355017369613	31.772672
svcomp2025-cra-monotone-hulls/nla-digbench-scaling/hard2_valuebound5a95767.i---hull-7.yml	done	0.042705	0.04522384100710042	32.174080	done	0.0285	0.030713246000232175	32.100352
svcomp2025-cra-monotone-hulls/loops-crafted-1/nested3-2_abstracted9709ff.i---hull-0.yml	done	0.024847	0.02721648500300944	31.207424	done	0.026555	0.02910058497218415	31.428608
svcomp2025-cra-monotone-hulls/loops-crafted-1/nested5-230ece3.i---hull-7.yml	done	0.02659	0.03046501401695423	31.342592	done	0.030763	0.03368122401298024	31.477760
svcomp2025-cra-monotone-hulls/nla-digbench-scaling/divbin_valuebound100017000.i---hull-0.yml	done	0.032758	0.03704223802196793	31.813632	done	0.027199	0.029383782006334513	31.789056
svcomp2025-cra-monotone-hulls/nla-digbench/hard2142639.i---hull-11.yml	done	0.035311	0.03891093400307	32.059392	done	0.033273	0.03546004800591618	32.108544
svcomp2025-cra-monotone-hulls/nla-digbench-scaling/hard-u_unwindbound5ac732b.i---hull-7.yml	done	0.048299	0.051923641993198544	32.489472	done	0.03116	0.0341116429772228	32.182272
svcomp2025-cra-monotone-hulls/nla-digbench-scaling/hard-u_valuebound27f9189.i---hull-10.yml	done	0.039438	0.04299782100133598	32.153600	done	0.034746	0.03752463200362399	32.210944
svcomp2025-cra-monotone-hulls/loops/sum01_bug02062f7c.i---hull-5.yml	done	0.029143	0.03243901001405902	31.547392	done	0.028525	0.03043471701676026	31.531008
svcomp2025-cra-monotone-hulls/loop-industry-pattern/mod3.c.v+sep-reducer8d3c3d.i---hull-11.yml	done	0.031413	0.03336912300437689	31.858688	done	0.029604	0.03160606499295682	31.830016
svcomp2025-cra-monotone-hulls/nla-digbench-scaling/prod4br-ll_valuebound200caa41.i---hull-1.yml	done	0.05518	0.0575124169990886	33.095680	done	0.037204	0.039550899993628263	32.661504
svcomp2025-cra-monotone-hulls/nla-digbench-scaling/hard-u_valuebound561a8b1.i---hull-7.yml	done	0.05119	0.05490994200226851	32.485376	done	0.031964	0.03481732201180421	32.096256
svcomp2025-termination-monotone-hulls/nla-digbench/divbinc595d9.i---hull-3.yml	done	0.034071	0.037927700992440805	31.993856	done	0.029547	0.031578244001138955	31.838208
svcomp2025-cra-monotone-hulls/nla-digbench-scaling/hard2_valuebound5054c147.i---hull-11.yml	done	0.044082	0.0480135380057618	32.067584	done	0.033903	0.03573922300711274	32.346112
svcomp2025-termination-monotone-hulls/nla-digbench/prod4br-llb2d231.i---hull-7.yml	done	0.033424	0.037756219011498615	32.456704	done	0.029208	0.03141055098967627	32.350208
svcomp2025-termination-monotone-hulls/nla-digbench-scaling/prodbin-ll_unwindbound10c3ab97.i---hull-3.yml	done	0.034278	0.03769303500303067	31.956992	done	0.029043	0.03178494700114243	31.825920
svcomp2025-cra-monotone-hulls/loops-crafted-1/nested3-2_abstracted9709ff.i---hull-5.yml	done	0.025341	0.02874374800012447	31.207424	done	0.025759	0.027530012011993676	31.416320
svcomp2025-cra-monotone-hulls/nla-digbench-scaling/divbin_unwindbound104dd638.i---hull-0.yml	done	0.036115	0.03969062599935569	31.977472	done	0.028087	0.03088573200511746	31.834112
svcomp2025-cra-monotone-hulls/nla-digbench/divbin3ce762.i---hull-1.yml	done	0.035995	0.039593770023202524	31.809536	done	0.031252	0.03383984699030407	31.772672
svcomp2025-cra-monotone-hulls/loop-new/count_by_k1a7e0d.i---hull-1.yml	done	0.0293	0.03283075301442295	31.481856	done	0.023901	0.026422943017678335	31.215616
svcomp2025-termination-monotone-hulls/nla-digbench-scaling/hard-u_valuebound2908559.i---hull-3.yml	done	0.047603	0.051497895998181775	32.612352	done	0.032678	0.03527126301196404	32.174080
svcomp2025-cra-monotone-hulls/nla-digbench-scaling/divbin2_unwindbound288ebee.i---hull-4.yml	done	0.029039	0.03325940002105199	31.928320	done	0.030668	0.033081442990805954	32.100352
svcomp2025-cra-monotone-hulls/loops-crafted-1/nested3-2216ff9.i---hull-6.yml	done	0.026136	0.02982628799509257	31.350784	done	0.028323	0.0305975710216444	31.612928
svcomp2025-termination-monotone-hulls/nla-digbench-scaling/hard2_valuebound1005cc118.i---hull-3.yml	done	0.038035	0.04158136001206003	32.202752	done	0.032791	0.03444745999877341	32.260096
svcomp2025-cra-monotone-hulls/nla-digbench-scaling/hard-u_valuebound50bc78ae.i---hull-6.yml	done	0.046622	0.050460494006983936	32.477184	done	0.03128	0.03414799302117899	32.215040
svcomp2025-termination-monotone-hulls/nla-digbench-scaling/dijkstra-u_valuebound272c2b6.i---hull-1.yml	done	0.072399	0.07646584100439213	33.456128	done	0.037594	0.03956218500388786	32.600064
svcomp2025-cra-monotone-hulls/nla-digbench-scaling/dijkstra-u_valuebound208594ca.i---hull-5.yml	done	0.080639	0.08481147099519148	34.086912	done	0.036998	0.03901567298453301	32.612352
svcomp2025-cra-monotone-hulls/loop-invgen/apache-get-tag.i.p+sep-reducerdf2116.i---hull-3.yml	done	0.035676	0.03914475499186665	32.555008	done	0.026804	0.029678249993594363	32.337920
svcomp2025-termination-monotone-hulls/nla-digbench-scaling/prodbin-ll_unwindbound10c3ab97.i---hull-2.yml	done	0.032622	0.03645002900157124	31.948800	done	0.03583	0.037864017009269446	31.830016
svcomp2025-termination-monotone-hulls/nla-digbench-scaling/hard-ll_valuebound2076f414.i---hull-3.yml	done	0.050574	0.05463893400155939	32.718848	done	0.034656	0.03678935399511829	32.260096
svcomp2025-cra-monotone-hulls/nla-digbench-scaling/hard-ll_valuebound200ef1d9.i---hull-7.yml	done	0.04459	0.04824095999356359	32.477184	done	0.034958	0.03741791399079375	32.473088
svcomp2025-cra-monotone-hulls/nla-digbench-scaling/dijkstra-u_valuebound1002d0ee2.i---hull-3.yml	done	0.066968	0.07004045898793265	33.431552	done	0.038102	0.040091681003104895	32.821248
svcomp2025-cra-monotone-hulls/nla-digbench-scaling/divbin_valuebound10efa9ac.i---hull-4.yml	done	0.034206	0.03839704499114305	31.932416	done	0.030192	0.032216419000178576	31.784960
svcomp2025-cra-monotone-hulls/nla-digbench-scaling/dijkstra-u_valuebound10369fbb.i---hull-0.yml	done	0.080836	0.08427585399476811	33.808384	done	0.04823	0.05077529198024422	33.406976
svcomp2025-termination-monotone-hulls/nla-digbench-scaling/prod4br-ll_valuebound291abdb.i---hull-2.yml	done	0.046847	0.05075358701287769	33.042432	done	0.035936	0.03837482901872136	32.620544
svcomp2025-cra-monotone-hulls/nla-digbench-scaling/hard-ll_unwindbound50945b5e.i---hull-10.yml	done	0.040248	0.04401605000020936	32.727040	done	0.03308	0.03525323799112812	32.591872
svcomp2025-cra-monotone-hulls/nla-digbench-scaling/prodbin-ll_unwindbound106f6fa1.i---hull-5.yml	done	0.033294	0.03679617299349047	31.911936	done	0.027769	0.03034165399731137	32.276480
svcomp2025-cra-monotone-hulls/nla-digbench-scaling/hard-ll_valuebound1006fcfa1.i---hull-7.yml	done	0.045749	0.04867819300852716	32.579584	done	0.032569	0.034428195998771116	32.096256
svcomp2025-cra-monotone-hulls/nla-digbench-scaling/divbin_valuebound507ddbe9.i---hull-4.yml	done	0.033136	0.03641510498709977	31.924224	done	0.028256	0.03161324199754745	31.920128
svcomp2025-cra-monotone-hulls/loop-lit/mine2017-ex4.8a69639.i---hull-4.yml	done	0.025503	0.02753716299775988	31.293440	done	0.02637	0.02902587701100856	31.350784
svcomp2025-cra-monotone-hulls/nla-digbench-scaling/prodbin-ll_unwindbound20f34355.i---hull-1.yml	done	0.030937	0.03486317198257893	31.944704	done	0.029515	0.031141407001996413	31.907840
svcomp2025-cra-monotone-hulls/nla-digbench-scaling/hard-ll_valuebound1006fcfa1.i---hull-11.yml	done	0.035999	0.039971824997337535	32.251904	done	0.029188	0.031331268983194605	32.055296
svcomp2025-cra-monotone-hulls/nla-digbench-scaling/prod4br-ll_valuebound50e8a606.i---hull-0.yml	done	0.050778	0.053566388989565894	33.185792	done	0.037345	0.04020411899546161	32.927744
svcomp2025-cra-monotone-hulls/nla-digbench-scaling/hard2_valuebound258efae.i---hull-7.yml	done	0.036753	0.041242591018090025	32.137216	done	0.031977	0.03454060401418246	32.223232
svcomp2025-termination-monotone-hulls/loop-crafted/simple_vardep_1ed4014.i---hull-1.yml	done	0.025152	0.028296834003413096	31.453184	done	0.026096	0.028318274999037385	31.383552
svcomp2025-termination-monotone-hulls/nla-digbench-scaling/divbin_valuebound5af0c31.i---hull-2.yml	done	0.032403	0.03600714399362914	31.862784	done	0.026644	0.028921958000864834	31.838208
svcomp2025-termination-monotone-hulls/nla-digbench/hard27b9a5f.i---hull-3.yml	done	0.035148	0.03922578299534507	32.133120	done	0.031804	0.03346407800563611	32.219136
svcomp2025-cra-monotone-hulls/verifythis/prefixsum_iter539cbe.i---hull-18.yml	done	0.034149	0.037536160001764074	31.604736	done	0.028334	0.03034987300634384	31.535104
svcomp2025-cra-monotone-hulls/loop-acceleration/phases_2-1cbbb87.i---hull-2.yml	done	0.033248	0.03698214498581365	31.571968	done	0.030387	0.033637679007370025	31.457280
svcomp2025-termination-monotone-hulls/loop-invgen/apache-get-tag.i.p+sep-reducer7ca3df.i---hull-0.yml	done	0.031557	0.035267789993667975	32.161792	done	0.034845	0.03669476302457042	32.079872
svcomp2025-termination-monotone-hulls/nla-digbench-scaling/prodbin-ll_unwindbound50872f3d.i---hull-2.yml	done	0.035146	0.03940823601442389	32.219136	done	0.029656	0.03203941398533061	31.825920
svcomp2025-termination-monotone-hulls/nla-digbench-scaling/prodbin-ll_valuebound5566023.i---hull-3.yml	done	0.033043	0.03634608900756575	32.022528	done	0.029284	0.031682771019404754	31.916032
svcomp2025-cra-monotone-hulls/loop-invgen/apache-get-tag.i.v+lhb-reducer19c3f0.i---hull-2.yml	done	0.026752	0.02968412300106138	31.641600	done	0.027148	0.029541035008151084	31.784960
svcomp2025-termination-monotone-hulls/loop-zilu/benchmark39_conjunctivef60006.i---hull-1.yml	done	0.026286	0.030150184000376612	31.297536	done	0.024456	0.026248605019645765	31.256576
svcomp2025-termination-monotone-hulls/nla-digbench-scaling/dijkstra-u_valuebound5038749b.i---hull-2.yml	done	0.082807	0.08686755399685353	34.111488	done	0.052752	0.054835215996718034	33.280000
svcomp2025-termination-monotone-hulls/loops-crafted-1/nested5-233e19e.i---hull-12.yml	done	0.024374	0.0287336939945817	31.305728	done	0.025131	0.027570398000534624	31.420416
svcomp2025-termination-monotone-hulls/nla-digbench-scaling/dijkstra-u_valuebound20690b4c.i---hull-0.yml	done	0.069139	0.07276287500280887	33.853440	done	0.039846	0.042155942996032536	32.583680
svcomp2025-cra-monotone-hulls/nla-digbench-scaling/hard2_valuebound1754c0b.i---hull-7.yml	done	0.040126	0.04448021700954996	32.313344	done	0.031185	0.033466910012066364	32.120832
svcomp2025-cra-monotone-hulls/nla-digbench-scaling/ps2-ll_unwindbound1007e8171.i---hull-3.yml	done	0.029437	0.0342818140052259	31.936512	done	0.02634	0.028861158003564924	31.756288
svcomp2025-cra-monotone-hulls/loops/ludcmp9a1f18.i---hull-29.yml	done	0.046829	0.05078365601366386	33.112064	done	0.031952	0.034702870005276054	32.415744
svcomp2025-cra-monotone-hulls/loop-lit/bh2017-ex1-polyef9ceb.i---hull-11.yml	done	0.028319	0.03179590098443441	31.567872	done	0.028293	0.03086965999682434	31.866880
svcomp2025-cra-monotone-hulls/nla-digbench-scaling/prod4br-ll_valuebound22bfda8.i---hull-0.yml	done	0.052096	0.05580375299905427	33.075200	done	0.038607	0.04077948801568709	32.649216
svcomp2025-cra-monotone-hulls/nla-digbench-scaling/hard-u_valuebound561a8b1.i---hull-6.yml	done	0.048825	0.0507938560040202	32.477184	done	0.033218	0.035443686007056385	32.104448
svcomp2025-cra-monotone-hulls/loops-crafted-1/nested5-230ece3.i---hull-11.yml	done	0.025869	0.029483302001608536	31.506432	done	0.026566	0.028947255021193996	31.547392
svcomp2025-cra-monotone-hulls/nla-digbench-scaling/prodbin-ll_valuebound21b9197.i---hull-0.yml	done	0.03132	0.035580822004703805	31.862784	done	0.030126	0.03220712800975889	31.793152
svcomp2025-cra-monotone-hulls/nla-digbench-scaling/bresenham-ll_valuebound1de76a9.i---hull-5.yml	done	0.035147	0.0383874129911419	31.993856	done	0.026516	0.027958438004134223	31.744000
svcomp2025-termination-monotone-hulls/nla-digbench-scaling/hard-u_valuebound100fb1160.i---hull-3.yml	done	0.054059	0.05750095800613053	32.624640	done	0.03549	0.03826073999516666	32.350208
svcomp2025-cra-monotone-hulls/nla-digbench-scaling/dijkstra-u_valuebound1002d0ee2.i---hull-0.yml	done	0.081655	0.08602127898484468	33.783808	done	0.044094	0.04657959099858999	33.230848
svcomp2025-cra-monotone-hulls/nla-digbench-scaling/hard-ll_unwindbound566b261.i---hull-7.yml	done	0.043969	0.04818517400417477	32.485376	done	0.037091	0.039072452986147255	32.174080
svcomp2025-cra-monotone-hulls/loop-invgen/apache-get-tag.i.p+nlh-reducer9c39ae.i---hull-10.yml	done	0.035344	0.038709379005013034	32.296960	done	0.030512	0.03317474402138032	32.444416
svcomp2025-termination-monotone-hulls/loop-invgen/apache-get-tag.i.p+lhb-reducer3a59c7.i---hull-16.yml	done	0.028439	0.03129095499753021	31.764480	done	0.026895	0.0292949499853421	31.727616
svcomp2025-cra-monotone-hulls/nla-digbench-scaling/hard-u_valuebound2072e57b.i---hull-7.yml	done	0.04532	0.049469997989945114	32.550912	done	0.036327	0.038215470005525276	32.108544
svcomp2025-termination-monotone-hulls/nla-digbench-scaling/prod4br-ll_valuebound1a2a3ab.i---hull-2.yml	done	0.052718	0.05906221500481479	33.247232	done	0.03904	0.041808470006799325	33.013760
svcomp2025-cra-monotone-hulls/nla-digbench-scaling/bresenham-ll_valuebound20ebea83.i---hull-5.yml	done	0.034555	0.03739726301864721	31.993856	done	0.031237	0.03302439901744947	31.756288
svcomp2025-cra-monotone-hulls/nla-digbench-scaling/divbin_valuebound10efa9ac.i---hull-0.yml	done	0.031365	0.03490514800068922	31.854592	done	0.026865	0.028740296023897827	31.756288
svcomp2025-cra-monotone-hulls/loop-invgen/apache-get-tag.i.p+nlh-reducer9c39ae.i---hull-8.yml	done	0.033473	0.03686163297970779	32.165888	done	0.027456	0.030089298001257703	32.251904
svcomp2025-cra-monotone-hulls/nla-digbench-scaling/dijkstra-u_valuebound58809ba.i---hull-0.yml	done	0.081605	0.08535149399540387	33.800192	done	0.048879	0.05109480497776531	33.202176
svcomp2025-cra-monotone-hulls/loop-zilu/benchmark51_polynomial8064ec.i---hull-5.yml	done	0.031015	0.034640305006178096	31.510528	done	0.025883	0.02787257099407725	31.457280
svcomp2025-termination-monotone-hulls/nla-digbench-scaling/prod4br-ll_valuebound105660d7.i---hull-3.yml	done	0.048637	0.05211379600223154	33.030144	done	0.034166	0.037746654998045415	32.612352
svcomp2025-cra-monotone-hulls/nla-digbench-scaling/divbin2_unwindbound50c4468f.i---hull-5.yml	done	0.033869	0.03775228597805835	32.124928	done	0.029588	0.03209639500710182	31.870976
svcomp2025-cra-monotone-hulls/nla-digbench-scaling/hard-ll_unwindbound10746f9a.i---hull-10.yml	done	0.042699	0.04663663500105031	32.673792	done	0.031289	0.033705391018884256	32.206848
svcomp2025-cra-monotone-hulls/nla-digbench-scaling/hard2_valuebound20685c66.i---hull-11.yml	done	0.031833	0.03523393999785185	32.075776	done	0.031349	0.033553685003425926	32.223232
svcomp2025-cra-monotone-hulls/nla-digbench-scaling/prodbin-ll_unwindbound20f34355.i---hull-5.yml	done	0.033279	0.03737368798465468	32.161792	done	0.028849	0.03109866101294756	32.190464
svcomp2025-cra-monotone-hulls/nla-digbench-scaling/hard2_valuebound101d6aed.i---hull-11.yml	done	0.035403	0.03874547500163317	32.067584	done	0.031933	0.03338536902447231	32.182272
svcomp2025-termination-monotone-hulls/nla-digbench-scaling/dijkstra-u_valuebound10f1caa5.i---hull-1.yml	done	0.067162	0.07095275801839307	33.452032	done	0.039981	0.04238442800124176	32.550912
svcomp2025-termination-monotone-hulls/loops-crafted-1/nested3-249d15e.i---hull-15.yml	done	0.026271	0.030422963987803087	31.289344	done	0.024775	0.026520197978243232	31.412224
svcomp2025-termination-monotone-hulls/nla-digbench-scaling/hard2_valuebound5f05e3c.i---hull-2.yml	done	0.041727	0.04547974999877624	32.194560	done	0.03262	0.035003135999431834	32.399360
svcomp2025-cra-monotone-hulls/nla-digbench-scaling/egcd3-ll_unwindbound5c0fb8d.i---hull-17.yml	done	0.08531	0.08913077597389929	34.365440	done	0.038625	0.04089956701500341	32.591872
svcomp2025-termination-monotone-hulls/loop-invgen/apache-get-tag.i.p+lhb-reducer3a59c7.i---hull-14.yml	done	0.028005	0.031835489004151896	31.772672	done	0.032622	0.034748979000141844	31.899648
svcomp2025-termination-monotone-hulls/loop-invgen/apache-get-tag.i.v+nlh-reducer389cf7.i---hull-7.yml	done	0.028148	0.031859752984018996	32.153600	done	0.027676	0.03038019299856387	32.088064
svcomp2025-cra-monotone-hulls/nla-digbench-scaling/dijkstra-u_unwindbound20bb8766.i---hull-0.yml	done	0.088518	0.09253085099044256	34.029568	done	0.054714	0.05671892501413822	33.472512
svcomp2025-termination-monotone-hulls/loops-crafted-1/nested5-233e19e.i---hull-19.yml	done	0.027801	0.032120376999955624	31.465472	done	0.029051	0.031203220976749435	31.420416
svcomp2025-cra-monotone-hulls/loop-acceleration/diamond_1-173ab72.i---hull-4.yml	done	0.032695	0.0346115650027059	31.547392	done	0.029742	0.032843314023921266	31.760384
svcomp2025-termination-monotone-hulls/nla-digbench-scaling/hard-ll_unwindbound59000fb.i---hull-2.yml	done	0.051444	0.05563557700952515	32.800768	done	0.034258	0.03676211700076237	32.251904
svcomp2025-termination-monotone-hulls/nla-digbench-scaling/dijkstra-u_valuebound272c2b6.i---hull-0.yml	done	0.070576	0.07392507599433884	33.452032	done	0.045743	0.04755378598929383	33.042432
svcomp2025-cra-monotone-hulls/nla-digbench-scaling/hard2_valuebound100c8c7be.i---hull-10.yml	done	0.036866	0.04008317901752889	32.186368	done	0.031296	0.03327081401948817	32.165888
svcomp2025-cra-monotone-hulls/nla-digbench-scaling/dijkstra-u_unwindbound10bb20f6.i---hull-0.yml	done	0.077999	0.08246698099537753	34.029568	done	0.054204	0.05719515300006606	33.308672
svcomp2025-cra-monotone-hulls/nla-digbench-scaling/dijkstra-u_unwindbound20bb8766.i---hull-1.yml	done	0.089656	0.09389816501061432	34.025472	done	0.056274	0.05867015500552952	33.460224
svcomp2025-cra-monotone-hulls/nla-digbench-scaling/divbin_valuebound24b89e9.i---hull-5.yml	done	0.035407	0.0402085029927548	32.292864	done	0.037036	0.03918421798152849	32.083968
svcomp2025-termination-monotone-hulls/nla-digbench-scaling/egcd3-ll_unwindbound506ddb8.i---hull-28.yml	done	0.080758	0.08458173301187344	34.381824	done	0.040137	0.04276672701234929	32.686080
svcomp2025-termination-monotone-hulls/loops/lu.cmp93f568.i---hull-29.yml	done	0.054516	0.057079463993432	33.222656	done	0.034405	0.036201983981300145	32.395264
svcomp2025-termination-monotone-hulls/nla-digbench-scaling/hard2_valuebound21ded15.i---hull-3.yml	done	0.039294	0.04249501900631003	32.194560	done	0.034962	0.037767382978927344	32.382976
svcomp2025-cra-monotone-hulls/nla-digbench-scaling/hard-u_valuebound105899af.i---hull-10.yml	done	0.038019	0.04217907998827286	32.194560	done	0.030419	0.032623378006974235	32.071680
svcomp2025-termination-monotone-hulls/nla-digbench-scaling/divbin_unwindbound20b0f6f4.i---hull-3.yml	done	0.041092	0.04532914701849222	32.043008	done	0.031234	0.03389043299830519	32.006144
svcomp2025-termination-monotone-hulls/nla-digbench-scaling/prod4br-ll_valuebound100589f8b.i---hull-3.yml	done	0.049668	0.05369429101119749	33.030144	done	0.034063	0.035779104015091434	32.628736
svcomp2025-cra-monotone-hulls/nla-digbench-scaling/dijkstra-u_valuebound1002d0ee2.i---hull-2.yml	done	0.070112	0.07334122498286888	33.423360	done	0.039587	0.0419880919798743	32.571392
svcomp2025-termination-monotone-hulls/nla-digbench-scaling/divbin_valuebound229fb9e.i---hull-2.yml	done	0.035683	0.04001872200751677	31.858688	done	0.031446	0.03340628099977039	31.952896
svcomp2025-cra-monotone-hulls/nla-digbench/dijkstra-uef0502.i---hull-3.yml	done	0.063518	0.0679199100122787	33.525760	done	0.039871	0.04216267497395165	32.575488
svcomp2025-termination-monotone-hulls/loop-invgen/apache-get-tag13d8d1.i---hull-11.yml	done	0.027583	0.03170580498408526	31.322112	done	0.023922	0.02611734002130106	31.252480
svcomp2025-cra-monotone-hulls/nla-digbench-scaling/hard2_unwindbound100ed93b7.i---hull-10.yml	done	0.034888	0.038626408990239725	32.243712	done	0.033178	0.03497373400023207	32.231424
svcomp2025-termination-monotone-hulls/loop-invgen/heapsortcf85e7.i---hull-16.yml	done	0.049438	0.05329554100171663	32.759808	done	0.041216	0.043407485994976014	32.845824
svcomp2025-termination-monotone-hulls/nla-digbench-scaling/ps2-ll_unwindbound20950a38.i---hull-1.yml	done	0.033205	0.03741917901788838	31.690752	done	0.027451	0.029633806989295408	31.666176
svcomp2025-cra-monotone-hulls/nla-digbench-scaling/bresenham-ll_valuebound10473230.i---hull-5.yml	done	0.037106	0.041282763006165624	32.014336	done	0.028798	0.031210421992000192	31.760384
svcomp2025-cra-monotone-hulls/nla-digbench-scaling/dijkstra-u_valuebound2307724.i---hull-3.yml	done	0.075031	0.07900315799633972	33.579008	done	0.03786	0.039648282021516934	32.571392
svcomp2025-termination-monotone-hulls/nla-digbench-scaling/prod4br-ll_valuebound50acd61e.i---hull-3.yml	done	0.055242	0.059305237024091184	33.034240	done	0.054023	0.05677823699079454	32.763904
svcomp2025-cra-monotone-hulls/loop-lit/ddlm201356e0a7.i---hull-4.yml	done	0.03391	0.03802684400579892	31.723520	done	0.029281	0.03123812799458392	31.686656
svcomp2025-cra-monotone-hulls/loop-invgen/apache-get-tag89f1a2.i---hull-9.yml	done	0.032245	0.035427768976660445	31.703040	done	0.025595	0.02775723600643687	31.608832
svcomp2025-termination-monotone-hulls/nla-digbench-scaling/hard2_unwindbound50a18a60.i---hull-2.yml	done	0.038634	0.04253561201039702	32.391168	done	0.034084	0.03689615399343893	32.239616
svcomp2025-cra-monotone-hulls/nla-digbench-scaling/bresenham-ll_valuebound2e6378c.i---hull-5.yml	done	0.033291	0.03713343699928373	32.190464	done	0.029201	0.030929556989576668	31.993856
svcomp2025-termination-monotone-hulls/nla-digbench-scaling/hard2_unwindbound272fe54.i---hull-3.yml	done	0.038897	0.04266333600389771	32.387072	done	0.031638	0.0342188699869439	32.317440
svcomp2025-cra-monotone-hulls/nla-digbench/hard2142639.i---hull-10.yml	done	0.037958	0.041972278006142005	32.333824	done	0.032001	0.03414503700332716	32.120832
svcomp2025-termination-monotone-hulls/loop-invgen/apache-get-tag.i.v+nlh-reducer389cf7.i---hull-17.yml	done	0.026749	0.030802842986304313	31.772672	done	0.027993	0.029682805004995316	31.580160
svcomp2025-termination-monotone-hulls/nla-digbench-scaling/hard2_valuebound20eb8546.i---hull-2.yml	done	0.035303	0.03964545900817029	32.464896	done	0.031597	0.033584307006094605	32.161792
svcomp2025-termination-monotone-hulls/nla-digbench-scaling/dijkstra-u_valuebound5d65948.i---hull-3.yml	done	0.078253	0.08227451500715688	33.849344	done	0.054129	0.057108823995804414	33.275904
svcomp2025-cra-monotone-hulls/loop-lit/ddlm201356e0a7.i---hull-5.yml	done	0.031822	0.03637219200027175	31.719424	done	0.02733	0.029556056018918753	31.674368
svcomp2025-termination-monotone-hulls/loop-invgen/heapsortcf85e7.i---hull-17.yml	done	0.050972	0.054850473010446876	32.882688	done	0.047648	0.04955247198813595	32.686080
svcomp2025-termination-monotone-hulls/loops-crafted-1/nested3-2_abstracted866dfb.i---hull-3.yml	done	0.025308	0.02900054500787519	31.203328	done	0.024945	0.027947131980909035	31.440896
svcomp2025-cra-monotone-hulls/nla-digbench-scaling/dijkstra-u_unwindbound100e4c5c3.i---hull-4.yml	done	0.104806	0.10699386999476701	34.545664	done	0.044734	0.048126401990884915	32.751616
svcomp2025-termination-monotone-hulls/nla-digbench-scaling/hard2_valuebound109895a0.i---hull-2.yml	done	0.035623	0.03997763598454185	32.202752	done	0.032739	0.03486740999505855	32.169984
svcomp2025-cra-monotone-hulls/nla-digbench-scaling/hard-ll_unwindbound10062b2a4.i---hull-6.yml	done	0.042909	0.04606539901578799	32.542720	done	0.035303	0.03769434499554336	32.182272
svcomp2025-cra-monotone-hulls/nla-digbench-scaling/hard-ll_valuebound1006fcfa1.i---hull-10.yml	done	0.034458	0.038369083020370454	32.129024	done	0.029915	0.032279001985443756	32.047104
svcomp2025-cra-monotone-hulls/nla-digbench-scaling/hard-ll_unwindbound202def98.i---hull-10.yml	done	0.036639	0.040254498017020524	32.370688	done	0.031208	0.03402180000557564	32.141312
svcomp2025-cra-monotone-hulls/nla-digbench-scaling/hard-u_valuebound1002ba09b.i---hull-11.yml	done	0.033997	0.038417321018641815	32.137216	done	0.034611	0.036494804022368044	32.067584
svcomp2025-cra-monotone-hulls/nla-digbench-scaling/prodbin-ll_unwindbound106f6fa1.i---hull-4.yml	done	0.034697	0.038449726998806	32.444416	done	0.029611	0.032308003021171317	31.825920
svcomp2025-termination-monotone-hulls/loop-invgen/apache-get-tag.i.v+nlh-reducer389cf7.i---hull-14.yml	done	0.027955	0.03174218401545659	31.809536	done	0.026082	0.028711577004287392	31.784960
svcomp2025-cra-monotone-hulls/nla-digbench-scaling/hard-u_unwindbound2359161.i---hull-11.yml	done	0.038891	0.042205925012240186	32.387072	done	0.030056	0.03256697198958136	32.378880
svcomp2025-termination-monotone-hulls/loops-crafted-1/nested3-2_abstracted866dfb.i---hull-4.yml	done	0.024053	0.028280099999392405	31.211520	done	0.029496	0.03100003200233914	31.539200
svcomp2025-cra-monotone-hulls/nla-digbench-scaling/prodbin-ll_valuebound5cb3640.i---hull-5.yml	done	0.030983	0.034661558020161465	31.834112	done	0.026895	0.028979666996747255	31.834112
svcomp2025-cra-monotone-hulls/loop-invgen/apache-get-tag.i.v+lhb-reducer19c3f0.i---hull-10.yml	done	0.031995	0.036289281997596845	32.305152	done	0.031934	0.034051687020109966	32.190464
svcomp2025-termination-monotone-hulls/nla-digbench-scaling/hard2_unwindbound51dd916.i---hull-2.yml	done	0.038973	0.043131982994964346	32.653312	done	0.031683	0.03419379499973729	32.251904
svcomp2025-cra-monotone-hulls/nla-digbench-scaling/bresenham-ll_valuebound10062625d.i---hull-5.yml	done	0.031751	0.03593901498243213	32.256000	done	0.028904	0.03148175001842901	31.744000
svcomp2025-cra-monotone-hulls/nla-digbench/dijkstra0c3d2c.i---hull-1.yml	done	0.06438	0.06888385201455094	33.275904	done	0.040556	0.04307293600868434	32.911360
svcomp2025-cra-monotone-hulls/nla-digbench-scaling/dijkstra-u_valuebound58809ba.i---hull-4.yml	done	0.078095	0.08217471800162457	33.906688	done	0.037324	0.03953101299703121	32.616448
svcomp2025-cra-monotone-hulls/nla-digbench-scaling/hard2_valuebound258efae.i---hull-11.yml	done	0.034918	0.038595649995841086	32.075776	done	0.030184	0.03271810102160089	32.165888
svcomp2025-cra-monotone-hulls/nla-digbench-scaling/prodbin-ll_valuebound5cb3640.i---hull-4.yml	done	0.027657	0.031524243007879704	31.883264	done	0.028222	0.030727357981959358	31.739904
svcomp2025-termination-monotone-hulls/nla-digbench-scaling/dijkstra-u_unwindbound1075d40a.i---hull-1.yml	done	0.077258	0.08191804299713112	34.009088	done	0.039927	0.042291411984479055	32.739328
svcomp2025-cra-monotone-hulls/nla-digbench-scaling/ps2-ll_unwindbound102a744e.i---hull-5.yml	done	0.032188	0.034829057985916734	31.772672	done	0.026464	0.02910774201154709	31.514624
svcomp2025-termination-monotone-hulls/nla-digbench-scaling/prod4br-ll_valuebound105660d7.i---hull-2.yml	done	0.048447	0.052348394005093724	33.021952	done	0.038629	0.040876268001738936	32.722944
svcomp2025-cra-monotone-hulls/nla-digbench-scaling/prodbin-ll_valuebound167d1c9.i---hull-4.yml	done	0.033388	0.03779809002298862	31.948800	done	0.030353	0.033124972018413246	31.879168
svcomp2025-termination-monotone-hulls/nla-digbench-scaling/prodbin-ll_unwindbound2c7cfd3.i---hull-3.yml	done	0.035354	0.038962350983638316	31.952896	done	0.033189	0.03523863197187893	32.129024
svcomp2025-cra-monotone-hulls/nla-digbench-scaling/dijkstra-u_valuebound1c0b41a.i---hull-4.yml	done	0.082942	0.08650558700901456	33.902592	done	0.036784	0.039183237007819116	32.653312
svcomp2025-cra-monotone-hulls/nla-digbench-scaling/bresenham-ll_valuebound50906238.i---hull-5.yml	done	0.035687	0.03926923900144175	31.993856	done	0.02898	0.030836174002615735	31.739904
svcomp2025-cra-monotone-hulls/nla-digbench-scaling/hard-u_valuebound1002ba09b.i---hull-6.yml	done	0.056377	0.06105677300365642	32.534528	done	0.035317	0.03761990001657978	32.116736
svcomp2025-termination-monotone-hulls/nla-digbench-scaling/hard-u_unwindbound100baac46.i---hull-2.yml	done	0.048154	0.05232606301433407	32.604160	done	0.032501	0.034518767992267385	32.305152
svcomp2025-termination-monotone-hulls/nla-digbench-scaling/hard-u_unwindbound2067ac51.i---hull-2.yml	done	0.053424	0.05587084899889305	32.595968	done	0.033163	0.03497867798432708	32.251904
svcomp2025-cra-monotone-hulls/loop-invgen/apache-get-tag.i.p+lhb-reducerda5037.i---hull-3.yml	done	0.030451	0.03430411798763089	31.768576	done	0.027287	0.02958888898137957	31.723520
svcomp2025-termination-monotone-hulls/nla-digbench-scaling/dijkstra-u_unwindbound513c1f7.i---hull-0.yml	done	0.061448	0.06531961899599992	33.456128	done	0.038454	0.041304129001218826	32.686080
svcomp2025-cra-monotone-hulls/loops-crafted-1/sumt3144a79.i---hull-4.yml	done	0.047175	0.051164494012482464	32.575488	done	0.032334	0.03501001599943265	32.284672
svcomp2025-termination-monotone-hulls/loop-crafted/simple_vardep_2ca4147.i---hull-0.yml	done	0.025525	0.029688546987017617	31.559680	done	0.024889	0.02736393202212639	31.444992
svcomp2025-cra-monotone-hulls/nla-digbench-scaling/hard-u_unwindbound50c0d3cc.i---hull-6.yml	done	0.044866	0.0486206490022596	32.735232	done	0.035085	0.03728039099951275	32.182272
svcomp2025-cra-monotone-hulls/nla-digbench-scaling/dijkstra-u_unwindbound20bb8766.i---hull-5.yml	done	0.08753	0.09171793202403933	34.463744	done	0.036661	0.03889327897923067	32.755712
svcomp2025-cra-monotone-hulls/loops-crafted-1/nested5-230ece3.i---hull-9.yml	done	0.027857	0.03156076298910193	31.322112	done	0.025887	0.028512176999356598	31.477760
svcomp2025-termination-monotone-hulls/loop-lit/bh2017-ex1-poly4537b7.i---hull-16.yml	done	0.030608	0.03428614299627952	31.567872	done	0.033665	0.0359952209983021	31.592448
svcomp2025-cra-monotone-hulls/nla-digbench-scaling/hard2_valuebound101d6aed.i---hull-6.yml	done	0.040468	0.044979820027947426	32.169984	done	0.03364	0.03592086900607683	32.124928
svcomp2025-termination-monotone-hulls/nla-digbench-scaling/prodbin-ll_unwindbound206d674b.i---hull-3.yml	done	0.03744	0.04157704100362025	32.047104	done	0.032332	0.03439304398489185	31.862784
svcomp2025-termination-monotone-hulls/nla-digbench-scaling/prodbin-ll_valuebound1a00306.i---hull-3.yml	done	0.032876	0.037088226003106683	32.165888	done	0.028052	0.030360009986907244	31.850496
svcomp2025-termination-monotone-hulls/loop-crafted/simple_vardep_2ca4147.i---hull-1.yml	done	0.02735	0.031544188008410856	31.637504	done	0.026912	0.029289942991454154	31.432704
svcomp2025-termination-monotone-hulls/loops-crafted-1/nested3-2_abstracted866dfb.i---hull-0.yml	done	0.026019	0.02981317901867442	31.207424	done	0.028418	0.031814275978831574	31.571968
svcomp2025-termination-monotone-hulls/nla-digbench-scaling/ps2-ll_unwindbound20950a38.i---hull-0.yml	done	0.031655	0.036174070002743974	31.723520	done	0.027798	0.030225217022234574	31.772672
svcomp2025-cra-monotone-hulls/loop-invgen/apache-get-tag.i.v+nlh-reducer207e59.i---hull-4.yml	done	0.027364	0.0318034989759326	31.604736	done	0.025367	0.027604287985013798	31.563776
svcomp2025-cra-monotone-hulls/nla-digbench-scaling/hard2_valuebound1754c0b.i---hull-10.yml	done	0.035155	0.039357618981739506	32.067584	done	0.031109	0.03295862700906582	32.165888
svcomp2025-termination-monotone-hulls/nla-digbench-scaling/dijkstra-u_valuebound272c2b6.i---hull-2.yml	done	0.080653	0.0852632759779226	33.857536	done	0.050918	0.05334962302003987	33.288192
svcomp2025-cra-monotone-hulls/nla-digbench-scaling/divbin2_valuebound163ea41.i---hull-4.yml	done	0.03045	0.03502492100233212	32.100352	done	0.027167	0.029562528972746804	31.756288
svcomp2025-termination-monotone-hulls/loop-invgen/apache-get-tag.i.v+lhb-reducer292e78.i---hull-14.yml	done	0.025612	0.027648859977489337	31.494144	done	0.027428	0.029150309012038633	31.567872
svcomp2025-termination-monotone-hulls/loops-crafted-1/nested3-2_abstracted866dfb.i---hull-7.yml	done	0.025261	0.02974986398476176	31.215616	done	0.026248	0.028746392985340208	31.404032
svcomp2025-cra-monotone-hulls/nla-digbench-scaling/prodbin-ll_unwindbound50f845b8.i---hull-5.yml	done	0.032943	0.03752665300271474	31.956992	done	0.031202	0.033203383994987234	31.887360
svcomp2025-cra-monotone-hulls/loops-crafted-1/sumt6c55211.i---hull-4.yml	done	0.905711	0.9099398620019201	42.225664	done	0.044067	0.0462308689893689	33.382400
svcomp2025-termination-monotone-hulls/loop-lit/bh2017-ex1-poly4537b7.i---hull-20.yml	done	0.030786	0.03376941601163708	31.510528	done	0.028311	0.030962653981987387	31.498240
svcomp2025-cra-monotone-hulls/nla-digbench-scaling/ps2-ll_unwindbound20fdac75.i---hull-5.yml	done	0.02812	0.03177448202040978	31.752192	done	0.032478	0.035307860001921654	31.535104
svcomp2025-cra-monotone-hulls/nla-digbench-scaling/hard-u_valuebound50bc78ae.i---hull-11.yml	done	0.034939	0.038882537017343566	32.129024	done	0.033015	0.03611094900406897	32.059392
svcomp2025-termination-monotone-hulls/loop-invgen/apache-get-tag13d8d1.i---hull-1.yml	done	0.030056	0.03203736001159996	31.924224	done	0.026016	0.02842670600512065	31.617024
svcomp2025-cra-monotone-hulls/nla-digbench-scaling/hard-ll_valuebound105ba232.i---hull-10.yml	done	0.034095	0.03834806400118396	32.141312	done	0.030606	0.03337600998929702	32.063488
svcomp2025-termination-monotone-hulls/nla-digbench-scaling/dijkstra-u_valuebound100108d8c.i---hull-3.yml	done	0.102653	0.1062663440243341	34.025472	done	0.051038	0.05304564398829825	33.267712
svcomp2025-cra-monotone-hulls/nla-digbench-scaling/dijkstra-u_valuebound208594ca.i---hull-4.yml	done	0.077845	0.08271678700111806	34.078720	done	0.040613	0.0436374070122838	32.657408
svcomp2025-termination-monotone-hulls/loops-crafted-1/nested3-249d15e.i---hull-14.yml	done	0.025923	0.028626284998608753	31.297536	done	0.035668	0.03782245400361717	31.404032
svcomp2025-termination-monotone-hulls/nla-digbench-scaling/prodbin-ll_valuebound100c1ef48.i---hull-2.yml	done	0.030018	0.03291909699328244	31.911936	done	0.028772	0.031869742000708356	32.071680
svcomp2025-termination-monotone-hulls/nla-digbench-scaling/dijkstra-u_unwindbound201e882d.i---hull-2.yml	done	0.10311	0.10736145099508576	34.512896	done	0.054284	0.057174932007910684	33.443840
svcomp2025-termination-monotone-hulls/nla-digbench-scaling/ps2-ll_unwindbound106d1b28.i---hull-0.yml	done	0.027266	0.03205002500908449	31.703040	done	0.027988	0.03042679699137807	31.784960
svcomp2025-cra-monotone-hulls/nla-digbench-scaling/divbin_unwindbound2e707c2.i---hull-1.yml	done	0.035391	0.039961445989320055	32.227328	done	0.027856	0.030070602981140837	31.842304
svcomp2025-cra-monotone-hulls/loops/lu.cmp38abe2.i---hull-29.yml	done	0.044067	0.04824694601120427	32.911360	done	0.032443	0.034556077007437125	32.407552
svcomp2025-cra-monotone-hulls/loops-crafted-1/nested_delay_nd25f37e.i---hull-10.yml	done	0.057242	0.06160218300647102	33.087488	done	0.034996	0.037428588984766975	32.657408
svcomp2025-cra-monotone-hulls/nla-digbench-scaling/dijkstra-u_unwindbound5acc0f6.i---hull-1.yml	done	0.077884	0.0817944229929708	33.984512	done	0.051463	0.05349651799770072	33.312768
svcomp2025-cra-monotone-hulls/nla-digbench-scaling/hard2_valuebound20685c66.i---hull-10.yml	done	0.034444	0.038667832006467506	32.129024	done	0.031589	0.033671621000394225	32.178176
svcomp2025-cra-monotone-hulls/nla-digbench-scaling/prodbin-ll_unwindbound2c1505e.i---hull-0.yml	done	0.031289	0.035444117995211855	31.895552	done	0.032503	0.03486718700150959	31.907840
svcomp2025-termination-monotone-hulls/nla-digbench-scaling/dijkstra-u_unwindbound1008fedd5.i---hull-2.yml	done	0.102645	0.10690820499439724	34.492416	done	0.055452	0.05754209600854665	33.452032
svcomp2025-cra-monotone-hulls/nla-digbench-scaling/prodbin-ll_unwindbound106f6fa1.i---hull-0.yml	done	0.033553	0.03727806199458428	31.924224	done	0.030073	0.0328524470096454	31.813632
svcomp2025-cra-monotone-hulls/nla-digbench-scaling/hard-u_valuebound105899af.i---hull-6.yml	done	0.047771	0.05166641800315119	32.587776	done	0.03388	0.03597951601841487	32.088064
svcomp2025-cra-monotone-hulls/nla-digbench-scaling/dijkstra-u_unwindbound5acc0f6.i---hull-5.yml	done	0.096885	0.10182049899594858	34.484224	done	0.038556	0.04038990999106318	32.755712
svcomp2025-cra-monotone-hulls/loops-crafted-1/nested3-2216ff9.i---hull-9.yml	done	0.024339	0.02653382800053805	31.526912	done	0.026662	0.02956818899838254	31.670272
svcomp2025-cra-monotone-hulls/loop-industry-pattern/mod3.c.v+lhb-reducer0f808b.i---hull-2.yml	done	0.027396	0.030937682022340596	31.612928	done	0.031341	0.0334638950007502	31.756288
svcomp2025-cra-monotone-hulls/nla-digbench-scaling/divbin2_unwindbound20f0a835.i---hull-5.yml	done	0.030628	0.03396144599537365	32.043008	done	0.031776	0.03411646300810389	31.858688
svcomp2025-cra-monotone-hulls/nla-digbench-scaling/dijkstra-u_unwindbound5acc0f6.i---hull-2.yml	done	0.056807	0.0612168229999952	33.280000	done	0.041571	0.04403934799483977	32.673792
svcomp2025-cra-monotone-hulls/nla-digbench-scaling/prod4br-ll_valuebound100d80ae3.i---hull-0.yml	done	0.049264	0.05247119799605571	33.099776	done	0.039466	0.04185928899096325	32.649216
svcomp2025-termination-monotone-hulls/loop-invgen/apache-get-tag.i.v+nlh-reducer389cf7.i---hull-16.yml	done	0.027749	0.030376195994904265	31.641600	done	0.026099	0.02836051699705422	31.588352
svcomp2025-termination-monotone-hulls/nla-digbench-scaling/prod4br-ll_valuebound1a2a3ab.i---hull-3.yml	done	0.057518	0.06176912001683377	33.656832	done	0.044511	0.04633404899504967	32.952320
svcomp2025-cra-monotone-hulls/loops-crafted-1/nested5-230ece3.i---hull-10.yml	done	0.025779	0.02953677502227947	31.420416	done	0.033632	0.03538306901464239	31.948800
svcomp2025-termination-monotone-hulls/loop-invgen/apache-get-tag.i.p+lhb-reducer3a59c7.i---hull-17.yml	done	0.031699	0.03474938200088218	31.821824	done	0.046037	0.04808764698100276	31.723520
svcomp2025-termination-monotone-hulls/nla-digbench-scaling/dijkstra-u_valuebound20690b4c.i---hull-1.yml	done	0.070495	0.07579502899898216	33.648640	done	0.042312	0.045120733993826434	32.559104
svcomp2025-cra-monotone-hulls/nla-digbench-scaling/prodbin-ll_valuebound10091760a.i---hull-0.yml	done	0.031042	0.03531150601338595	31.977472	done	0.030293	0.031876972992904484	31.801344
svcomp2025-cra-monotone-hulls/loop-invgen/apache-get-tag89f1a2.i---hull-5.yml	done	0.026532	0.03119663501274772	31.612928	done	0.023916	0.025737120973644778	31.264768
svcomp2025-termination-monotone-hulls/nla-digbench-scaling/hard2_valuebound5f05e3c.i---hull-3.yml	done	0.036952	0.04176771399215795	32.202752	done	0.030842	0.03389330001664348	32.202752
svcomp2025-cra-monotone-hulls/nla-digbench-scaling/prodbin-ll_valuebound1052fcb4.i---hull-0.yml	done	0.031646	0.03554371400969103	31.850496	done	0.026568	0.02908074701554142	31.780864
svcomp2025-cra-monotone-hulls/nla-digbench-scaling/hard-ll_valuebound52df6e2.i---hull-10.yml	done	0.032731	0.03637076399172656	32.133120	done	0.031429	0.0334454050171189	32.055296
svcomp2025-cra-monotone-hulls/nla-digbench-scaling/dijkstra-u_unwindbound5acc0f6.i---hull-4.yml	done	0.101272	0.10504304899950512	34.484224	done	0.039675	0.04217259702272713	32.763904
svcomp2025-termination-monotone-hulls/loops-crafted-1/nested5-233e19e.i---hull-16.yml	done	0.025955	0.030097997980192304	31.313920	done	0.029043	0.03162143801455386	31.485952
svcomp2025-cra-monotone-hulls/nla-digbench-scaling/divbin_valuebound10efa9ac.i---hull-1.yml	done	0.030084	0.03434751500026323	31.793152	done	0.031337	0.03375482599949464	31.768576
svcomp2025-termination-monotone-hulls/loop-invgen/heapsortcf85e7.i---hull-15.yml	done	0.041477	0.045083993987645954	32.808960	done	0.032585	0.03538580302847549	32.223232
svcomp2025-cra-monotone-hulls/nla-digbench-scaling/dijkstra-u_unwindbound2fe0114.i---hull-5.yml	done	0.07622	0.08068549699964933	33.886208	done	0.038278	0.04061591500067152	32.997376
svcomp2025-cra-monotone-hulls/nla-digbench-scaling/hard-u_unwindbound5ac732b.i---hull-11.yml	done	0.036282	0.04069489199901	32.362496	done	0.030793	0.03289798999321647	32.174080
svcomp2025-termination-monotone-hulls/loop-industry-pattern/mod3.c.v+sep-reducer7ddc28.i---hull-18.yml	done	0.032577	0.03718223900068551	31.883264	done	0.033316	0.0367823320266325	31.854592
svcomp2025-termination-monotone-hulls/loops-crafted-1/nested_delay_nd682c52.i---hull-17.yml	done	0.052374	0.056410280987620354	33.075200	done	0.033024	0.03480578900780529	32.452608
svcomp2025-termination-monotone-hulls/loop-invgen/apache-get-tag.i.v+lhb-reducer292e78.i---hull-16.yml	done	0.027838	0.03156015501008369	31.617024	done	0.03004	0.032589372975053266	31.588352
svcomp2025-cra-monotone-hulls/nla-digbench-scaling/dijkstra-u_unwindbound10bb20f6.i---hull-2.yml	done	0.059286	0.06314663801458664	33.234944	done	0.042597	0.04493532999185845	32.710656
svcomp2025-termination-monotone-hulls/nla-digbench-scaling/dijkstra-u_unwindbound50acc6ee.i---hull-2.yml	done	0.099423	0.10238778800703585	34.471936	done	0.069112	0.07077721098903567	33.861632
svcomp2025-termination-monotone-hulls/nla-digbench-scaling/prodbin-ll_valuebound50062f4a.i---hull-2.yml	done	0.031177	0.03338358801556751	31.928320	done	0.029796	0.032180493988562375	32.067584
svcomp2025-termination-monotone-hulls/nla-digbench-scaling/hard-ll_unwindbound10bf03ee.i---hull-2.yml	done	0.050364	0.054427297989604995	32.616448	done	0.032022	0.03393409799900837	32.247808
svcomp2025-cra-monotone-hulls/loop-new/half599671.i---hull-5.yml	done	0.027103	0.030974380002589896	31.858688	done	0.026242	0.028881026984890923	31.653888
svcomp2025-cra-monotone-hulls/nla-digbench-scaling/divbin2_valuebound20c22388.i---hull-5.yml	done	0.028917	0.03359916899353266	31.776768	done	0.034048	0.03682838202803396	31.752192
svcomp2025-cra-monotone-hulls/loops-crafted-1/sumt6c55211.i---hull-5.yml	done	0.946918	0.95189549998031	42.020864	done	0.042333	0.045016126008704305	33.423360
svcomp2025-cra-monotone-hulls/nla-digbench-scaling/hard-u_valuebound156c752.i---hull-11.yml	done	0.031023	0.03512444399530068	32.092160	done	0.031822	0.034320166014367715	32.169984
svcomp2025-termination-monotone-hulls/nla-digbench-scaling/hard-u_valuebound2071e738.i---hull-2.yml	done	0.050953	0.055389971006661654	32.878592	done	0.039316	0.041187352006090805	32.165888
svcomp2025-cra-monotone-hulls/nla-digbench-scaling/hard-ll_valuebound1006fcfa1.i---hull-6.yml	done	0.046121	0.04832088699913584	32.546816	done	0.031618	0.034208270983072	32.096256
svcomp2025-termination-monotone-hulls/nla-digbench-scaling/prodbin-ll_valuebound10edec77.i---hull-2.yml	done	0.0322	0.03701743099372834	32.174080	done	0.030826	0.033201964979525656	31.813632
svcomp2025-termination-monotone-hulls/nla-digbench-scaling/divbin_valuebound10021cf8a.i---hull-3.yml	done	0.033929	0.03793756800587289	31.883264	done	0.032342	0.03418147301999852	31.821824
svcomp2025-termination-monotone-hulls/nla-digbench-scaling/hard2_unwindbound20fa5351.i---hull-3.yml	done	0.04029	0.04451295599574223	32.403456	done	0.034476	0.036688076972495764	32.243712
svcomp2025-cra-monotone-hulls/nla-digbench-scaling/dijkstra-u_valuebound1002d0ee2.i---hull-5.yml	done	0.080404	0.08452388699515723	33.902592	done	0.041281	0.04387065500486642	32.878592
svcomp2025-cra-monotone-hulls/nla-digbench-scaling/dijkstra-u_valuebound1c0b41a.i---hull-5.yml	done	0.080149	0.08460531901801005	33.918976	done	0.041804	0.044810607010731474	32.890880
svcomp2025-termination-monotone-hulls/nla-digbench-scaling/dijkstra-u_unwindbound1008fedd5.i---hull-0.yml	done	0.069315	0.0729498419968877	33.439744	done	0.04357	0.045315138006117195	32.681984
svcomp2025-cra-monotone-hulls/loops-crafted-1/sumt55e776d.i---hull-5.yml	done	0.320646	0.3249133290082682	37.658624	done	0.038806	0.041420761990593746	32.899072
svcomp2025-termination-monotone-hulls/loop-acceleration/phases_2-2bd7d56.i---hull-4.yml	done	0.029618	0.03363859199453145	31.584256	done	0.025315	0.028096297988668084	31.510528
svcomp2025-cra-monotone-hulls/loops-crafted-1/nested5-230ece3.i---hull-8.yml	done	0.02617	0.029921714012743905	31.571968	done	0.028769	0.03149228999973275	31.563776
svcomp2025-cra-monotone-hulls/loop-invariants/eq1b6bb34.i---hull-4.yml	done	0.029368	0.03266916700522415	31.965184	done	0.029338	0.03147241901024245	31.895552
svcomp2025-cra-monotone-hulls/nla-digbench-scaling/ps2-ll_unwindbound504638b1.i---hull-5.yml	done	0.029035	0.03322089900029823	31.825920	done	0.024753	0.0269313000026159	31.535104
svcomp2025-termination-monotone-hulls/nla-digbench-scaling/dijkstra-u_unwindbound513c1f7.i---hull-1.yml	done	0.064884	0.06916498302598484	33.591296	done	0.041726	0.0446740290208254	32.780288
svcomp2025-cra-monotone-hulls/loop-acceleration/phases_2-24c7310.i---hull-3.yml	done	0.028965	0.03269934898708016	31.576064	done	0.025441	0.02771343500353396	31.461376
svcomp2025-cra-monotone-hulls/loop-crafted/simple_vardep_2150c93.i---hull-2.yml	done	0.028666	0.030653402995085344	31.559680	done	0.025437	0.027545852004550397	31.698944
svcomp2025-cra-monotone-hulls/nla-digbench-scaling/hard-u_valuebound27f9189.i---hull-7.yml	done	0.049362	0.05300350600737147	32.473088	done	0.035601	0.03829822500119917	32.092160
svcomp2025-termination-monotone-hulls/nla-digbench-scaling/dijkstra-u_unwindbound1075d40a.i---hull-0.yml	done	0.075628	0.07961377099854872	33.910784	done	0.040778	0.042939779988955706	32.694272
svcomp2025-cra-monotone-hulls/nla-digbench/hard-u276981.i---hull-10.yml	done	0.032958	0.03502477699657902	32.157696	done	0.030824	0.032863250002264977	32.317440
svcomp2025-termination-monotone-hulls/nla-digbench-scaling/hard-u_valuebound10601635.i---hull-3.yml	done	0.047381	0.05181982900830917	32.612352	done	0.031984	0.03423491297871806	32.346112
svcomp2025-cra-monotone-hulls/loop-invgen/apache-get-tag89f1a2.i---hull-4.yml	done	0.025714	0.03028130001621321	31.313920	done	0.02292	0.024489727016771212	31.289344
svcomp2025-cra-monotone-hulls/nla-digbench/divbin2028071.i---hull-4.yml	done	0.034416	0.03804808700806461	31.768576	done	0.036459	0.03865182801382616	31.875072
svcomp2025-termination-monotone-hulls/nla-digbench-scaling/dijkstra-u_valuebound272c2b6.i---hull-3.yml	done	0.102778	0.10705654200864956	34.308096	done	0.049716	0.05208754100021906	33.263616
svcomp2025-termination-monotone-hulls/loops-crafted-1/nested3-249d15e.i---hull-13.yml	done	0.029303	0.03271213499829173	31.055872	done	0.030914	0.03311499301344156	31.473664
svcomp2025-cra-monotone-hulls/nla-digbench/dijkstra0c3d2c.i---hull-0.yml	done	0.066278	0.07020246700267307	33.452032	done	0.043113	0.04530055899522267	32.747520
svcomp2025-cra-monotone-hulls/nla-digbench-scaling/hard2_unwindbound548804a.i---hull-6.yml	done	0.043105	0.04930007000803016	32.440320	done	0.034869	0.03775826099445112	32.194560
svcomp2025-cra-monotone-hulls/nla-digbench-scaling/prodbin-ll_valuebound503cdb63.i---hull-0.yml	done	0.033718	0.03740328300045803	31.850496	done	0.027042	0.030526282993378118	31.780864
svcomp2025-termination-monotone-hulls/nla-digbench-scaling/dijkstra-u_unwindbound201e882d.i---hull-1.yml	done	0.062067	0.0668840300058946	33.681408	done	0.041225	0.0429253340116702	32.727040
svcomp2025-cra-monotone-hulls/nla-digbench-scaling/hard2_unwindbound5053bb67.i---hull-11.yml	done	0.032943	0.037949780002236366	32.391168	done	0.031391	0.03405560998362489	32.235520
svcomp2025-cra-monotone-hulls/nla-digbench-scaling/hard2_unwindbound10d6c388.i---hull-7.yml	done	0.042192	0.04634704499039799	32.669696	done	0.032768	0.03576592498575337	32.190464
svcomp2025-cra-monotone-hulls/nla-digbench-scaling/hard2_valuebound20685c66.i---hull-7.yml	done	0.036247	0.04037239198805764	32.518144	done	0.033158	0.034942148020491004	32.108544
svcomp2025-termination-monotone-hulls/nla-digbench-scaling/hard-u_valuebound2071e738.i---hull-3.yml	done	0.046895	0.04896385100437328	32.604160	done	0.032035	0.034598675003508106	32.198656
svcomp2025-cra-monotone-hulls/nla-digbench-scaling/hard-ll_unwindbound227b325.i---hull-10.yml	done	0.038073	0.04159865001565777	32.382976	done	0.030775	0.032824100024299696	32.124928
svcomp2025-cra-monotone-hulls/nla-digbench-scaling/prodbin-ll_valuebound20995776.i---hull-5.yml	done	0.030625	0.033938682987354696	31.899648	done	0.029867	0.032208852004259825	31.735808
svcomp2025-termination-monotone-hulls/loop-new/half27c4ec.i---hull-0.yml	done	0.027184	0.030870713002514094	31.662080	done	0.02639	0.028856634016847238	31.465472
svcomp2025-cra-monotone-hulls/nla-digbench-scaling/hard-u_valuebound1002ba09b.i---hull-7.yml	done	0.045645	0.05003159400075674	32.636928	done	0.032268	0.034240606997627765	32.120832
svcomp2025-termination-monotone-hulls/nla-digbench-scaling/prodbin-ll_valuebound10edec77.i---hull-3.yml	done	0.030456	0.03425477899145335	31.842304	done	0.027935	0.030424146010773256	31.813632
svcomp2025-cra-monotone-hulls/loop-invgen/heapsort1d56f4.i---hull-11.yml	done	0.047673	0.05133253999520093	32.776192	done	0.042934	0.04603876598412171	32.620544
svcomp2025-cra-monotone-hulls/loop-crafted/simple_vardep_2150c93.i---hull-5.yml	done	0.026936	0.03141723899170756	31.625216	done	0.025184	0.027455358009319752	31.461376
svcomp2025-cra-monotone-hulls/nla-digbench-scaling/divbin2_unwindbound10023776.i---hull-4.yml	done	0.032366	0.03497223899466917	31.940608	done	0.028814	0.030668612977024168	31.887360
svcomp2025-termination-monotone-hulls/nla-digbench-scaling/prod4br-ll_valuebound20eb20be.i---hull-3.yml	done	0.047506	0.05186383699765429	33.038336	done	0.037029	0.039669567020609975	32.612352
svcomp2025-cra-monotone-hulls/nla-digbench-scaling/divbin_valuebound20a3205e.i---hull-0.yml	done	0.031354	0.03457321398309432	31.809536	done	0.029718	0.03199259997927584	31.789056
svcomp2025-cra-monotone-hulls/loop-invgen/apache-get-tag.i.v+nlh-reducer207e59.i---hull-9.yml	done	0.031204	0.034674741997150704	32.145408	done	0.033948	0.035870116989826784	32.235520
svcomp2025-termination-monotone-hulls/loop-acceleration/phases_2-2bd7d56.i---hull-5.yml	done	0.032304	0.03598284401232377	31.604736	done	0.026026	0.028608888998860493	31.457280
svcomp2025-termination-monotone-hulls/nla-digbench-scaling/divbin_unwindbound1000752b4.i---hull-3.yml	done	0.033128	0.03644449601415545	32.120832	done	0.029642	0.032308383990311995	31.899648
svcomp2025-termination-monotone-hulls/nla-digbench-scaling/divbin_unwindbound10617c7a.i---hull-2.yml	done	0.037115	0.03909502798342146	32.059392	done	0.028408	0.03115964200696908	31.932416
svcomp2025-termination-monotone-hulls/nla-digbench-scaling/hard2_unwindbound272fe54.i---hull-2.yml	done	0.036368	0.04083467400050722	32.387072	done	0.031066	0.03371247198083438	32.526336
svcomp2025-termination-monotone-hulls/nla-digbench-scaling/hard2_unwindbound10000a828.i---hull-2.yml	done	0.036642	0.04120553197572008	32.825344	done	0.032466	0.03481803499744274	32.223232
svcomp2025-termination-monotone-hulls/nla-digbench-scaling/divbin_unwindbound25824cf.i---hull-3.yml	done	0.035915	0.0389400270069018	32.169984	done	0.031422	0.034316942997975275	32.116736
svcomp2025-termination-monotone-hulls/loop-lit/bh2017-ex1-poly4537b7.i---hull-21.yml	done	0.027668	0.03147263400023803	31.522816	done	0.031249	0.033995579986367375	31.539200
svcomp2025-termination-monotone-hulls/loop-industry-pattern/mod3.c.v+lhb-reducer469357.i---hull-10.yml	done	0.029175	0.03313872398575768	31.715328	done	0.033096	0.036096668016398326	31.657984
svcomp2025-termination-monotone-hulls/nla-digbench-scaling/dijkstra-u_valuebound20690b4c.i---hull-2.yml	done	0.078485	0.08306934000574984	33.857536	done	0.054934	0.05689195799641311	33.267712
svcomp2025-cra-monotone-hulls/nla-digbench-scaling/hard-u_valuebound27f9189.i---hull-6.yml	done	0.044953	0.04924405799829401	32.468992	done	0.03001	0.03279308500350453	32.088064
svcomp2025-cra-monotone-hulls/nla-digbench-scaling/ps2-ll_unwindbound504638b1.i---hull-3.yml	done	0.032085	0.03580762800993398	31.789056	done	0.026488	0.028734260995406657	31.510528
svcomp2025-termination-monotone-hulls/nla-digbench-scaling/divbin_valuebound5af0c31.i---hull-3.yml	done	0.032919	0.03650297501008026	31.895552	done	0.029568	0.03145913401385769	31.821824
svcomp2025-termination-monotone-hulls/nla-digbench/prodbin-ll5798ec.i---hull-3.yml	done	0.039451	0.04400438000448048	32.075776	done	0.028121	0.030622218997450545	31.768576
svcomp2025-termination-monotone-hulls/nla-digbench-scaling/divbin_valuebound50e09106.i---hull-3.yml	done	0.036346	0.039653965999605134	31.870976	done	0.027946	0.029657951003173366	31.821824
svcomp2025-termination-monotone-hulls/nla-digbench-scaling/ps2-ll_unwindbound2eb9be0.i---hull-0.yml	done	0.032463	0.036742276017321274	31.801344	done	0.02568	0.02744811898446642	31.481856
svcomp2025-cra-monotone-hulls/nla-digbench/dijkstra0c3d2c.i---hull-4.yml	done	0.085555	0.08952103101182729	33.959936	done	0.037567	0.039804480999009684	32.550912
svcomp2025-cra-monotone-hulls/nla-digbench-scaling/prodbin-ll_unwindbound100c310cf.i---hull-5.yml	done	0.030611	0.03343697899254039	32.161792	done	0.028367	0.03065900399815291	31.920128
svcomp2025-termination-monotone-hulls/nla-digbench-scaling/dijkstra-u_valuebound100108d8c.i---hull-2.yml	done	0.082248	0.08623189199715853	33.861632	done	0.054453	0.05660192700452171	33.521664
svcomp2025-termination-monotone-hulls/nla-digbench-scaling/hard-u_unwindbound5015833e.i---hull-3.yml	done	0.049682	0.053424567013280466	32.600064	done	0.038365	0.04097193098277785	32.264192
svcomp2025-cra-monotone-hulls/nla-digbench-scaling/hard2_unwindbound10d6c388.i---hull-10.yml	done	0.033501	0.03743298599147238	32.247808	done	0.033639	0.03571204500622116	32.231424
svcomp2025-cra-monotone-hulls/loop-acceleration/diamond_1-2fe2c9f.i---hull-5.yml	done	0.027197	0.030956732982303947	31.539200	done	0.027446	0.02917136298492551	31.764480
svcomp2025-cra-monotone-hulls/nla-digbench-scaling/dijkstra-u_valuebound1c0b41a.i---hull-0.yml	done	0.079811	0.08310346899088472	33.783808	done	0.0496	0.05298953800229356	33.509376
svcomp2025-cra-monotone-hulls/nla-digbench-scaling/dijkstra-u_unwindbound10bb20f6.i---hull-4.yml	done	0.078781	0.0823808090062812	33.873920	done	0.03911	0.040670116984983906	32.985088
svcomp2025-cra-monotone-hulls/loops-crafted-1/sumt2b40bce.i---hull-5.yml	done	0.030712	0.03310641000280157	31.748096	done	0.027355	0.029241399985039607	31.649792
svcomp2025-cra-monotone-hulls/nla-digbench-scaling/prodbin-ll_valuebound20995776.i---hull-0.yml	done	0.03236	0.03465657398919575	31.977472	done	0.031345	0.0335132589971181	31.776768
svcomp2025-cra-monotone-hulls/loop-invariants/eq2779786.i---hull-4.yml	done	0.026625	0.03101546599646099	31.416320	done	0.026095	0.02794255400658585	31.412224
svcomp2025-cra-monotone-hulls/nla-digbench-scaling/hard2_valuebound100c8c7be.i---hull-6.yml	done	0.041071	0.04468883600202389	32.518144	done	0.030414	0.032355586998164654	32.124928
svcomp2025-cra-monotone-hulls/nla-digbench-scaling/prodbin-ll_valuebound10091760a.i---hull-5.yml	done	0.029395	0.033278438000706956	31.846400	done	0.03021	0.032590862014330924	31.932416
svcomp2025-termination-monotone-hulls/nla-digbench-scaling/hard-ll_valuebound1002f8513.i---hull-3.yml	done	0.046499	0.05121658800635487	32.837632	done	0.038364	0.040302064997376874	32.190464
svcomp2025-termination-monotone-hulls/nla-digbench-scaling/divbin_valuebound229fb9e.i---hull-3.yml	done	0.03223	0.03598378400783986	31.862784	done	0.027125	0.028761769004631788	31.821824
svcomp2025-termination-monotone-hulls/nla-digbench-scaling/hard-ll_valuebound104ee9a5.i---hull-2.yml	done	0.053237	0.057305925991386175	32.690176	done	0.033287	0.03568839799845591	32.190464
svcomp2025-cra-monotone-hulls/nla-digbench-scaling/hard-u_unwindbound2359161.i---hull-10.yml	done	0.040612	0.04272318902076222	32.477184	done	0.031591	0.03348033901420422	32.096256
svcomp2025-cra-monotone-hulls/nla-digbench/divbin3ce762.i---hull-0.yml	done	0.030853	0.03258678497513756	31.801344	done	0.028218	0.030119667993858457	31.756288
svcomp2025-cra-monotone-hulls/nla-digbench-scaling/prodbin-ll_unwindbound5e87262.i---hull-4.yml	done	0.029681	0.033284013014053926	31.911936	done	0.027423	0.029935102007584646	31.813632
svcomp2025-cra-monotone-hulls/nla-digbench-scaling/hard-ll_valuebound200ef1d9.i---hull-11.yml	done	0.047889	0.05116921599255875	32.133120	done	0.030855	0.032770778983831406	32.051200
svcomp2025-cra-monotone-hulls/nla-digbench-scaling/dijkstra-u_valuebound50e90558.i---hull-3.yml	done	0.074733	0.07888125101453625	33.419264	done	0.039356	0.041662707983050495	32.563200
svcomp2025-cra-monotone-hulls/loop-invgen/apache-get-tag.i.p+lhb-reducerda5037.i---hull-5.yml	done	0.032849	0.03651897801319137	31.748096	done	0.025844	0.02762477399664931	31.838208
svcomp2025-cra-monotone-hulls/loop-invgen/apache-get-tag.i.p+lhb-reducerda5037.i---hull-11.yml	done	0.043745	0.04755343499709852	32.661504	done	0.032159	0.03462113600107841	32.534528
svcomp2025-cra-monotone-hulls/loops-crafted-1/nested3-2216ff9.i---hull-11.yml	done	0.028725	0.032435045985039324	31.305728	done	0.025774	0.02825923397904262	31.457280
svcomp2025-cra-monotone-hulls/nla-digbench-scaling/prod4br-ll_valuebound5db323d.i---hull-1.yml	done	0.052069	0.056941821007058024	33.079296	done	0.036488	0.03965179799706675	32.641024
svcomp2025-termination-monotone-hulls/nla-digbench-scaling/hard2_valuebound20eb8546.i---hull-3.yml	done	0.039611	0.043546130997128785	32.399360	done	0.033883	0.036434394016396254	32.157696
svcomp2025-termination-monotone-hulls/nla-digbench-scaling/prod4br-ll_valuebound100589f8b.i---hull-2.yml	done	0.051776	0.05587352899601683	33.038336	done	0.034682	0.03686331401695497	32.604160
svcomp2025-cra-monotone-hulls/loop-lit/bh2017-ex1-polyef9ceb.i---hull-7.yml	done	0.026526	0.03063577797729522	31.510528	done	0.026903	0.029097257007379085	31.502336
svcomp2025-cra-monotone-hulls/nla-digbench-scaling/hard-ll_unwindbound566b261.i---hull-10.yml	done	0.036106	0.038702247984474525	32.366592	done	0.031776	0.03439622701262124	32.145408
svcomp2025-termination-monotone-hulls/nla-digbench-scaling/hard2_valuebound109895a0.i---hull-3.yml	done	0.039815	0.04385732999071479	32.198656	done	0.03057	0.032669825974153355	32.153600
svcomp2025-cra-monotone-hulls/nla-digbench-scaling/prodbin-ll_unwindbound2c1505e.i---hull-5.yml	done	0.037237	0.04076851499848999	32.006144	done	0.027644	0.030408452003030106	31.920128
svcomp2025-termination-monotone-hulls/loops-crafted-1/nested_delay_nd682c52.i---hull-16.yml	done	0.057172	0.05955256399465725	33.423360	done	0.034315	0.03664612598367967	32.432128
svcomp2025-termination-monotone-hulls/nla-digbench-scaling/hard2_valuebound15eabfb.i---hull-2.yml	done	0.038959	0.04215627399389632	32.423936	done	0.033045	0.03553938999539241	32.366592
svcomp2025-cra-monotone-hulls/loop-invgen/apache-get-tag89f1a2.i---hull-10.yml	done	0.032832	0.036688047024654225	31.899648	done	0.029039	0.03137849899940193	31.694848
svcomp2025-cra-monotone-hulls/nla-digbench-scaling/ps2-ll_unwindbound29f242e.i---hull-4.yml	done	0.028983	0.03293597299489193	31.678464	done	0.025878	0.028231787000549957	31.510528
svcomp2025-cra-monotone-hulls/nla-digbench-scaling/dijkstra-u_valuebound2307724.i---hull-0.yml	done	0.08192	0.08546432497678325	33.841152	done	0.046769	0.049547770991921425	33.144832
svcomp2025-termination-monotone-hulls/loops-crafted-1/nested3-2_abstracted866dfb.i---hull-5.yml	done	0.027995	0.03245717700337991	31.264768	done	0.024539	0.026602953003020957	31.518720
svcomp2025-cra-monotone-hulls/nla-digbench-scaling/hard-u_unwindbound10d8c97b.i---hull-6.yml	done	0.041707	0.045025813014945015	32.501760	done	0.033091	0.03540747400256805	32.428032
svcomp2025-cra-monotone-hulls/nla-digbench-scaling/hard-u_unwindbound203e737e.i---hull-11.yml	done	0.041587	0.045212511002318934	32.374784	done	0.033495	0.03510784200625494	32.145408
svcomp2025-cra-monotone-hulls/nla-digbench-scaling/prodbin-ll_unwindbound20f34355.i---hull-0.yml	done	0.031209	0.035615537024568766	31.911936	done	0.027105	0.02982048800913617	31.813632
svcomp2025-termination-monotone-hulls/nla-digbench-scaling/dijkstra-u_valuebound5038749b.i---hull-1.yml	done	0.068043	0.07296171900816262	33.468416	done	0.03947	0.041671554994536564	32.559104
svcomp2025-termination-monotone-hulls/nla-digbench-scaling/hard-ll_unwindbound503d8a55.i---hull-2.yml	done	0.046155	0.04983641399303451	32.604160	done	0.035998	0.037754598015453666	32.256000
svcomp2025-cra-monotone-hulls/nla-digbench-scaling/prod4br-ll_valuebound10117d20.i---hull-0.yml	done	0.052819	0.05718190802144818	33.103872	done	0.035742	0.03789708999102004	32.837632
svcomp2025-termination-monotone-hulls/loops-crafted-1/nested5-233e19e.i---hull-13.yml	done	0.026755	0.028681415016762912	31.309824	done	0.02584	0.027696753008058295	31.678464
svcomp2025-cra-monotone-hulls/nla-digbench/prodbin7f283a.i---hull-1.yml	done	0.02954	0.03188952698837966	32.010240	done	0.028675	0.030580888997064903	31.965184
svcomp2025-cra-monotone-hulls/nla-digbench/divbin3ce762.i---hull-5.yml	done	0.034207	0.03815666298032738	32.043008	done	0.032491	0.03480213400325738	31.928320
svcomp2025-cra-monotone-hulls/nla-digbench-scaling/divbin_unwindbound100a6cfbd.i---hull-5.yml	done	0.041832	0.04576948899193667	32.378880	done	0.030934	0.03265494099468924	32.010240
svcomp2025-cra-monotone-hulls/loop-industry-pattern/mod3.c.v+sep-reducer8d3c3d.i---hull-10.yml	done	0.03386	0.0366333480051253	31.858688	done	0.027526	0.030264575994806364	32.161792
svcomp2025-cra-monotone-hulls/nla-digbench-scaling/hard-ll_valuebound1f40442.i---hull-7.yml	done	0.039202	0.0442357329884544	32.141312	done	0.030059	0.03289297400624491	32.100352
svcomp2025-termination-monotone-hulls/loop-lit/mine2017-ex4.832dcbd.i---hull-8.yml	done	0.030625	0.03412682699854486	31.326208	done	0.024943	0.027473558991914615	31.555584
svcomp2025-cra-monotone-hulls/nla-digbench-scaling/ps2-ll_unwindbound1007e8171.i---hull-4.yml	done	0.029828	0.033406945993192494	31.723520	done	0.025711	0.028081071010092273	31.506432
svcomp2025-termination-monotone-hulls/nla-digbench-scaling/hard-u_valuebound57fdc75.i---hull-3.yml	done	0.050733	0.05308830601279624	32.616448	done	0.033128	0.035214237024774775	32.169984
svcomp2025-cra-monotone-hulls/nla-digbench-scaling/dijkstra-u_valuebound10369fbb.i---hull-5.yml	done	0.0821	0.08597647197893821	33.902592	done	0.040145	0.04277114200522192	32.645120
svcomp2025-termination-monotone-hulls/nla-digbench-scaling/dijkstra-u_unwindbound513c1f7.i---hull-3.yml	done	0.099839	0.1037590540072415	34.471936	done	0.060257	0.06248827697709203	33.431552
svcomp2025-cra-monotone-hulls/nla-digbench-scaling/dijkstra-u_valuebound50e90558.i---hull-5.yml	done	0.083326	0.08686228498117998	33.943552	done	0.045657	0.04846686800010502	32.772096
svcomp2025-cra-monotone-hulls/nla-digbench-scaling/hard-ll_valuebound200ef1d9.i---hull-6.yml	done	0.044881	0.04865605500526726	32.473088	done	0.031347	0.033244091988308355	32.362496
svcomp2025-cra-monotone-hulls/loop-invgen/MADWiFi-encode_ie_ok772af5.i---hull-5.yml	done	0.030688	0.03455489399493672	31.571968	done	0.025663	0.027593424980295822	31.477760
svcomp2025-termination-monotone-hulls/loop-acceleration/phases_2-1161c0e.i---hull-0.yml	done	0.028673	0.03254812999512069	31.571968	done	0.027339	0.03010953700868413	31.453184
svcomp2025-cra-monotone-hulls/loop-invgen/apache-get-tag.i.v+nlh-reducer207e59.i---hull-8.yml	done	0.030744	0.03426359599689022	32.149504	done	0.02739	0.030002219980815426	32.346112
svcomp2025-termination-monotone-hulls/nla-digbench-scaling/hard-ll_valuebound5b211d0.i---hull-2.yml	done	0.048151	0.05018474598182365	32.608256	done	0.030001	0.03269485800410621	32.174080
svcomp2025-cra-monotone-hulls/loop-invgen/apache-get-tag.i.v+lhb-reducer19c3f0.i---hull-8.yml	done	0.030407	0.03292690101079643	32.161792	done	0.028196	0.03130843400140293	32.083968
svcomp2025-cra-monotone-hulls/loop-lit/bh2017-ex1-polyef9ceb.i---hull-10.yml	done	0.032896	0.03652271599275991	31.703040	done	0.029622	0.03171779902186245	31.596544
svcomp2025-cra-monotone-hulls/nla-digbench/prodbin-ll6a534f.i---hull-5.yml	done	0.0373	0.040743782999925315	31.797248	done	0.02872	0.030515781982103363	31.719424
svcomp2025-cra-monotone-hulls/loop-new/count_by_k1a7e0d.i---hull-0.yml	done	0.026884	0.030488613003399223	31.244288	done	0.026009	0.027727848995709792	31.207424
svcomp2025-cra-monotone-hulls/nla-digbench-scaling/ps2-ll_unwindbound504638b1.i---hull-4.yml	done	0.032448	0.03591241000685841	31.703040	done	0.026366	0.028539794991957024	31.772672
svcomp2025-cra-monotone-hulls/nla-digbench-scaling/divbin2_unwindbound20f0a835.i---hull-4.yml	done	0.037275	0.04092393402243033	31.956992	done	0.031475	0.03393769700778648	32.120832
svcomp2025-termination-monotone-hulls/nla-digbench-scaling/hard-u_valuebound500b4745.i---hull-2.yml	done	0.05175	0.053916813019895926	32.608256	done	0.036362	0.03906800301047042	32.182272
svcomp2025-cra-monotone-hulls/nla-digbench-scaling/bresenham-ll_valuebound10062625d.i---hull-4.yml	done	0.032821	0.03643063100753352	31.985664	done	0.027096	0.02941988900420256	31.756288
svcomp2025-cra-monotone-hulls/nla-digbench-scaling/ps2-ll_unwindbound1007e8171.i---hull-2.yml	done	0.03376	0.03744956399896182	31.690752	done	0.027568	0.029822670010617003	31.514624
svcomp2025-termination-monotone-hulls/nla-digbench-scaling/hard2_unwindbound20fa5351.i---hull-2.yml	done	0.039008	0.04260569700272754	32.403456	done	0.033604	0.03561538801295683	32.247808
svcomp2025-cra-monotone-hulls/nla-digbench-scaling/hard-ll_unwindbound10062b2a4.i---hull-10.yml	done	0.040304	0.04408121600863524	32.444416	done	0.033869	0.035858549003023654	32.153600
svcomp2025-cra-monotone-hulls/nla-digbench-scaling/hard-ll_unwindbound50945b5e.i---hull-6.yml	done	0.04164	0.045668848004424945	32.514048	done	0.036813	0.03855353998369537	32.174080
svcomp2025-cra-monotone-hulls/nla-digbench/dijkstra-uef0502.i---hull-1.yml	done	0.096317	0.10013517399784178	33.849344	done	0.047981	0.05089026701170951	33.157120
svcomp2025-cra-monotone-hulls/nla-digbench-scaling/divbin_valuebound24b89e9.i---hull-4.yml	done	0.035009	0.038488443999085575	31.928320	done	0.027918	0.02955487198778428	31.776768
svcomp2025-cra-monotone-hulls/nla-digbench/hard-llbc9dec.i---hull-6.yml	done	0.049282	0.051617110992083326	32.464896	done	0.033183	0.03530473099090159	32.100352
svcomp2025-cra-monotone-hulls/loop-invgen/apache-get-tag.i.p+lhb-reducerda5037.i---hull-2.yml	done	0.027799	0.030598864977946505	31.752192	done	0.025606	0.027575707994401455	31.801344
svcomp2025-cra-monotone-hulls/nla-digbench-scaling/dijkstra-u_valuebound208594ca.i---hull-0.yml	done	0.082426	0.08658398000989109	33.841152	done	0.047105	0.05033226101659238	33.165312
svcomp2025-cra-monotone-hulls/loop-lit/bh2017-ex1-polyef9ceb.i---hull-6.yml	done	0.025767	0.029198165982961655	31.506432	done	0.027265	0.028768114978447556	31.494144
svcomp2025-cra-monotone-hulls/nla-digbench-scaling/prodbin-ll_valuebound5cb3640.i---hull-0.yml	done	0.039231	0.042613179015461355	31.870976	done	0.029053	0.030803626985289156	31.772672
svcomp2025-cra-monotone-hulls/nla-digbench-scaling/divbin_valuebound507ddbe9.i---hull-5.yml	done	0.034575	0.038620695006102324	32.190464	done	0.036193	0.03910725298919715	31.813632
svcomp2025-termination-monotone-hulls/nla-digbench-scaling/prodbin-ll_valuebound1a00306.i---hull-2.yml	done	0.035009	0.039273028989555314	31.903744	done	0.031336	0.03348470799392089	31.813632
svcomp2025-cra-monotone-hulls/nla-digbench-scaling/dijkstra-u_valuebound50e90558.i---hull-2.yml	done	0.068739	0.072947167995153	33.431552	done	0.038676	0.04041094798594713	32.559104
svcomp2025-cra-monotone-hulls/nla-digbench-scaling/hard-u_valuebound156c752.i---hull-7.yml	done	0.043059	0.047014394018333405	32.378880	done	0.029673	0.03209275600966066	32.108544
svcomp2025-cra-monotone-hulls/nla-digbench/prodbin-ll6a534f.i---hull-1.yml	done	0.035813	0.03974740899866447	32.227328	done	0.026982	0.02936160800163634	31.723520
svcomp2025-cra-monotone-hulls/nla-digbench-scaling/dijkstra-u_unwindbound2fe0114.i---hull-4.yml	done	0.08368	0.08761220201267861	33.882112	done	0.03669	0.039281282981391996	32.731136
svcomp2025-termination-monotone-hulls/nla-digbench-scaling/divbin_unwindbound508a40b8.i---hull-3.yml	done	0.034923	0.03760788502404466	32.313344	done	0.029767	0.03213159300503321	31.911936
svcomp2025-termination-monotone-hulls/loop-invgen/apache-get-tag.i.v+lhb-reducer292e78.i---hull-6.yml	done	0.032474	0.03614661801839247	32.169984	done	0.027905	0.030347965977853164	32.092160
svcomp2025-cra-monotone-hulls/loop-zilu/benchmark39_conjunctive62c345.i---hull-2.yml	done	0.025844	0.02970219700364396	31.297536	done	0.025746	0.027812201995402575	31.281152
svcomp2025-termination-monotone-hulls/nla-digbench-scaling/hard2_unwindbound10a52fa4.i---hull-3.yml	done	0.046269	0.04835562000516802	32.387072	done	0.031777	0.03360686398809776	32.243712
svcomp2025-cra-monotone-hulls/loop-invgen/apache-get-tag.i.p+sep-reducerdf2116.i---hull-2.yml	done	0.030726	0.03260556000168435	32.206848	done	0.027676	0.029430061986204237	32.161792
svcomp2025-termination-monotone-hulls/nla-digbench-scaling/prodbin-ll_unwindbound111835c.i---hull-3.yml	done	0.033237	0.03668317798292264	31.965184	done	0.03171	0.0336235539871268	31.830016
svcomp2025-cra-monotone-hulls/nla-digbench-scaling/hard2_unwindbound100ed93b7.i---hull-11.yml	done	0.040211	0.04446975199971348	32.243712	done	0.033287	0.035571280983276665	32.256000
svcomp2025-cra-monotone-hulls/verifythis/prefixsum_iter539cbe.i---hull-19.yml	done	0.031179	0.03531336601008661	31.657984	done	0.028516	0.03079755700309761	32.112640
svcomp2025-cra-monotone-hulls/nla-digbench-scaling/hard-u_valuebound50bc78ae.i---hull-7.yml	done	0.052129	0.056219638005131856	32.481280	done	0.030333	0.03216460600378923	32.108544
svcomp2025-termination-monotone-hulls/loop-industry-pattern/mod3.c.v+lhb-reducer469357.i---hull-4.yml	done	0.028548	0.03248795500257984	31.682560	done	0.027641	0.029619276989251375	31.789056
svcomp2025-cra-monotone-hulls/nla-digbench-scaling/dijkstra-u_unwindbound5acc0f6.i---hull-0.yml	done	0.086603	0.09045093000167981	34.091008	done	0.052917	0.05527337099192664	33.497088
svcomp2025-cra-monotone-hulls/nla-digbench/hard-u276981.i---hull-7.yml	done	0.051893	0.055820620007580146	32.477184	done	0.032952	0.035198666009819135	32.104448
svcomp2025-termination-monotone-hulls/nla-digbench/prod4br1655a2.i---hull-4.yml	done	0.033778	0.037677617016015574	32.505856	done	0.031147	0.03394472599029541	32.595968
svcomp2025-cra-monotone-hulls/nla-digbench-scaling/hard-ll_unwindbound227b325.i---hull-7.yml	done	0.04494	0.048435003991471604	32.522240	done	0.036049	0.037821937003172934	32.190464
svcomp2025-cra-monotone-hulls/nla-digbench-scaling/hard-u_valuebound50bc78ae.i---hull-10.yml	done	0.039945	0.04232630901969969	32.153600	done	0.03077	0.032438424008432776	32.055296
svcomp2025-cra-monotone-hulls/loop-invgen/apache-get-tag.i.p+sep-reducerdf2116.i---hull-5.yml	done	0.036294	0.05226155198761262	32.296960	done	0.032453	0.035766649001743644	32.501760
svcomp2025-cra-monotone-hulls/loop-invgen/apache-get-tag89f1a2.i---hull-3.yml	done	0.027944	0.0633832259918563	31.354880	done	0.029723	0.032443750998936594	31.285248
svcomp2025-termination-monotone-hulls/nla-digbench-scaling/divbin_valuebound1019239f.i---hull-3.yml	done	0.035993	0.049062002974096686	31.862784	done	0.030005	0.031710259994724765	31.830016
svcomp2025-termination-monotone-hulls/loops/ludcmp10ee9b.i---hull-29.yml	done	0.044185	0.059119520999956876	33.042432	done	0.033675	0.035995807993458584	32.608256
svcomp2025-cra-monotone-hulls/nla-digbench-scaling/dijkstra-u_unwindbound50142a22.i---hull-3.yml	done	0.057886	0.08936205497593619	33.234944	done	0.039757	0.042219937982736155	32.751616
svcomp2025-termination-monotone-hulls/nla-digbench-scaling/divbin_unwindbound5cdff07.i---hull-3.yml	done	0.034752	0.07385490200249478	32.010240	done	0.034256	0.03681605600286275	32.137216
svcomp2025-cra-monotone-hulls/loops-crafted-1/nested3-2216ff9.i---hull-8.yml	done	0.028614	0.09199250198435038	31.322112	done	0.026055	0.028642624005442485	31.428608
svcomp2025-termination-monotone-hulls/nla-digbench-scaling/hard2_unwindbound10000a828.i---hull-3.yml	done	0.040463	0.06124893398373388	32.403456	done	0.032136	0.03425085500930436	32.227328
svcomp2025-cra-monotone-hulls/loops-crafted-1/sumt55e776d.i---hull-4.yml	done	0.326356	0.34643303899792954	37.625856	done	0.037542	0.04024921599193476	32.768000
svcomp2025-cra-monotone-hulls/nla-digbench-scaling/hard-u_unwindbound203e737e.i---hull-7.yml	done	0.042561	0.052511713991407305	32.501760	done	0.033026	0.03528154900413938	32.727040
svcomp2025-cra-monotone-hulls/loop-invgen/heapsort1d56f4.i---hull-10.yml	done	0.052802	0.056270203000167385	32.878592	done	0.042281	0.04436772700864822	32.866304
svcomp2025-cra-monotone-hulls/nla-digbench-scaling/dijkstra-u_unwindbound2fe0114.i---hull-1.yml	done	0.080256	0.11053109497879632	34.095104	done	0.052247	0.05448053698637523	33.308672
svcomp2025-cra-monotone-hulls/nla-digbench-scaling/hard2_valuebound5a95767.i---hull-11.yml	done	0.034965	0.042454765003640205	32.202752	done	0.030463	0.032811773009598255	32.251904
svcomp2025-cra-monotone-hulls/nla-digbench-scaling/prodbin-ll_valuebound1052fcb4.i---hull-4.yml	done	0.02964	0.048041586007457227	31.842304	done	0.026882	0.02936478701303713	31.862784
svcomp2025-termination-monotone-hulls/nla-digbench-scaling/prodbin-ll_valuebound100c1ef48.i---hull-3.yml	done	0.033267	0.06381150800734758	31.846400	done	0.029178	0.0309643299842719	31.830016
svcomp2025-cra-monotone-hulls/nla-digbench-scaling/hard-ll_valuebound1f40442.i---hull-6.yml	done	0.037174	0.0395819190016482	32.161792	done	0.033223	0.035423158027697355	32.120832
svcomp2025-termination-monotone-hulls/nla-digbench-scaling/hard-ll_unwindbound1003a5334.i---hull-2.yml	done	0.049148	0.07201924797846004	32.604160	done	0.032027	0.0345090210030321	32.280576
svcomp2025-termination-monotone-hulls/nla-digbench-scaling/dijkstra-u_valuebound19ff577.i---hull-1.yml	done	0.068564	0.10982194298412651	33.497088	done	0.041345	0.044008569995639846	32.559104
svcomp2025-termination-monotone-hulls/nla-digbench-scaling/prodbin-ll_unwindbound206d674b.i---hull-2.yml	done	0.031751	0.04388861102052033	31.944704	done	0.031307	0.03317241198965348	31.842304
svcomp2025-termination-monotone-hulls/loop-invgen/apache-get-tag.i.v+nlh-reducer389cf7.i---hull-0.yml	done	0.029563	0.06143401798908599	31.617024	done	0.028502	0.030396983987884596	31.563776
svcomp2025-cra-monotone-hulls/nla-digbench-scaling/divbin_valuebound20a3205e.i---hull-1.yml	done	0.029779	0.03156898700399324	31.817728	done	0.02956	0.03249950101599097	31.772672
svcomp2025-termination-monotone-hulls/nla-digbench-scaling/dijkstra-u_unwindbound201e882d.i---hull-3.yml	done	0.106982	0.1525016250088811	34.488320	done	0.057978	0.059911669028224424	33.447936
svcomp2025-termination-monotone-hulls/nla-digbench-scaling/hard-u_unwindbound2c2b0c0.i---hull-2.yml	done	0.0502	0.1090010269836057	32.604160	done	0.033281	0.03530192899052054	32.522240
svcomp2025-cra-monotone-hulls/loops-crafted-1/nested3-2216ff9.i---hull-10.yml	done	0.02428	0.0647370399965439	31.559680	done	0.030222	0.032562798995058984	31.739904
svcomp2025-cra-monotone-hulls/nla-digbench-scaling/hard-ll_valuebound52df6e2.i---hull-7.yml	done	0.044638	0.10638536000624299	32.473088	done	0.030531	0.03279810800449923	32.169984
svcomp2025-termination-monotone-hulls/nla-digbench-scaling/dijkstra-u_unwindbound513c1f7.i---hull-2.yml	done	0.099941	0.13100032400689088	34.471936	done	0.054643	0.057425513019552454	33.632256
svcomp2025-cra-monotone-hulls/loops-crafted-1/sumt7c1e2d8.i---hull-5.yml	done	23.078429	23.101959410996642	61.435904	done	0.057894	0.06003586298902519	34.238464
svcomp2025-cra-monotone-hulls/nla-digbench-scaling/divbin2_valuebound20c22388.i---hull-4.yml	done	0.032199	0.03549918200587854	31.793152	done	0.031638	0.034004005981842056	31.764480
svcomp2025-cra-monotone-hulls/loop-zilu/benchmark51_polynomial8064ec.i---hull-4.yml	done	0.028413	0.03147420199820772	31.518720	done	0.035039	0.03703633398981765	31.531008
svcomp2025-termination-monotone-hulls/nla-digbench-scaling/prod4br-ll_valuebound5bd3df2.i---hull-3.yml	done	0.048489	0.05281926100724377	33.259520	done	0.03825	0.04031037999084219	32.722944
svcomp2025-termination-monotone-hulls/loop-invgen/MADWiFi-encode_ie_ok4ddb76.i---hull-1.yml	done	0.028197	0.03194487901055254	31.797248	done	0.024805	0.02745761300320737	31.584256
svcomp2025-cra-monotone-hulls/nla-digbench-scaling/divbin_unwindbound100a6cfbd.i---hull-4.yml	done	0.037725	0.04184475002693944	32.374784	done	0.03114	0.032552993012359366	32.014336
svcomp2025-cra-monotone-hulls/nla-digbench-scaling/prodbin-ll_valuebound21b9197.i---hull-5.yml	done	0.040311	0.04246645999955945	32.370688	done	0.027899	0.03003718500258401	31.744000
svcomp2025-termination-monotone-hulls/nla-digbench-scaling/prodbin-ll_unwindbound100a9134e.i---hull-3.yml	done	0.032306	0.03637183300452307	31.956992	done	0.029217	0.031950592005159706	32.096256
svcomp2025-cra-monotone-hulls/nla-digbench-scaling/prodbin-ll_unwindbound2c1505e.i---hull-4.yml	done	0.032841	0.036305233981693164	31.899648	done	0.030411	0.03259207200608216	31.817728
svcomp2025-termination-monotone-hulls/loop-acceleration/phases_2-2bd7d56.i---hull-1.yml	done	0.031268	0.03486040901043452	31.588352	done	0.028164	0.030685398989589885	31.461376
svcomp2025-termination-monotone-hulls/nla-digbench-scaling/hard-u_valuebound10601635.i---hull-2.yml	done	0.051262	0.055390255991369486	32.604160	done	0.034447	0.03626514499774203	32.374784
svcomp2025-cra-monotone-hulls/loop-acceleration/diamond_1-173ab72.i---hull-5.yml	done	0.029972	0.03379501702147536	31.555584	done	0.027356	0.029109133989550173	31.498240
svcomp2025-cra-monotone-hulls/nla-digbench-scaling/divbin_unwindbound20de2017.i---hull-5.yml	done	0.037925	0.04256847299984656	32.243712	done	0.030692	0.03234635799890384	31.989760
svcomp2025-cra-monotone-hulls/nla-digbench-scaling/hard2_unwindbound548804a.i---hull-7.yml	done	0.040736	0.04481429900624789	32.460800	done	0.034226	0.03618986898800358	32.198656
svcomp2025-cra-monotone-hulls/nla-digbench/hard-llbc9dec.i---hull-7.yml	done	0.046094	0.04996827099239454	32.505856	done	0.03554	0.037128424999536946	32.096256
svcomp2025-cra-monotone-hulls/nla-digbench-scaling/hard-u_valuebound156c752.i---hull-10.yml	done	0.033757	0.03711444401415065	32.063488	done	0.032277	0.034031424002023414	32.174080
svcomp2025-cra-monotone-hulls/nla-digbench-scaling/hard2_unwindbound5053bb67.i---hull-7.yml	done	0.045946	0.04848820299957879	32.464896	done	0.031899	0.03409043399733491	32.223232
svcomp2025-termination-monotone-hulls/nla-digbench-scaling/hard-ll_valuebound2076f414.i---hull-2.yml	done	0.045792	0.04885480599477887	32.722944	done	0.03357	0.036363658000482246	32.186368
svcomp2025-termination-monotone-hulls/nla-digbench-scaling/hard-ll_valuebound1a26892.i---hull-2.yml	done	0.039526	0.04337379097705707	32.194560	done	0.032342	0.034837398008676246	32.157696
svcomp2025-cra-monotone-hulls/nla-digbench/prodbin7f283a.i---hull-0.yml	done	0.029794	0.03326322301290929	31.805440	done	0.027646	0.029951822012662888	31.719424
svcomp2025-cra-monotone-hulls/nla-digbench-scaling/hard-u_unwindbound10d8c97b.i---hull-7.yml	done	0.041534	0.04358688698266633	32.489472	done	0.033916	0.036453998007345945	32.186368
svcomp2025-cra-monotone-hulls/nla-digbench-scaling/hard-u_unwindbound10d8c97b.i---hull-10.yml	done	0.041364	0.04569739001453854	32.841728	done	0.034576	0.03615719100343995	32.272384
svcomp2025-termination-monotone-hulls/nla-digbench-scaling/divbin_valuebound10021cf8a.i---hull-2.yml	done	0.038941	0.04250744602177292	32.055296	done	0.033394	0.035497353004757315	31.830016
svcomp2025-cra-monotone-hulls/nla-digbench-scaling/divbin2_valuebound163ea41.i---hull-5.yml	done	0.032483	0.036231379985110834	31.821824	done	0.031245	0.033288670994807035	31.744000
svcomp2025-cra-monotone-hulls/nla-digbench-scaling/dijkstra-u_valuebound58809ba.i---hull-3.yml	done	0.065331	0.06990704798954539	33.423360	done	0.04008	0.043176799023058265	32.546816
svcomp2025-termination-monotone-hulls/loops-crafted-1/nested3-2_abstracted866dfb.i---hull-6.yml	done	0.02467	0.029159317986341193	31.219712	done	0.023984	0.02602079199277796	31.428608
svcomp2025-cra-monotone-hulls/nla-digbench-scaling/divbin_unwindbound50c80f3d.i---hull-4.yml	done	0.035368	0.03899994198582135	32.120832	done	0.034364	0.03623131598578766	32.264192
svcomp2025-cra-monotone-hulls/nla-digbench-scaling/hard-ll_unwindbound10746f9a.i---hull-11.yml	done	0.03898	0.04324652999639511	32.477184	done	0.035665	0.03828777399030514	32.362496
svcomp2025-termination-monotone-hulls/nla-digbench-scaling/hard-ll_valuebound1002f8513.i---hull-2.yml	done	0.051619	0.0563396229990758	32.616448	done	0.032676	0.03489816898945719	32.165888
svcomp2025-termination-monotone-hulls/nla-digbench/prod4br1655a2.i---hull-6.yml	done	0.032479	0.03656810300890356	32.452608	done	0.035482	0.0372488790017087	32.387072
svcomp2025-cra-monotone-hulls/nla-digbench-scaling/prodbin-ll_unwindbound100c310cf.i---hull-1.yml	done	0.03675	0.0403901599929668	31.952896	done	0.028455	0.03119774701190181	31.817728
svcomp2025-cra-monotone-hulls/nla-digbench-scaling/dijkstra-u_valuebound50e90558.i---hull-4.yml	done	0.078738	0.08095200199750252	33.894400	done	0.039199	0.04126633401028812	32.636928
svcomp2025-cra-monotone-hulls/loop-invgen/apache-get-tag.i.v+nlh-reducer207e59.i---hull-3.yml	done	0.0277	0.03235905000474304	31.883264	done	0.029725	0.0317566080193501	31.559680
svcomp2025-cra-monotone-hulls/nla-digbench-scaling/bresenham-ll_valuebound2e6378c.i---hull-4.yml	done	0.033428	0.037488633999601007	32.002048	done	0.028441	0.03187805897323415	32.006144
svcomp2025-cra-monotone-hulls/loop-invgen/MADWiFi-encode_ie_ok772af5.i---hull-4.yml	done	0.030467	0.03434467798797414	31.576064	done	0.024578	0.02703515099710785	31.469568
svcomp2025-cra-monotone-hulls/nla-digbench-scaling/hard2_unwindbound100ed93b7.i---hull-7.yml	done	0.045051	0.04896773598738946	32.690176	done	0.031785	0.034135852009058	32.186368
svcomp2025-cra-monotone-hulls/nla-digbench-scaling/hard-u_unwindbound10094e83c.i---hull-10.yml	done	0.036724	0.04027117000077851	32.505856	done	0.034007	0.036501966998912394	32.137216
svcomp2025-termination-monotone-hulls/nla-digbench/hard17c1f3.i---hull-3.yml	done	0.04852	0.052590062987292185	32.534528	done	0.03236	0.03426677201059647	32.083968
svcomp2025-cra-monotone-hulls/loop-invgen/apache-get-tag.i.p+nlh-reducer9c39ae.i---hull-9.yml	done	0.031522	0.03507518899277784	32.161792	done	0.026906	0.028795040998375043	32.083968
svcomp2025-cra-monotone-hulls/nla-digbench-scaling/prodbin-ll_valuebound167d1c9.i---hull-1.yml	done	0.031727	0.03591841898742132	32.182272	done	0.028774	0.031130685994867235	31.801344
svcomp2025-cra-monotone-hulls/nla-digbench-scaling/dijkstra-u_valuebound2307724.i---hull-2.yml	done	0.072455	0.07623555097961798	33.427456	done	0.038786	0.04067501099780202	32.550912
svcomp2025-cra-monotone-hulls/loop-invgen/apache-get-tag89f1a2.i---hull-11.yml	done	0.029411	0.03341949702007696	31.830016	done	0.034077	0.03608094999799505	31.780864
svcomp2025-termination-monotone-hulls/loop-invgen/apache-get-tag13d8d1.i---hull-13.yml	done	0.025216	0.029868562996853143	31.322112	done	0.025241	0.02703251299681142	31.285248
svcomp2025-cra-monotone-hulls/loops-crafted-1/sumt2b40bce.i---hull-4.yml	done	0.027967	0.031408905022544786	31.727616	done	0.026985	0.02906823399825953	31.645696
svcomp2025-cra-monotone-hulls/loops-crafted-1/nested3-2_abstracted9709ff.i---hull-3.yml	done	0.031296	0.0335461100039538	31.215616	done	0.025426	0.02750535201630555	31.416320
svcomp2025-termination-monotone-hulls/nla-digbench/prod4br-llb2d231.i---hull-6.yml	done	0.031323	0.035056320019066334	32.452608	done	0.029652	0.03165884397458285	32.706560
svcomp2025-termination-monotone-hulls/loop-invgen/apache-get-tag.i.p+nlh-reducerf6ffc0.i---hull-6.yml	done	0.033669	0.03731444198638201	32.141312	done	0.028089	0.030699316004756838	32.108544
svcomp2025-termination-monotone-hulls/nla-digbench-scaling/prodbin-ll_valuebound2c2c2a1.i---hull-2.yml	done	0.035461	0.039100163005059585	32.120832	done	0.028737	0.03102860099170357	31.907840
svcomp2025-cra-monotone-hulls/nla-digbench-scaling/divbin2_valuebound55c1975.i---hull-4.yml	done	0.031258	0.03382565398351289	31.776768	done	0.027922	0.030268806003732607	31.760384
svcomp2025-termination-monotone-hulls/nla-digbench-scaling/hard-ll_unwindbound2781516.i---hull-2.yml	done	0.048157	0.05208945300546475	32.620544	done	0.030461	0.033346069016261026	32.251904
svcomp2025-cra-monotone-hulls/nla-digbench-scaling/dijkstra-u_valuebound10369fbb.i---hull-2.yml	done	0.063246	0.06709303898969665	33.443840	done	0.039383	0.04211066200514324	32.559104
svcomp2025-cra-monotone-hulls/nla-digbench-scaling/prodbin-ll_unwindbound50f845b8.i---hull-0.yml	done	0.033652	0.037963222013786435	31.956992	done	0.028486	0.030596184020396322	31.813632
svcomp2025-cra-monotone-hulls/nla-digbench-scaling/hard-ll_valuebound1f40442.i---hull-11.yml	done	0.034742	0.03821892099222168	32.075776	done	0.035763	0.03893846500432119	32.428032
svcomp2025-termination-monotone-hulls/loops-crafted-1/nested3-249d15e.i---hull-12.yml	done	0.026867	0.03152491699438542	31.342592	done	0.026284	0.028211778990225866	31.457280
svcomp2025-cra-monotone-hulls/nla-digbench-scaling/hard2_valuebound5054c147.i---hull-6.yml	done	0.034154	0.03834478199132718	32.182272	done	0.030019	0.0323240380093921	32.112640
svcomp2025-cra-monotone-hulls/nla-digbench-scaling/prod4br-ll_valuebound16e3773.i---hull-1.yml	done	0.051671	0.05668828199850395	33.370112	done	0.033606	0.036305763002019376	33.009664
svcomp2025-termination-monotone-hulls/loop-lit/mine2017-ex4.832dcbd.i---hull-4.yml	done	0.025017	0.027151156013133004	31.367168	done	0.025092	0.027497609000420198	31.539200
svcomp2025-termination-monotone-hulls/nla-digbench/hard-u1d9ea7.i---hull-2.yml	done	0.045769	0.050223508005728945	32.645120	done	0.033542	0.03586120600812137	32.391168
svcomp2025-cra-monotone-hulls/nla-digbench-scaling/dijkstra-u_unwindbound2fe0114.i---hull-0.yml	done	0.080943	0.08588085402152501	34.009088	done	0.059484	0.061279871995793656	33.325056
svcomp2025-termination-monotone-hulls/nla-digbench-scaling/dijkstra-u_unwindbound50acc6ee.i---hull-1.yml	done	0.078534	0.08241055099642836	34.095104	done	0.042349	0.04427408199990168	32.681984
svcomp2025-cra-monotone-hulls/nla-digbench-scaling/divbin_unwindbound5616f82.i---hull-1.yml	done	0.038204	0.04172495100647211	31.985664	done	0.028593	0.03116092100390233	31.846400
svcomp2025-cra-monotone-hulls/loops-crafted-1/nested5-230ece3.i---hull-6.yml	done	0.025131	0.029170314985094592	31.318016	done	0.025908	0.027598221000516787	31.412224
svcomp2025-termination-monotone-hulls/nla-digbench-scaling/dijkstra-u_unwindbound22d8663.i---hull-1.yml	done	0.097398	0.10180228800163604	34.357248	done	0.046516	0.04839260800508782	32.612352
svcomp2025-cra-monotone-hulls/nla-digbench-scaling/hard2_unwindbound2ad7ead.i---hull-7.yml	done	0.039849	0.04325235998840071	32.468992	done	0.035703	0.03804900002432987	32.186368
svcomp2025-cra-monotone-hulls/nla-digbench-scaling/hard-u_unwindbound10094e83c.i---hull-11.yml	done	0.036796	0.040552098012994975	32.473088	done	0.03138	0.03420478699263185	32.137216
svcomp2025-cra-monotone-hulls/nla-digbench-scaling/prodbin-ll_valuebound167d1c9.i---hull-5.yml	done	0.037897	0.04171865599346347	32.309248	done	0.032487	0.03479296498699114	31.834112
svcomp2025-termination-monotone-hulls/nla-digbench/divbinc595d9.i---hull-2.yml	done	0.03222	0.03584666599635966	32.129024	done	0.028794	0.031179026002064347	31.817728
svcomp2025-cra-monotone-hulls/nla-digbench-scaling/hard-ll_valuebound105ba232.i---hull-11.yml	done	0.040357	0.04415904701454565	32.210944	done	0.029829	0.03248732001520693	32.067584
svcomp2025-cra-monotone-hulls/loops-crafted-1/sumt7c1e2d8.i---hull-4.yml	done	23.312051	23.321524333005073	61.489152	done	0.056478	0.05851100498693995	34.283520
svcomp2025-termination-monotone-hulls/nla-digbench-scaling/hard-ll_valuebound5049deb6.i---hull-3.yml	done	0.04542	0.04998864998924546	32.612352	done	0.033598	0.03551076300209388	32.186368
svcomp2025-cra-monotone-hulls/nla-digbench-scaling/dijkstra-u_unwindbound50142a22.i---hull-0.yml	done	0.078263	0.08198037699912675	34.086912	done	0.054473	0.05625842500012368	33.288192
svcomp2025-cra-monotone-hulls/nla-digbench-scaling/hard-ll_valuebound200ef1d9.i---hull-10.yml	done	0.037947	0.041777959995670244	32.182272	done	0.035399	0.03750567199313082	32.047104
svcomp2025-termination-monotone-hulls/nla-digbench-scaling/hard-u_unwindbound2c2b0c0.i---hull-3.yml	done	0.051318	0.0554598459857516	32.612352	done	0.0351	0.03678070500609465	32.235520
svcomp2025-cra-monotone-hulls/nla-digbench-scaling/divbin_unwindbound2e707c2.i---hull-5.yml	done	0.043684	0.04749527698731981	32.583680	done	0.038094	0.04054718601400964	32.120832
svcomp2025-cra-monotone-hulls/nla-digbench-scaling/hard2_unwindbound548804a.i---hull-10.yml	done	0.036062	0.03992545700748451	32.325632	done	0.036078	0.0380367350007873	32.239616
svcomp2025-cra-monotone-hulls/nla-digbench-scaling/hard2_valuebound5a95767.i---hull-10.yml	done	0.032545	0.036598969978513196	32.055296	done	0.03633	0.038083653984358534	32.182272
svcomp2025-termination-monotone-hulls/nla-digbench/hard27b9a5f.i---hull-2.yml	done	0.0353	0.03757436398882419	32.133120	done	0.030557	0.03276974501204677	32.124928
svcomp2025-termination-monotone-hulls/nla-digbench-scaling/dijkstra-u_valuebound5d65948.i---hull-0.yml	done	0.06469	0.06899170702672563	33.579008	done	0.036404	0.038789234997238964	32.808960
svcomp2025-termination-monotone-hulls/nla-digbench-scaling/hard-ll_unwindbound59000fb.i---hull-3.yml	done	0.048516	0.053171092993579805	32.919552	done	0.031153	0.03343717200914398	32.251904
svcomp2025-cra-monotone-hulls/nla-digbench-scaling/divbin_valuebound10efa9ac.i---hull-5.yml	done	0.032392	0.035730412986595184	31.928320	done	0.031763	0.03423345598275773	31.793152
svcomp2025-termination-monotone-hulls/nla-digbench-scaling/dijkstra-u_valuebound10f1caa5.i---hull-3.yml	done	0.079017	0.08256733699818142	33.968128	done	0.05196	0.05403167800977826	33.280000
svcomp2025-cra-monotone-hulls/nla-digbench-scaling/divbin_unwindbound5616f82.i---hull-5.yml	done	0.037999	0.04142250900622457	32.108544	done	0.031519	0.03330619999906048	31.936512
svcomp2025-cra-monotone-hulls/nla-digbench-scaling/divbin2_unwindbound5c533cd.i---hull-4.yml	done	0.030234	0.03400693100411445	31.944704	done	0.028246	0.030408632999751717	31.887360
svcomp2025-cra-monotone-hulls/loop-invgen/apache-get-tag.i.p+nlh-reducer9c39ae.i---hull-11.yml	done	0.033731	0.03757526699337177	32.321536	done	0.030976	0.03406299799098633	32.190464
svcomp2025-termination-monotone-hulls/nla-digbench-scaling/hard-ll_unwindbound208b1aa8.i---hull-3.yml	done	0.051177	0.05348729100660421	32.641024	done	0.033809	0.03719810597249307	32.251904
svcomp2025-cra-monotone-hulls/nla-digbench-scaling/hard2_unwindbound548804a.i---hull-11.yml	done	0.037063	0.040232208993984386	32.231424	done	0.032594	0.03448196401586756	32.227328
svcomp2025-cra-monotone-hulls/loop-invgen/MADWiFi-encode_ie_ok772af5.i---hull-2.yml	done	0.029347	0.033275221998337656	31.596544	done	0.028325	0.030814516998361796	31.551488
svcomp2025-termination-monotone-hulls/nla-digbench-scaling/hard-u_valuebound100fb1160.i---hull-2.yml	done	0.056269	0.059675919997971505	32.624640	done	0.032255	0.03457518800860271	32.169984
svcomp2025-termination-monotone-hulls/nla-digbench-scaling/hard-u_valuebound13797ab.i---hull-3.yml	done	0.040568	0.04357440699823201	32.202752	done	0.032448	0.03450809701462276	32.153600
svcomp2025-cra-monotone-hulls/nla-digbench/dijkstra-uef0502.i---hull-2.yml	done	0.075838	0.07795930001884699	33.693696	done	0.037378	0.039742708002449945	32.768000
svcomp2025-cra-monotone-hulls/nla-digbench-scaling/divbin_unwindbound5616f82.i---hull-4.yml	done	0.041052	0.04490084099234082	32.129024	done	0.030728	0.03317773199523799	32.014336
svcomp2025-termination-monotone-hulls/loops-crafted-1/nested5-233e19e.i---hull-18.yml	done	0.030677	0.03383160999510437	31.301632	done	0.033419	0.036164047982310876	31.625216
svcomp2025-cra-monotone-hulls/nla-digbench-scaling/divbin_valuebound20a3205e.i---hull-5.yml	done	0.035838	0.03974436700809747	31.932416	done	0.029284	0.031851794017711654	31.793152
svcomp2025-termination-monotone-hulls/nla-digbench/dijkstra7c1676.i---hull-3.yml	done	0.059767	0.06352947099367157	33.116160	done	0.040366	0.0425436619843822	32.727040
svcomp2025-cra-monotone-hulls/nla-digbench-scaling/divbin_valuebound107b974.i---hull-5.yml	done	0.029005	0.03231619601137936	31.760384	done	0.027891	0.030402117990888655	31.924224
svcomp2025-termination-monotone-hulls/nla-digbench-scaling/hard-u_valuebound13797ab.i---hull-2.yml	done	0.040405	0.042721156001789495	32.292864	done	0.032416	0.03523300000233576	32.149504
svcomp2025-cra-monotone-hulls/nla-digbench-scaling/dijkstra-u_unwindbound10bb20f6.i---hull-1.yml	done	0.082411	0.08611993299564347	34.041856	done	0.052861	0.05605488599394448	33.304576
svcomp2025-termination-monotone-hulls/nla-digbench/hard-ll2b9358.i---hull-3.yml	done	0.053838	0.05742709297919646	32.763904	done	0.031701	0.033884676988236606	32.198656
svcomp2025-termination-monotone-hulls/loop-invgen/apache-get-tag.i.v+nlh-reducer389cf7.i---hull-15.yml	done	0.027558	0.032051824004156515	31.682560	done	0.02933	0.03151159000117332	31.686656
svcomp2025-cra-monotone-hulls/nla-digbench-scaling/dijkstra-u_valuebound1c0b41a.i---hull-2.yml	done	0.066462	0.07078380099846981	33.435648	done	0.036675	0.03939355400507338	32.567296
svcomp2025-termination-monotone-hulls/loop-invgen/apache-get-tag.i.v+lhb-reducer292e78.i---hull-0.yml	done	0.032272	0.03673935300321318	31.621120	done	0.028407	0.03033017399138771	31.657984
svcomp2025-cra-monotone-hulls/loop-acceleration/phases_2-24c7310.i---hull-2.yml	done	0.028786	0.0325325209996663	31.584256	done	0.027513	0.029672125005163252	31.461376
svcomp2025-cra-monotone-hulls/nla-digbench-scaling/prod4br-ll_valuebound200caa41.i---hull-0.yml	done	0.048634	0.05351330200210214	33.087488	done	0.039186	0.041674462001537904	32.649216
svcomp2025-termination-monotone-hulls/nla-digbench-scaling/prodbin-ll_unwindbound536ea9f.i---hull-2.yml	done	0.033778	0.03758093900978565	32.210944	done	0.02941	0.031279947026632726	31.838208
svcomp2025-termination-monotone-hulls/nla-digbench/prod4br1655a2.i---hull-5.yml	done	0.030841	0.03493834499386139	32.518144	done	0.029658	0.03194000301300548	32.325632
svcomp2025-cra-monotone-hulls/nla-digbench-scaling/ps2-ll_unwindbound504638b1.i---hull-2.yml	done	0.031235	0.035230823996244	31.686656	done	0.031034	0.03358664599363692	31.502336
svcomp2025-cra-monotone-hulls/nla-digbench-scaling/prodbin-ll_valuebound503cdb63.i---hull-1.yml	done	0.037985	0.04149520699866116	31.842304	done	0.028755	0.030532153992680833	31.793152
svcomp2025-cra-monotone-hulls/loop-invgen/apache-get-tag.i.v+nlh-reducer207e59.i---hull-10.yml	done	0.036321	0.04023899300955236	32.346112	done	0.030415	0.03221733699319884	32.247808
svcomp2025-termination-monotone-hulls/nla-digbench-scaling/hard2_valuebound1005cc118.i---hull-2.yml	done	0.037368	0.041809154994552955	32.452608	done	0.029417	0.032421453011920676	32.157696
svcomp2025-cra-monotone-hulls/loop-invgen/apache-get-tag.i.v+lhb-reducer19c3f0.i---hull-5.yml	done	0.028591	0.032361158984713256	31.621120	done	0.025376	0.028429820988094434	31.817728
svcomp2025-cra-monotone-hulls/nla-digbench-scaling/divbin_unwindbound2e707c2.i---hull-4.yml	done	0.036375	0.040445908991387114	32.256000	done	0.034338	0.036002104985527694	31.973376
svcomp2025-cra-monotone-hulls/nla-digbench-scaling/hard-ll_valuebound50b6eabd.i---hull-10.yml	done	0.03562	0.03965585702098906	32.133120	done	0.035819	0.037836781004443765	32.051200
svcomp2025-cra-monotone-hulls/nla-digbench-scaling/dijkstra-u_valuebound58809ba.i---hull-2.yml	done	0.066663	0.07124135797494091	33.439744	done	0.038149	0.04010791299515404	32.563200
svcomp2025-cra-monotone-hulls/nla-digbench-scaling/hard-ll_unwindbound10062b2a4.i---hull-11.yml	done	0.038853	0.04267732100561261	32.374784	done	0.031368	0.0339923900028225	32.518144
svcomp2025-cra-monotone-hulls/nla-digbench-scaling/divbin_valuebound20a3205e.i---hull-4.yml	done	0.036664	0.03942788200220093	31.932416	done	0.029467	0.03174288000445813	31.793152
svcomp2025-cra-monotone-hulls/nla-digbench-scaling/egcd3-ll_unwindbound5c0fb8d.i---hull-16.yml	done	0.072782	0.07682249299250543	34.353152	done	0.039876	0.042196719005005434	32.628736
svcomp2025-cra-monotone-hulls/nla-digbench-scaling/bresenham-ll_valuebound50080a2.i---hull-5.yml	done	0.033978	0.03661530901445076	32.063488	done	0.026864	0.029611383011797443	32.002048
svcomp2025-cra-monotone-hulls/nla-digbench-scaling/divbin_valuebound5509417.i---hull-0.yml	done	0.043344	0.04586857199319638	31.944704	done	0.026718	0.029602441005408764	31.760384
svcomp2025-cra-monotone-hulls/nla-digbench-scaling/hard2_unwindbound201117cf.i---hull-10.yml	done	0.035922	0.03930254798615351	32.219136	done	0.034801	0.03746467299060896	32.247808
svcomp2025-cra-monotone-hulls/nla-digbench-scaling/hard2_unwindbound2ad7ead.i---hull-11.yml	done	0.039011	0.042454695008927956	32.329728	done	0.03171	0.034330688999034464	32.223232
