tool	Projection of integer hull 1.0	Projection of integer hull 1.0	Projection of integer hull 1.0	Projection of integer hull 1.0	Projection of integer hull 1.0	Projection of integer hull 1.0	Projection of integer hull 1.0	Projection of integer hull 1.0	Projection of integer hull 1.0	Projection of integer hull 1.0	Projection of integer hull 1.0	Projection of integer hull 1.0	Projection of integer hull 1.0	Projection of integer hull 1.0	Projection of integer hull 1.0	Projection of integer hull 1.0
run set	[lira-convex-hull-pc.cra-monotone-svcomp-integralized; lira-convex-hull-pc.termination-monotone-svcomp-integralized]	[lira-convex-hull-pc.cra-monotone-svcomp-integralized; lira-convex-hull-pc.termination-monotone-svcomp-integralized]	[lira-convex-hull-pc.cra-monotone-svcomp-integralized; lira-convex-hull-pc.termination-monotone-svcomp-integralized]	[lira-convex-hull-pc.cra-monotone-svcomp-integralized; lira-convex-hull-pc.termination-monotone-svcomp-integralized]	[lira-convex-hull-pc-lplh.cra-monotone-svcomp-integralized; lira-convex-hull-pc-lplh.termination-monotone-svcomp-integralized]	[lira-convex-hull-pc-lplh.cra-monotone-svcomp-integralized; lira-convex-hull-pc-lplh.termination-monotone-svcomp-integralized]	[lira-convex-hull-pc-lplh.cra-monotone-svcomp-integralized; lira-convex-hull-pc-lplh.termination-monotone-svcomp-integralized]	[lira-convex-hull-pc-lplh.cra-monotone-svcomp-integralized; lira-convex-hull-pc-lplh.termination-monotone-svcomp-integralized]	[lia-convex-hull-lia-lplh.cra-monotone-svcomp-integralized; lia-convex-hull-lia-lplh.termination-monotone-svcomp-integralized]	[lia-convex-hull-lia-lplh.cra-monotone-svcomp-integralized; lia-convex-hull-lia-lplh.termination-monotone-svcomp-integralized]	[lia-convex-hull-lia-lplh.cra-monotone-svcomp-integralized; lia-convex-hull-lia-lplh.termination-monotone-svcomp-integralized]	[lia-convex-hull-lia-lplh.cra-monotone-svcomp-integralized; lia-convex-hull-lia-lplh.termination-monotone-svcomp-integralized]	[lia-convex-hull-hull-then-project-gc.cra-monotone-svcomp-integralized; lia-convex-hull-hull-then-project-gc.termination-monotone-svcomp-integralized]	[lia-convex-hull-hull-then-project-gc.cra-monotone-svcomp-integralized; lia-convex-hull-hull-then-project-gc.termination-monotone-svcomp-integralized]	[lia-convex-hull-hull-then-project-gc.cra-monotone-svcomp-integralized; lia-convex-hull-hull-then-project-gc.termination-monotone-svcomp-integralized]	[lia-convex-hull-hull-then-project-gc.cra-monotone-svcomp-integralized; lia-convex-hull-hull-then-project-gc.termination-monotone-svcomp-integralized]
/home/diagram/src/research/projects/duet/bench-nk-local-abstraction-popl-2025/popl-results/tasks/svcomp-2025/	status	cputime (s)	walltime (s)	memory (MB)	status	cputime (s)	walltime (s)	memory (MB)	status	cputime (s)	walltime (s)	memory (MB)	status	cputime (s)	walltime (s)	memory (MB)
svcomp2025-cra-monotone-hulls-integralized/loops/compact12196a.i---hull-10_integralized.yml	TIMEOUT	30.856425	30.873079306002182	422.268928	done	0.03102	0.0336045199946966	31.350784	done	0.027153	0.029778429001453333	31.227904	done	0.026327	0.028784171998267993	31.301632
svcomp2025-cra-monotone-hulls-integralized/loops/compact12196a.i---hull-11_integralized.yml	TIMEOUT	30.859191	30.87496717999602	422.735872	done	0.02651	0.029256257985252887	31.232000	done	0.028299	0.030954518995713443	31.485952	done	0.031155	0.033715048994054087	31.285248
svcomp2025-cra-monotone-hulls-integralized/loops/compact12196a.i---hull-2_integralized.yml	TIMEOUT	30.861825	30.872800295997877	430.977024	done	0.028791	0.03088031499646604	31.539200	done	0.027743	0.03063964100147132	31.371264	done	0.026706	0.029285750999406446	31.461376
svcomp2025-cra-monotone-hulls-integralized/loops/compact12196a.i---hull-3_integralized.yml	TIMEOUT	30.862951	30.873870898998575	423.510016	done	0.026987	0.029244007979286835	31.268864	done	0.031203	0.03352526299568126	31.252480	done	0.025695	0.028352310000627767	31.387648
svcomp2025-cra-monotone-hulls-integralized/loops/compact12196a.i---hull-4_integralized.yml	TIMEOUT	30.861203	30.874883416996454	427.999232	done	0.027351	0.02948509098496288	31.272960	done	0.027188	0.029729604997555725	31.277056	done	0.026715	0.029459337994921952	31.567872
svcomp2025-cra-monotone-hulls-integralized/loops/compact12196a.i---hull-5_integralized.yml	TIMEOUT	30.86271	30.873891709001327	429.408256	done	0.027256	0.029753663984593004	31.522816	done	0.02775	0.030427603000134695	31.268864	done	0.028143	0.030561312996724155	31.838208
svcomp2025-cra-monotone-hulls-integralized/loops/compact12196a.i---hull-8_integralized.yml	TIMEOUT	30.862292	30.87390256299841	421.773312	done	0.03107	0.03314233201672323	31.338496	done	0.025828	0.028589503999683075	31.326208	done	0.026135	0.028266031004022807	31.285248
svcomp2025-cra-monotone-hulls-integralized/loops/compact12196a.i---hull-9_integralized.yml	TIMEOUT	30.859383	30.874084588998812	420.323328	done	0.028284	0.03063207698869519	31.608832	done	0.02739	0.03011215200240258	31.227904	done	0.026595	0.02913627199450275	31.293440
svcomp2025-cra-monotone-hulls-integralized/loops/heavy-1458510.i---hull-10_integralized.yml	TIMEOUT	30.862093	30.876891097002954	476.782592	done	0.032277	0.034779551991960034	31.494144	done	0.029272	0.03204924400051823	31.518720	done	0.029019	0.031805366998014506	31.809536
svcomp2025-cra-monotone-hulls-integralized/loops/heavy-1458510.i---hull-11_integralized.yml	TIMEOUT	30.86415	30.87538255000254	473.305088	done	0.03087	0.03329377400223166	31.498240	done	0.029131	0.031848278995312285	31.510528	done	0.028267	0.030267396003182512	31.805440
svcomp2025-cra-monotone-hulls-integralized/loops/heavy-1458510.i---hull-14_integralized.yml	TIMEOUT	30.863273	30.87565311400249	512.053248	done	0.027864	0.03013763698982075	31.809536	done	0.029116	0.03108803299983265	31.617024	done	0.028991	0.03193559299688786	31.936512
svcomp2025-cra-monotone-hulls-integralized/loops/heavy-1458510.i---hull-15_integralized.yml	TIMEOUT	30.85961	30.877062571998977	516.325376	done	0.032165	0.034638068987987936	31.543296	done	0.035231	0.03821145000256365	31.522816	done	0.034585	0.03672779900080059	31.944704
svcomp2025-cra-monotone-hulls-integralized/loops/heavy-1458510.i---hull-16_integralized.yml	TIMEOUT	30.861022	30.877859824999177	522.047488	done	0.030952	0.03313493198947981	31.875072	done	0.028333	0.031233246001647785	31.567872	done	0.02902	0.03082876199914608	31.965184
svcomp2025-cra-monotone-hulls-integralized/loops/heavy-1458510.i---hull-17_integralized.yml	TIMEOUT	30.865805	30.8791015099996	519.970816	done	0.028629	0.03109636000590399	31.563776	done	0.02879	0.03154874099709559	31.944704	done	0.031656	0.03375827499985462	31.981568
svcomp2025-cra-monotone-hulls-integralized/loops/heavy-1458510.i---hull-2_integralized.yml	TIMEOUT	30.86367	30.876422075998562	472.584192	done	0.034434	0.037242304999381304	31.453184	done	0.030746	0.03356339200399816	31.420416	done	0.028146	0.03041669799858937	31.600640
svcomp2025-cra-monotone-hulls-integralized/loops/heavy-1458510.i---hull-3_integralized.yml	TIMEOUT	30.861091	30.877116591997037	474.947584	done	0.028416	0.030799013999057934	31.465472	done	0.035443	0.03842917900328757	31.420416	done	0.027987	0.030381295997358393	31.596544
svcomp2025-cra-monotone-hulls-integralized/loops/heavy-1458510.i---hull-4_integralized.yml	TIMEOUT	30.862327	30.87875248199998	476.708864	done	0.027771	0.03012795199174434	31.453184	done	0.028454	0.03163524000410689	31.657984	done	0.029394	0.031976426995242946	31.707136
svcomp2025-cra-monotone-hulls-integralized/loops/heavy-1458510.i---hull-5_integralized.yml	TIMEOUT	30.861968	30.877138997006114	481.325056	done	0.029299	0.03138118700007908	31.453184	done	0.028471	0.03161588599323295	31.412224	done	0.028611	0.03084905300056562	31.703040
svcomp2025-cra-monotone-hulls-integralized/loops/heavy-1458510.i---hull-8_integralized.yml	TIMEOUT	30.863134	30.87959859699913	495.996928	done	0.029512	0.03141799898003228	31.698944	done	0.031934	0.03440153300471138	31.756288	done	0.028577	0.030739419999008533	32.083968
svcomp2025-cra-monotone-hulls-integralized/loops/heavy-1458510.i---hull-9_integralized.yml	TIMEOUT	30.864269	30.876761355997587	490.700800	done	0.028408	0.03122480001184158	31.555584	done	0.028945	0.030813793004199397	31.498240	done	0.030487	0.03288741599681089	32.014336
svcomp2025-cra-monotone-hulls-integralized/loops/heavy-27a5a05.i---hull-10_integralized.yml	TIMEOUT	30.865612	30.876919782000186	472.145920	done	0.027979	0.030604900006437674	31.498240	done	0.028329	0.030778951004322153	31.502336	done	0.029757	0.03220561800117139	32.038912
svcomp2025-cra-monotone-hulls-integralized/loops/heavy-27a5a05.i---hull-11_integralized.yml	TIMEOUT	30.862922	30.877742482996837	476.418048	done	0.029548	0.031757675984408706	31.490048	done	0.02693	0.02867818599770544	31.506432	done	0.029588	0.03175753600226017	32.006144
svcomp2025-cra-monotone-hulls-integralized/loops/heavy-27a5a05.i---hull-14_integralized.yml	TIMEOUT	30.860358	30.87709290899511	515.731456	done	0.032649	0.03439481201348826	31.559680	done	0.028244	0.030647874002170283	31.514624	done	0.041693	0.04420106200268492	31.952896
svcomp2025-cra-monotone-hulls-integralized/loops/heavy-27a5a05.i---hull-15_integralized.yml	TIMEOUT	30.862222	30.875122227997053	512.659456	done	0.030319	0.03214091598056257	31.850496	done	0.030013	0.03314110900100786	31.539200	done	0.032188	0.03438580200599972	32.169984
svcomp2025-cra-monotone-hulls-integralized/loops/heavy-27a5a05.i---hull-16_integralized.yml	TIMEOUT	30.866251	30.879669453999668	521.797632	done	0.029466	0.03158307902049273	31.686656	done	0.029864	0.031782806996488944	31.657984	done	0.032204	0.03433142699941527	31.961088
svcomp2025-cra-monotone-hulls-integralized/loops/heavy-27a5a05.i---hull-17_integralized.yml	TIMEOUT	30.867599	30.884851820999756	521.293824	done	0.029048	0.031253655994078144	31.567872	done	0.027925	0.03070040899910964	31.563776	done	0.029172	0.0320403739970061	31.961088
svcomp2025-cra-monotone-hulls-integralized/loops/heavy-27a5a05.i---hull-2_integralized.yml	TIMEOUT	30.860774	30.878669587997138	474.939392	done	0.031601	0.033956302009755746	31.469568	done	0.026752	0.029091953998431563	31.490048	done	0.028158	0.03107591399748344	31.608832
svcomp2025-cra-monotone-hulls-integralized/loops/heavy-27a5a05.i---hull-3_integralized.yml	TIMEOUT	30.863169	30.878794961994572	475.496448	done	0.029337	0.03235022001899779	31.473664	done	0.02829	0.030497394000121858	31.662080	done	0.037863	0.04083018800156424	31.600640
svcomp2025-cra-monotone-hulls-integralized/loops/heavy-27a5a05.i---hull-4_integralized.yml	TIMEOUT	30.862309	30.87913863400172	477.294592	done	0.028605	0.03118812502361834	31.449088	done	0.028942	0.030985507000877988	31.412224	done	0.028563	0.03128050299710594	31.584256
svcomp2025-cra-monotone-hulls-integralized/loops/heavy-27a5a05.i---hull-5_integralized.yml	TIMEOUT	30.8603	30.877183641001466	478.789632	done	0.028396	0.03090423098183237	31.449088	done	0.029137	0.0319432929973118	31.662080	done	0.033449	0.036530529003357515	31.989760
svcomp2025-cra-monotone-hulls-integralized/loops/heavy-27a5a05.i---hull-8_integralized.yml	TIMEOUT	30.863593	30.876961351001228	490.110976	done	0.028904	0.030895086005330086	31.490048	done	0.029629	0.031630031000531744	31.510528	done	0.029636	0.03255880299548153	31.825920
svcomp2025-cra-monotone-hulls-integralized/loops/heavy-27a5a05.i---hull-9_integralized.yml	TIMEOUT	30.864229	30.879796701003215	494.432256	done	0.032193	0.035030589991947636	31.498240	done	0.028416	0.03107418199942913	31.506432	done	0.0296	0.03230089999851771	32.092160
svcomp2025-cra-monotone-hulls-integralized/loop-acceleration/functions_1-1f961c6.i---hull-2_integralized.yml	TIMEOUT	30.863933	30.87508396699559	565.641216	done	0.031134	0.03330560598988086	31.645696	done	0.029059	0.032152940999367274	31.481856	done	0.0311	0.0333435249995091	32.174080
svcomp2025-cra-monotone-hulls-integralized/loop-acceleration/functions_1-1f961c6.i---hull-3_integralized.yml	TIMEOUT	30.864214	30.87598035499832	565.473280	done	0.029769	0.031843870994634926	31.531008	done	0.03409	0.03672118699614657	31.494144	done	0.033196	0.036049381000339054	32.288768
svcomp2025-cra-monotone-hulls-integralized/loop-acceleration/functions_1-1f961c6.i---hull-4_integralized.yml	TIMEOUT	30.864829	30.88011500200082	569.044992	done	0.028628	0.0314063309924677	31.514624	done	0.027204	0.029776619994663633	31.547392	done	0.028858	0.03170006300206296	31.784960
svcomp2025-cra-monotone-hulls-integralized/loop-acceleration/functions_1-1f961c6.i---hull-5_integralized.yml	TIMEOUT	30.862195	30.879793195003003	570.101760	done	0.029028	0.03139265000936575	31.518720	done	0.027633	0.02986984000017401	31.797248	done	0.027714	0.030194544000551105	31.887360
svcomp2025-cra-monotone-hulls-integralized/loop-acceleration/functions_1-2b3aeeb.i---hull-2_integralized.yml	TIMEOUT	30.863839	30.87650337100058	565.465088	done	0.032061	0.03437623201170936	31.776768	done	0.027711	0.030192988000635523	31.522816	done	0.029472	0.03185787299298681	32.018432
svcomp2025-cra-monotone-hulls-integralized/loop-acceleration/functions_1-2b3aeeb.i---hull-3_integralized.yml	TIMEOUT	30.866095	30.878043561002414	565.837824	done	0.029399	0.03192647598916665	31.526912	done	0.028722	0.031887309000012465	31.490048	done	0.030147	0.03267059700010577	32.014336
svcomp2025-cra-monotone-hulls-integralized/loop-acceleration/functions_1-2b3aeeb.i---hull-4_integralized.yml	TIMEOUT	30.864939	30.87754820400005	569.077760	done	0.02942	0.031912734993966296	31.625216	done	0.028614	0.030800741995335557	31.543296	done	0.02795	0.03015051099646371	31.846400
svcomp2025-cra-monotone-hulls-integralized/loop-acceleration/functions_1-2b3aeeb.i---hull-5_integralized.yml	TIMEOUT	30.864097	30.879827088996535	568.750080	done	0.027732	0.03013583700521849	31.518720	done	0.028971	0.031184950996248517	31.539200	done	0.027924	0.030204508002498187	31.784960
svcomp2025-cra-monotone-hulls-integralized/loop-acceleration/nested_1-1d5a4d3.i---hull-10_integralized.yml	TIMEOUT	30.862771	30.87826567999582	453.976064	done	0.031711	0.03387026800191961	31.436800	done	0.029782	0.03175294900574954	31.350784	done	0.054932	0.05824870100332191	31.686656
svcomp2025-cra-monotone-hulls-integralized/loop-acceleration/nested_1-1d5a4d3.i---hull-11_integralized.yml	TIMEOUT	30.863654	30.8769377849967	452.943872	done	0.027478	0.029269385006045923	31.379456	done	0.028419	0.030626209001638927	31.363072	done	0.028803	0.031901130998448934	31.653888
svcomp2025-cra-monotone-hulls-integralized/loop-acceleration/nested_1-1d5a4d3.i---hull-8_integralized.yml	TIMEOUT	30.861319	30.87546252500033	455.413760	done	0.027955	0.030636753974249586	31.490048	done	0.028532	0.03109281499928329	31.281152	done	0.041324	0.04387544500059448	31.453184
svcomp2025-cra-monotone-hulls-integralized/loop-acceleration/nested_1-1d5a4d3.i---hull-9_integralized.yml	TIMEOUT	30.864496	30.87475844299479	454.926336	done	0.028148	0.030741807975573465	31.698944	done	0.028129	0.030057440002565272	31.281152	done	0.027562	0.03018852500099456	31.444992
svcomp2025-cra-monotone-hulls-integralized/loop-acceleration/nested_1-21bced6.i---hull-10_integralized.yml	TIMEOUT	30.86317	30.876262384997972	457.416704	done	0.028689	0.03083073502057232	31.395840	done	0.028104	0.03014965300098993	31.522816	done	0.030869	0.033621184004005045	31.617024
svcomp2025-cra-monotone-hulls-integralized/loop-acceleration/nested_1-21bced6.i---hull-11_integralized.yml	TIMEOUT	30.865079	30.875534011000127	456.626176	done	0.027471	0.03044127899920568	31.444992	done	0.028101	0.03030937199946493	31.633408	done	0.028608	0.03094302799581783	31.518720
svcomp2025-cra-monotone-hulls-integralized/loop-acceleration/nested_1-21bced6.i---hull-8_integralized.yml	TIMEOUT	30.863625	30.876551893001306	457.072640	done	0.028127	0.030404041026486084	31.371264	done	0.029966	0.03209158000390744	31.285248	done	0.029072	0.031925146002322435	31.719424
svcomp2025-cra-monotone-hulls-integralized/loop-acceleration/nested_1-21bced6.i---hull-9_integralized.yml	TIMEOUT	30.862984	30.877568348005298	458.203136	done	0.029046	0.0315384779823944	31.604736	done	0.027801	0.029455172996676993	31.285248	done	0.034778	0.03740917499817442	31.453184
svcomp2025-cra-monotone-hulls-integralized/loop-acceleration/phases_1-1b18d8d.i---hull-2_integralized.yml	TIMEOUT	30.853514	30.86570360600308	212.594688	done	0.034434	0.036862067005131394	31.514624	done	0.02742	0.030214350997994188	31.268864	done	0.033846	0.03616023100039456	31.457280
svcomp2025-cra-monotone-hulls-integralized/loop-acceleration/phases_1-1b18d8d.i---hull-3_integralized.yml	TIMEOUT	30.851399	30.86636092599656	212.324352	done	0.028078	0.03085193899460137	31.416320	done	0.029142	0.0313329819982755	31.272960	done	0.031307	0.033684574998915195	31.621120
svcomp2025-cra-monotone-hulls-integralized/loop-acceleration/phases_1-1b18d8d.i---hull-4_integralized.yml	TIMEOUT	30.853925	30.86775631999626	247.521280	done	0.028729	0.03118529199855402	31.322112	done	0.028513	0.0308573520014761	31.846400	done	0.029745	0.03179200500017032	31.440896
svcomp2025-cra-monotone-hulls-integralized/loop-acceleration/phases_1-1b18d8d.i---hull-5_integralized.yml	TIMEOUT	30.853108	30.868987431997084	247.980032	done	0.029933	0.033495582989417017	31.416320	done	0.032957	0.03529272400191985	31.375360	done	0.027863	0.029992096999194473	31.674368
svcomp2025-cra-monotone-hulls-integralized/loop-acceleration/phases_1-286dbd3.i---hull-2_integralized.yml	TIMEOUT	30.853455	30.86585578199447	211.181568	done	0.028391	0.03100745999836363	31.301632	done	0.03162	0.03409117300179787	31.379456	done	0.028996	0.03204471500066575	31.580160
svcomp2025-cra-monotone-hulls-integralized/loop-acceleration/phases_1-286dbd3.i---hull-3_integralized.yml	TIMEOUT	30.851838	30.866066823997244	211.349504	done	0.033731	0.036067600012756884	31.301632	done	0.027377	0.03065264199540252	31.301632	done	0.027961	0.0305906790017616	31.436800
svcomp2025-cra-monotone-hulls-integralized/loop-acceleration/phases_1-286dbd3.i---hull-4_integralized.yml	TIMEOUT	30.852699	30.8651487620009	211.025920	done	0.030194	0.03255487000569701	31.305728	done	0.028954	0.03078184600599343	31.387648	done	0.032655	0.03528420200018445	31.428608
svcomp2025-cra-monotone-hulls-integralized/loop-acceleration/phases_1-286dbd3.i---hull-5_integralized.yml	TIMEOUT	30.853978	30.86590021399752	212.168704	done	0.029936	0.0321264190133661	31.289344	done	0.032126	0.034579799001221545	31.281152	done	0.031958	0.034159444003307726	31.440896
svcomp2025-cra-monotone-hulls-integralized/loop-acceleration/simple_1-1ccc8ee.i---hull-2_integralized.yml	TIMEOUT	30.863137	30.874570193998807	422.342656	done	0.026217	0.0290205109922681	31.215616	done	0.029484	0.03202397099812515	31.567872	done	0.026638	0.029380412997852545	31.272960
svcomp2025-cra-monotone-hulls-integralized/loop-acceleration/simple_1-1ccc8ee.i---hull-3_integralized.yml	TIMEOUT	30.862101	30.87583598600031	421.060608	done	0.027648	0.03076017601415515	31.223808	done	0.026003	0.0281505989987636	31.203328	done	0.036885	0.03957033700135071	31.272960
svcomp2025-cra-monotone-hulls-integralized/loop-acceleration/simple_1-1ccc8ee.i---hull-4_integralized.yml	TIMEOUT	30.86257	30.879302930996346	423.514112	done	0.027157	0.02961818900075741	31.223808	done	0.02814	0.030571422998036724	31.375360	done	0.026886	0.029466308005794417	31.277056
svcomp2025-cra-monotone-hulls-integralized/loop-acceleration/simple_1-1ccc8ee.i---hull-5_integralized.yml	TIMEOUT	30.861119	30.8745288269929	420.704256	done	0.027246	0.029497517010895535	31.232000	done	0.027183	0.029458687000442296	31.371264	done	0.026877	0.029653462996066082	31.268864
svcomp2025-cra-monotone-hulls-integralized/loop-acceleration/simple_1-25dd335.i---hull-2_integralized.yml	TIMEOUT	30.863021	30.875118253999972	422.133760	done	0.028583	0.031187579996185377	31.215616	done	0.026035	0.028857456003606785	31.211520	done	0.02723	0.029619847002322786	31.383552
svcomp2025-cra-monotone-hulls-integralized/loop-acceleration/simple_1-25dd335.i---hull-3_integralized.yml	TIMEOUT	30.860669	30.874060219997773	423.624704	done	0.027713	0.030391730018891394	31.477760	done	0.026615	0.02936419300385751	31.207424	done	0.028632	0.03066370300075505	31.268864
svcomp2025-cra-monotone-hulls-integralized/loop-acceleration/simple_1-25dd335.i---hull-4_integralized.yml	TIMEOUT	30.860481	30.873911144000886	424.124416	done	0.026869	0.02916452201316133	31.215616	done	0.028467	0.03126075500040315	31.223808	done	0.032966	0.03516662799665937	31.272960
svcomp2025-cra-monotone-hulls-integralized/loop-acceleration/simple_1-25dd335.i---hull-5_integralized.yml	TIMEOUT	30.86321	30.874802823003847	425.750528	done	0.031436	0.0339662789774593	31.232000	done	0.033483	0.03571393500169506	31.453184	done	0.032771	0.035026965000724886	31.281152
svcomp2025-cra-monotone-hulls-integralized/loop-acceleration/simple_2-104863b.i---hull-2_integralized.yml	TIMEOUT	30.86414	30.87468548600009	422.756352	done	0.029943	0.03228413499891758	31.215616	done	0.027598	0.029469435001374222	31.383552	done	0.027583	0.03043290099594742	31.547392
svcomp2025-cra-monotone-hulls-integralized/loop-acceleration/simple_2-104863b.i---hull-3_integralized.yml	TIMEOUT	30.861	30.874556964001385	420.569088	done	0.027246	0.0307877279992681	31.232000	done	0.027352	0.029859719004889484	31.199232	done	0.026872	0.029620104003697634	31.412224
svcomp2025-cra-monotone-hulls-integralized/loop-acceleration/simple_2-104863b.i---hull-4_integralized.yml	TIMEOUT	30.863595	30.87579944600293	424.083456	done	0.028763	0.031218470016028732	31.563776	done	0.026843	0.028846598004747648	31.469568	done	0.02737	0.030123796001134906	31.285248
svcomp2025-cra-monotone-hulls-integralized/loop-acceleration/simple_2-104863b.i---hull-5_integralized.yml	TIMEOUT	30.866705	30.877288520998263	424.058880	done	0.028588	0.030979853007011116	31.481856	done	0.026608	0.028746273994329385	31.215616	done	0.026111	0.02903077600058168	31.272960
svcomp2025-cra-monotone-hulls-integralized/loop-acceleration/simple_2-2a2e675.i---hull-2_integralized.yml	TIMEOUT	30.865171	30.871129865998228	418.779136	done	0.034296	0.03718896099599078	31.305728	done	0.03514	0.03743511700304225	31.399936	done	0.026126	0.028615654999157414	31.383552
svcomp2025-cra-monotone-hulls-integralized/loop-acceleration/simple_2-2a2e675.i---hull-3_integralized.yml	TIMEOUT	30.862366	30.871921097997983	422.158336	done	0.027198	0.029765884013613686	31.281152	done	0.028589	0.03134640799544286	31.211520	done	0.029064	0.031351272999017965	31.268864
svcomp2025-cra-monotone-hulls-integralized/loop-acceleration/simple_2-2a2e675.i---hull-4_integralized.yml	TIMEOUT	30.86419	30.87416151099751	423.944192	done	0.026653	0.02887345099588856	31.223808	done	0.029639	0.03257775199745083	31.211520	done	0.028274	0.030979890005255584	31.285248
svcomp2025-cra-monotone-hulls-integralized/loop-acceleration/simple_2-2a2e675.i---hull-5_integralized.yml	TIMEOUT	30.862102	30.875016605001292	420.503552	done	0.0269	0.028861196973593906	31.297536	done	0.027774	0.0303371639965917	31.211520	done	0.05558	0.06010860700189369	31.272960
svcomp2025-cra-monotone-hulls-integralized/loop-crafted/simple_array_index_value_4.i.v+lhb-reducer713520.i---hull-14_integralized.yml	TIMEOUT	30.857089	30.8671433779964	245.526528	done	0.031578	0.03382517799036577	31.637504	done	0.027816	0.030605070998717565	31.629312	done	0.0297	0.03365416500309948	32.899072
svcomp2025-cra-monotone-hulls-integralized/loop-crafted/simple_array_index_value_4.i.v+lhb-reducer713520.i---hull-15_integralized.yml	TIMEOUT	30.856409	30.86866734600335	247.164928	done	0.030116	0.032604826003080234	31.735808	done	0.029711	0.03243184799794108	31.993856	done	0.03044	0.03332046000286937	32.829440
svcomp2025-cra-monotone-hulls-integralized/loop-crafted/simple_array_index_value_4.i.v+lhb-reducer713520.i---hull-16_integralized.yml	TIMEOUT	30.853811	30.866675903002033	200.155136	done	0.030104	0.03227724498719908	31.748096	done	0.028834	0.031378492996736895	31.674368	done	0.032876	0.0351365770038683	32.530432
svcomp2025-cra-monotone-hulls-integralized/loop-crafted/simple_array_index_value_4.i.v+lhb-reducer713520.i---hull-17_integralized.yml	TIMEOUT	30.853728	30.86584552899876	198.647808	done	0.028714	0.03118140299920924	31.744000	done	0.029015	0.03165163900121115	31.940608	done	0.030267	0.03296783199766651	32.526336
svcomp2025-cra-monotone-hulls-integralized/loop-crafted/simple_array_index_value_4.i.v+lhb-reducer713520.i---hull-2_integralized.yml	TIMEOUT	30.863713	30.873489370002062	420.671488	done	0.027381	0.030002601997694	31.465472	done	0.027327	0.030025874999410007	31.477760	done	0.028577	0.031089839998458046	31.293440
svcomp2025-cra-monotone-hulls-integralized/loop-crafted/simple_array_index_value_4.i.v+lhb-reducer713520.i---hull-3_integralized.yml	TIMEOUT	30.864154	30.87790927899914	421.175296	done	0.026806	0.02983833701000549	31.485952	done	0.029837	0.03217470499657793	31.252480	done	0.027711	0.030282811996585224	31.281152
svcomp2025-cra-monotone-hulls-integralized/loop-crafted/simple_array_index_value_4.i.v+lhb-reducer713520.i---hull-4_integralized.yml	TIMEOUT	30.868775	30.87868356599938	425.422848	done	0.032159	0.03461724100634456	31.248384	done	0.026131	0.028790996002499014	31.309824	done	0.027803	0.030112628999631852	31.338496
svcomp2025-cra-monotone-hulls-integralized/loop-crafted/simple_array_index_value_4.i.v+lhb-reducer713520.i---hull-5_integralized.yml	TIMEOUT	30.870545	30.882939611001348	424.927232	done	0.026182	0.028433986008167267	31.481856	done	0.029568	0.03161322300002212	31.223808	done	0.026487	0.02885211400280241	31.285248
svcomp2025-cra-monotone-hulls-integralized/loop-crafted/simple_array_index_value_4.i.v+nlh-reducer99c040.i---hull-10_integralized.yml	TIMEOUT	30.855749	30.86943819699809	210.657280	done	0.029432	0.03162865497870371	31.657984	done	0.030796	0.033841493001091294	31.948800	done	0.031085	0.03359500000078697	32.518144
svcomp2025-cra-monotone-hulls-integralized/loop-crafted/simple_array_index_value_4.i.v+nlh-reducer99c040.i---hull-11_integralized.yml	TIMEOUT	30.855109	30.86617051200301	207.687680	done	0.031206	0.03337080200435594	31.653888	done	0.030549	0.03323281300254166	31.678464	done	0.037716	0.04006822099472629	32.653312
svcomp2025-cra-monotone-hulls-integralized/loop-crafted/simple_array_index_value_4.i.v+nlh-reducer99c040.i---hull-14_integralized.yml	TIMEOUT	30.865467	30.885008965000452	422.846464	done	0.029524	0.03132348202052526	31.236096	done	0.028973	0.0313294239967945	31.293440	done	0.026818	0.02978744100255426	31.649792
svcomp2025-cra-monotone-hulls-integralized/loop-crafted/simple_array_index_value_4.i.v+nlh-reducer99c040.i---hull-15_integralized.yml	TIMEOUT	30.869587	30.881830983002146	423.878656	done	0.026227	0.029179144010413438	31.240192	done	0.027415	0.029992257004778367	31.490048	done	0.028749	0.030738959001610056	31.399936
svcomp2025-cra-monotone-hulls-integralized/loop-crafted/simple_array_index_value_4.i.v+nlh-reducer99c040.i---hull-16_integralized.yml	TIMEOUT	30.863125	30.87526254200202	425.201664	done	0.027071	0.029905504983616993	31.338496	done	0.026011	0.028109494000091217	31.305728	done	0.027084	0.02972903999761911	31.555584
svcomp2025-cra-monotone-hulls-integralized/loop-crafted/simple_array_index_value_4.i.v+nlh-reducer99c040.i---hull-17_integralized.yml	TIMEOUT	30.866728	30.882493352000893	423.649280	done	0.026484	0.029192937014158815	31.248384	done	0.029885	0.03202636199421249	31.297536	done	0.027217	0.029630478005856276	31.547392
svcomp2025-cra-monotone-hulls-integralized/loop-crafted/simple_array_index_value_4.i.v+nlh-reducer99c040.i---hull-8_integralized.yml	TIMEOUT	30.857722	30.866904088004958	243.068928	done	0.031514	0.034209493023809046	31.727616	done	0.028481	0.03060034100053599	31.625216	done	0.031297	0.034056985001370776	32.563200
svcomp2025-cra-monotone-hulls-integralized/loop-crafted/simple_array_index_value_4.i.v+nlh-reducer99c040.i---hull-9_integralized.yml	TIMEOUT	30.857272	30.866633367993927	241.205248	done	0.030294	0.03298834600718692	31.686656	done	0.033419	0.036202517003403045	31.727616	done	0.032101	0.03551117800088832	32.563200
svcomp2025-cra-monotone-hulls-integralized/loop-crafted/simple_array_index_value_42e29fe.i---hull-10_integralized.yml	TIMEOUT	30.872192	30.882875464005338	423.858176	done	0.030992	0.0333534799865447	31.264768	done	0.029688	0.03199962700455217	31.223808	done	0.032655	0.03523601200140547	31.473664
svcomp2025-cra-monotone-hulls-integralized/loop-crafted/simple_array_index_value_42e29fe.i---hull-11_integralized.yml	TIMEOUT	30.863803	30.88010164300067	422.195200	done	0.028948	0.0316142069932539	31.318016	done	0.028742	0.031524999998509884	31.227904	done	0.027048	0.029988223002874292	31.539200
svcomp2025-cra-monotone-hulls-integralized/loop-crafted/simple_array_index_value_42e29fe.i---hull-2_integralized.yml	TIMEOUT	30.85849	30.869253247001325	241.168384	done	0.028338	0.030391128006158397	31.518720	done	0.028431	0.03064543000073172	31.789056	done	0.030334	0.032396720998804085	32.051200
svcomp2025-cra-monotone-hulls-integralized/loop-crafted/simple_array_index_value_42e29fe.i---hull-3_integralized.yml	TIMEOUT	30.857057	30.8662729600037	245.415936	done	0.029675	0.03256769201834686	31.531008	done	0.028697	0.03085414600354852	31.543296	done	0.035867	0.038246543997956906	31.956992
svcomp2025-cra-monotone-hulls-integralized/loop-crafted/simple_array_index_value_42e29fe.i---hull-4_integralized.yml	TIMEOUT	30.855912	30.86756699000398	234.082304	done	0.029699	0.032237963983789086	31.518720	done	0.028601	0.03160251599911135	31.535104	done	0.03206	0.03452629600360524	31.961088
svcomp2025-cra-monotone-hulls-integralized/loop-crafted/simple_array_index_value_42e29fe.i---hull-5_integralized.yml	TIMEOUT	30.857757	30.866496508999262	234.033152	done	0.030925	0.033581149007659405	31.514624	done	0.028842	0.03151255500415573	31.789056	done	0.0294	0.03137268600403331	32.124928
svcomp2025-cra-monotone-hulls-integralized/loop-crafted/simple_array_index_value_42e29fe.i---hull-8_integralized.yml	TIMEOUT	30.862558	30.878762665000977	419.471360	done	0.028228	0.031233639980200678	31.227904	done	0.029148	0.03155583499756176	31.301632	done	0.026152	0.02865643900440773	31.268864
svcomp2025-cra-monotone-hulls-integralized/loop-crafted/simple_array_index_value_42e29fe.i---hull-9_integralized.yml	TIMEOUT	30.863388	30.880273359995044	418.549760	done	0.026565	0.029088858980685472	31.252480	done	0.026549	0.029217192000942305	31.207424	done	0.030244	0.033117629995103925	31.535104
svcomp2025-cra-monotone-hulls-integralized/loop-crafted/simple_vardep_12e314a.i---hull-2_integralized.yml	TIMEOUT	30.855604	30.871605067994096	233.861120	done	0.027922	0.030351474008057266	31.711232	done	0.02959	0.03228879700327525	31.391744	done	0.037828	0.03616982699895743	34.258944
svcomp2025-cra-monotone-hulls-integralized/loop-crafted/simple_vardep_12e314a.i---hull-3_integralized.yml	TIMEOUT	30.85698	30.867361573997186	231.821312	done	0.028569	0.03076342400163412	31.436800	done	0.028765	0.03166810300172074	31.391744	done	0.040689	0.03942198000004282	34.164736
svcomp2025-cra-monotone-hulls-integralized/loop-crafted/simple_vardep_12e314a.i---hull-4_integralized.yml	TIMEOUT	30.854943	30.867026673004148	230.797312	done	0.032483	0.0345902290137019	31.444992	done	0.02782	0.030381672993826214	31.645696	done	0.038774	0.0374969289987348	34.164736
svcomp2025-cra-monotone-hulls-integralized/loop-crafted/simple_vardep_12e314a.i---hull-5_integralized.yml	TIMEOUT	30.855165	30.86807324399706	231.280640	done	0.02825	0.03048775900970213	31.449088	done	0.028807	0.031249355000909418	31.653888	done	0.038771	0.037806524996994995	34.119680
svcomp2025-cra-monotone-hulls-integralized/loop-crafted/simple_vardep_2150c93.i---hull-2_integralized.yml	TIMEOUT	30.856791	30.87041561100341	265.162752	done	0.030812	0.03324458299903199	31.789056	done	0.029403	0.03193052499409532	31.506432	done	0.051439	0.04702040900156135	35.028992
svcomp2025-cra-monotone-hulls-integralized/loop-crafted/simple_vardep_2150c93.i---hull-3_integralized.yml	TIMEOUT	30.857437	30.869323935003194	263.536640	done	0.030054	0.03237009700387716	31.596544	done	0.028894	0.031288775004213676	31.875072	done	0.046429	0.04123824300040724	35.459072
svcomp2025-cra-monotone-hulls-integralized/loop-crafted/simple_vardep_2150c93.i---hull-4_integralized.yml	TIMEOUT	30.857164	30.86862426299922	252.698624	done	0.030257	0.0328709649911616	31.506432	done	0.028091	0.030680942996696103	31.510528	done	0.046866	0.0437880910030799	35.598336
svcomp2025-cra-monotone-hulls-integralized/loop-crafted/simple_vardep_2150c93.i---hull-5_integralized.yml	TIMEOUT	30.859831	30.87200488399685	251.392000	done	0.029125	0.03104135798639618	31.506432	done	0.028903	0.03111220100254286	31.510528	done	0.042653	0.03919801400479628	35.475456
svcomp2025-cra-monotone-hulls-integralized/loop-invgen/fragtest_simple7ec4f9.i---hull-10_integralized.yml	TIMEOUT	30.856265	30.867356709000887	241.180672	done	0.033424	0.0354480360110756	31.485952	done	0.031158	0.03386921199853532	31.404032	done	0.030222	0.0330709910049336	31.854592
svcomp2025-cra-monotone-hulls-integralized/loop-invgen/fragtest_simple7ec4f9.i---hull-11_integralized.yml	TIMEOUT	30.856472	30.867597737000324	241.324032	done	0.028484	0.030991078994702548	31.461376	done	0.029443	0.031571342995448504	31.641600	done	0.02887	0.031925789000524674	31.600640
svcomp2025-cra-monotone-hulls-integralized/loop-invgen/fragtest_simple7ec4f9.i---hull-14_integralized.yml	TIMEOUT	30.866802	30.877499823000107	434.790400	done	0.027494	0.030572070012567565	31.272960	done	0.02954	0.031833048997214064	31.248384	done	0.029555	0.032277348000206985	31.391744
svcomp2025-cra-monotone-hulls-integralized/loop-invgen/fragtest_simple7ec4f9.i---hull-15_integralized.yml	TIMEOUT	30.865858	30.87728146799782	436.146176	done	0.028981	0.03132392998668365	31.371264	done	0.034262	0.037455753998074215	31.256576	done	0.026966	0.028710546001093462	31.395840
svcomp2025-cra-monotone-hulls-integralized/loop-invgen/fragtest_simple7ec4f9.i---hull-16_integralized.yml	TIMEOUT	30.856095	30.867292887996882	221.818880	done	0.028224	0.03050820602220483	31.465472	done	0.037849	0.04026861700549489	31.408128	done	0.030083	0.03242412399413297	31.666176
svcomp2025-cra-monotone-hulls-integralized/loop-invgen/fragtest_simple7ec4f9.i---hull-17_integralized.yml	TIMEOUT	30.854939	30.866984104999574	220.921856	done	0.036303	0.03928682001424022	31.731712	done	0.026821	0.02980057200329611	31.305728	done	0.032691	0.035558432995458134	31.563776
svcomp2025-cra-monotone-hulls-integralized/loop-invgen/fragtest_simple7ec4f9.i---hull-8_integralized.yml	TIMEOUT	30.856078	30.868013368999527	235.671552	done	0.028973	0.03132591399480589	31.428608	done	0.029727	0.03242936400056351	31.559680	done	0.033483	0.03629948999878252	31.678464
svcomp2025-cra-monotone-hulls-integralized/loop-invgen/fragtest_simple7ec4f9.i---hull-9_integralized.yml	TIMEOUT	30.856036	30.8680726790044	235.307008	done	0.039461	0.042448958003660664	31.653888	done	0.028711	0.03134727400174597	31.305728	done	0.03385	0.03672822500084294	31.920128
svcomp2025-cra-monotone-hulls-integralized/loop-invgen/string_concat-noarr805fd3.i---hull-10_integralized.yml	TIMEOUT	30.855237	30.866629053998622	221.962240	done	0.028002	0.030864967993693426	31.346688	done	0.029933	0.032410251995315775	31.293440	done	0.033735	0.03573758399579674	31.551488
svcomp2025-cra-monotone-hulls-integralized/loop-invgen/string_concat-noarr805fd3.i---hull-11_integralized.yml	TIMEOUT	30.856105	30.865754004997143	221.794304	done	0.028849	0.03120807697996497	31.617024	done	0.028718	0.03094338300434174	31.322112	done	0.027591	0.03019893199962098	31.547392
svcomp2025-cra-monotone-hulls-integralized/loop-invgen/string_concat-noarr805fd3.i---hull-2_integralized.yml	TIMEOUT	30.856601	30.866847548000806	240.021504	done	0.028317	0.03092612200998701	31.338496	done	0.029539	0.03236397500586463	31.305728	done	0.02928	0.031967916002031416	31.973376
svcomp2025-cra-monotone-hulls-integralized/loop-invgen/string_concat-noarr805fd3.i---hull-3_integralized.yml	TIMEOUT	30.857785	30.867572864000977	241.319936	done	0.028524	0.03070897000725381	31.604736	done	0.028138	0.030451166996499524	31.772672	done	0.026961	0.028900477998831775	31.494144
svcomp2025-cra-monotone-hulls-integralized/loop-invgen/string_concat-noarr805fd3.i---hull-4_integralized.yml	TIMEOUT	30.85774	30.865994867002883	233.803776	done	0.035284	0.03839309301110916	31.424512	done	0.029241	0.031479131001106	31.449088	done	0.028051	0.03039744200214045	31.682560
svcomp2025-cra-monotone-hulls-integralized/loop-invgen/string_concat-noarr805fd3.i---hull-5_integralized.yml	TIMEOUT	30.854847	30.867007558001205	234.840064	done	0.029155	0.03153591399313882	31.522816	done	0.030532	0.03308405199641129	31.371264	done	0.02973	0.03225808499701088	31.576064
svcomp2025-cra-monotone-hulls-integralized/loop-invgen/string_concat-noarr805fd3.i---hull-8_integralized.yml	TIMEOUT	30.864617	30.877218260000518	429.711360	done	0.028298	0.03108681400772184	31.277056	done	0.033824	0.03665058199840132	31.526912	done	0.027717	0.030394743997021578	31.391744
svcomp2025-cra-monotone-hulls-integralized/loop-invgen/string_concat-noarr805fd3.i---hull-9_integralized.yml	TIMEOUT	30.865327	30.876302447002672	433.983488	done	0.026527	0.02882282598875463	31.281152	done	0.030556	0.032939188997261226	31.473664	done	0.028948	0.03146848100004718	31.547392
svcomp2025-cra-monotone-hulls-integralized/loop-lit/css20037da860.i---hull-0_integralized.yml	TIMEOUT	30.86057	30.87215988400567	314.888192	done	0.033916	0.037377235013991594	31.633408	done	0.03134	0.034277930004464	31.641600	done	0.056806	0.062223757995525375	32.153600
svcomp2025-cra-monotone-hulls-integralized/loop-lit/css20037da860.i---hull-1_integralized.yml	TIMEOUT	30.863623	30.873879071994452	314.822656	done	0.034446	0.036633739015087485	31.633408	done	0.030686	0.034161374998802785	31.637504	done	0.02972	0.03191784000227926	32.292864
svcomp2025-cra-monotone-hulls-integralized/loop-lit/css20037da860.i---hull-2_integralized.yml	TIMEOUT	30.853525	30.866245766999782	211.369984	done	0.029266	0.03150234499480575	31.551488	done	0.035246	0.03802483299659798	31.879168	done	0.030275	0.03318553000281099	32.018432
svcomp2025-cra-monotone-hulls-integralized/loop-lit/css20037da860.i---hull-3_integralized.yml	TIMEOUT	30.85131	30.868046146002598	209.584128	done	0.029007	0.03213878799579106	31.793152	done	0.033334	0.03578371400362812	31.768576	done	0.030811	0.03356394000002183	32.055296
svcomp2025-cra-monotone-hulls-integralized/loop-lit/css20037da860.i---hull-4_integralized.yml	TIMEOUT	30.855632	30.87096051399567	263.598080	done	0.031802	0.03419243899406865	32.071680	done	0.032094	0.03496301300037885	31.694848	done	0.030309	0.03301156400266336	32.309248
svcomp2025-cra-monotone-hulls-integralized/loop-lit/css20037da860.i---hull-5_integralized.yml	TIMEOUT	30.857897	30.870468660003098	261.963776	done	0.028621	0.030521901993779466	31.571968	done	0.027741	0.030089802996371873	31.580160	done	0.03134	0.034212303995445836	32.096256
svcomp2025-cra-monotone-hulls-integralized/loop-lit/gcnr2008c92a4a.i---hull-0_integralized.yml	TIMEOUT	30.855254	30.868379004998133	240.222208	done	0.03886	0.041778604994760826	32.108544	done	0.032929	0.03538869800104294	32.051200	done	0.144003	0.10904105300141964	43.499520
svcomp2025-cra-monotone-hulls-integralized/loop-lit/gcnr2008c92a4a.i---hull-1_integralized.yml	TIMEOUT	30.855918	30.867813302997092	235.671552	done	0.036272	0.03882956100278534	32.219136	done	0.033155	0.035779188001470175	32.309248	done	0.139224	0.10595489700062899	44.081152
svcomp2025-cra-monotone-hulls-integralized/loop-lit/gcnr2008c92a4a.i---hull-4_integralized.yml	TIMEOUT	30.865166	30.87667216800037	315.834368	done	0.074235	0.07911916301236488	32.067584	done	0.030571	0.03292240000155289	32.026624	done	0.046795	0.049568493996048346	33.734656
svcomp2025-cra-monotone-hulls-integralized/loop-lit/gcnr2008c92a4a.i---hull-5_integralized.yml	TIMEOUT	30.218771	30.229855019999377	316.219392	done	0.034653	0.03724798100301996	32.067584	done	0.031464	0.03366875099891331	32.280576	done	0.036351	0.03941793800186133	33.464320
svcomp2025-cra-monotone-hulls-integralized/loop-new/count_by_1_variant26a8e5.i---hull-2_integralized.yml	TIMEOUT	30.871141	30.88445933699404	425.304064	done	0.028141	0.03021138600888662	31.342592	done	0.026626	0.02926615199976368	31.338496	done	0.02592	0.02849088399671018	31.543296
svcomp2025-cra-monotone-hulls-integralized/loop-new/count_by_1_variant26a8e5.i---hull-3_integralized.yml	TIMEOUT	30.870938	30.882792603995767	420.622336	done	0.028075	0.031067480973433703	31.223808	done	0.026574	0.02886105499783298	31.494144	done	0.027514	0.03041663600015454	31.268864
svcomp2025-cra-monotone-hulls-integralized/loop-new/count_by_1_variant26a8e5.i---hull-4_integralized.yml	TIMEOUT	30.868764	30.879586032002408	419.766272	done	0.027935	0.030338796990690753	31.424512	done	0.027003	0.03029458200035151	31.252480	done	0.028319	0.03015730599872768	31.297536
svcomp2025-cra-monotone-hulls-integralized/loop-new/count_by_1_variant26a8e5.i---hull-5_integralized.yml	TIMEOUT	30.870216	30.882969527003297	424.542208	done	0.027297	0.029682830994715914	31.223808	done	0.033667	0.03627332500036573	31.453184	done	0.034296	0.036357773999043275	31.293440
svcomp2025-cra-monotone-hulls-integralized/loop-new/count_by_1b675f7.i---hull-2_integralized.yml	TIMEOUT	30.869044	30.885419254002045	420.032512	done	0.0289	0.0314116119989194	31.240192	done	0.026424	0.02917857599823037	31.309824	done	0.028322	0.030794249003520235	31.293440
svcomp2025-cra-monotone-hulls-integralized/loop-new/count_by_1b675f7.i---hull-3_integralized.yml	TIMEOUT	30.870176	30.881849229997897	425.398272	done	0.028516	0.0314980739785824	31.334400	done	0.026195	0.028774981998139992	31.219712	done	0.034907	0.037017230002675205	31.358976
svcomp2025-cra-monotone-hulls-integralized/loop-new/count_by_1b675f7.i---hull-4_integralized.yml	TIMEOUT	30.870542	30.884821729996474	421.228544	done	0.026824	0.02952070301398635	31.342592	done	0.028551	0.031772793001437094	31.490048	done	0.029999	0.03182885400019586	31.420416
svcomp2025-cra-monotone-hulls-integralized/loop-new/count_by_1b675f7.i---hull-5_integralized.yml	TIMEOUT	30.876732	30.88867005299835	425.467904	done	0.031243	0.03382892598165199	31.358976	done	0.032507	0.035015999994357117	31.256576	done	0.030182	0.032640352997987065	31.408128
svcomp2025-cra-monotone-hulls-integralized/loop-new/count_by_2d3e001.i---hull-2_integralized.yml	TIMEOUT	30.873533	30.88315309999598	425.517056	done	0.032738	0.03489606699440628	31.363072	done	0.027784	0.02954575500189094	31.236096	done	0.029629	0.03244550099771004	31.424512
svcomp2025-cra-monotone-hulls-integralized/loop-new/count_by_2d3e001.i---hull-3_integralized.yml	TIMEOUT	30.868205	30.879718394004158	421.601280	done	0.028014	0.030705746001331136	31.232000	done	0.027299	0.029605507996166125	31.236096	done	0.027506	0.030099978001089767	31.293440
svcomp2025-cra-monotone-hulls-integralized/loop-new/count_by_2d3e001.i---hull-4_integralized.yml	TIMEOUT	30.874382	30.885816606001754	424.361984	done	0.032788	0.034821399982320145	31.358976	done	0.027214	0.029200994002167135	31.244288	done	0.032892	0.034811735997209325	31.297536
svcomp2025-cra-monotone-hulls-integralized/loop-new/count_by_2d3e001.i---hull-5_integralized.yml	TIMEOUT	30.867896	30.882649717001186	422.858752	done	0.029815	0.03173959499690682	31.240192	done	0.02735	0.030017331999260932	31.232000	done	0.031703	0.03427281399490312	31.285248
svcomp2025-cra-monotone-hulls-integralized/loop-new/count_by_k1a7e0d.i---hull-2_integralized.yml	TIMEOUT	30.881344	30.8936297859982	545.898496	TIMEOUT	30.862734	30.872674475016538	536.514560	TIMEOUT	30.871903	30.882130040998163	538.681344	done	0.224548	0.22497190900321584	33.587200
svcomp2025-cra-monotone-hulls-integralized/loop-new/count_by_k1a7e0d.i---hull-3_integralized.yml	TIMEOUT	30.876877	30.889392481003597	541.835264	TIMEOUT	30.863187	30.87528698099777	540.504064	TIMEOUT	30.868718	30.891102284003864	543.436800	done	0.238044	0.23995004099560902	34.021376
svcomp2025-cra-monotone-hulls-integralized/loop-new/count_by_nondetf7a177.i---hull-0_integralized.yml	TIMEOUT	30.872586	30.88493188499706	464.007168	done	0.029913	0.032022729981690645	31.641600	done	0.02827	0.03035769599955529	31.318016	done	0.039778	0.04230393600300886	31.596544
svcomp2025-cra-monotone-hulls-integralized/loop-new/count_by_nondetf7a177.i---hull-1_integralized.yml	TIMEOUT	30.870127	30.88290369400056	465.522688	done	0.029393	0.031398416991578415	31.375360	done	0.035374	0.037446664995513856	31.309824	done	0.028401	0.030954660003772005	31.588352
svcomp2025-cra-monotone-hulls-integralized/loop-new/count_by_nondetf7a177.i---hull-2_integralized.yml	TIMEOUT	30.873203	30.884392788000696	464.666624	done	0.029485	0.032276042009470984	31.649792	done	0.028326	0.031722526997327805	31.289344	done	0.030745	0.03350132999912603	31.625216
svcomp2025-cra-monotone-hulls-integralized/loop-new/count_by_nondetf7a177.i---hull-3_integralized.yml	TIMEOUT	30.880507	30.892075070994906	463.540224	done	0.027559	0.0300787870073691	31.371264	done	0.027173	0.030223788002331275	31.395840	done	0.029889	0.032534983001824	31.735808
svcomp2025-cra-monotone-hulls-integralized/loop-new/count_by_nondetf7a177.i---hull-4_integralized.yml	TIMEOUT	30.852131	30.864491617998283	175.108096	done	0.030273	0.03197794599691406	31.604736	done	0.029157	0.031341310997959226	31.592448	done	0.028846	0.03165325599547941	31.645696
svcomp2025-cra-monotone-hulls-integralized/loop-new/count_by_nondetf7a177.i---hull-5_integralized.yml	TIMEOUT	30.854509	30.86396262999915	174.714880	done	0.030779	0.033461009996244684	31.584256	done	0.02806	0.030429553000431042	31.432704	done	0.030002	0.03253103599854512	31.645696
svcomp2025-cra-monotone-hulls-integralized/loop-industry-pattern/mod3.c.v+lhb-reducer0f808b.i---hull-12_integralized.yml	done	0.087927	0.0903290099959122	35.708928	done	0.103959	0.1070572960015852	35.942400	done	0.081112	0.08410200800426537	35.340288	TIMEOUT	30.311505	21.18611076099478	566.038528
svcomp2025-cra-monotone-hulls-integralized/loop-industry-pattern/mod3.c.v+lhb-reducer0f808b.i---hull-13_integralized.yml	done	0.089222	0.09201442199992016	35.553280	done	0.103686	0.10662616198533215	35.913728	done	0.085024	0.08781954599544406	35.123200	TIMEOUT	30.278257	21.247123143999488	565.997568
svcomp2025-cra-monotone-hulls-integralized/loop-industry-pattern/mod3.c.v+lhb-reducer0f808b.i---hull-16_integralized.yml	done	0.081393	0.08422333199996501	35.799040	done	0.091448	0.09327073299209587	36.155392	done	0.066079	0.06896263900125632	35.041280	TIMEOUT	30.461845	21.0793937060007	631.402496
svcomp2025-cra-monotone-hulls-integralized/loop-industry-pattern/mod3.c.v+lhb-reducer0f808b.i---hull-17_integralized.yml	done	0.075819	0.07817205900209956	35.803136	done	0.092698	0.09548896597698331	36.159488	done	0.0661	0.0686487519997172	34.914304	TIMEOUT	30.280221	21.18465108700184	630.751232
svcomp2025-cra-monotone-hulls-integralized/loop-industry-pattern/mod3.c.v+sep-reducer8d3c3d.i---hull-16_integralized.yml	done	0.121775	0.12500839400308905	36.638720	done	0.129201	0.13216963200829923	36.388864	done	0.094936	0.09769696099829162	35.274752	TIMEOUT	31.432715	20.712711957996362	504.672256
svcomp2025-cra-monotone-hulls-integralized/loop-industry-pattern/mod3.c.v+sep-reducer8d3c3d.i---hull-17_integralized.yml	done	0.125963	0.12853337400156306	36.392960	done	0.131982	0.1358567030110862	36.421632	done	0.090182	0.09245024200208718	35.368960	TIMEOUT	31.45335	20.663674637005897	511.799296
svcomp2025-cra-monotone-hulls-integralized/loop-industry-pattern/nested-391066e.i---hull-4_integralized.yml	TIMEOUT	30.857743	30.869955991001916	242.634752	done	0.036008	0.03870937999454327	31.559680	done	0.034115	0.03674573200260056	31.625216	done	0.03069	0.032830974996613804	32.075776
svcomp2025-cra-monotone-hulls-integralized/loop-industry-pattern/nested-391066e.i---hull-5_integralized.yml	TIMEOUT	30.860686	30.871544902001915	242.106368	done	0.029291	0.03194124001311138	31.477760	done	0.028915	0.03195186599623412	31.436800	done	0.027989	0.03043400299793575	31.805440
svcomp2025-cra-monotone-hulls-integralized/loop-industry-pattern/ofuf_1d5f2f7.i---hull-26_integralized.yml	TIMEOUT	30.863192	30.87196063200099	232.529920	done	0.611979	0.6148835519852582	53.641216	done	0.298226	0.3009208729999955	53.616640	done	17.117615	17.12549661599769	430.313472
svcomp2025-cra-monotone-hulls-integralized/loop-industry-pattern/ofuf_1d5f2f7.i---hull-27_integralized.yml	TIMEOUT	30.857164	30.868804764999368	236.371968	done	0.598269	0.6012975089834072	53.768192	done	0.289259	0.2919268559999182	53.624832	done	17.088307	17.09463721600332	430.100480
svcomp2025-cra-monotone-hulls-integralized/loop-industry-pattern/ofuf_27195b2.i---hull-26_integralized.yml	TIMEOUT	30.859571	30.86872920899623	253.894656	done	0.663922	0.6679405430040788	53.329920	done	0.323526	0.3269055969940382	53.944320	done	15.808623	15.816207768002641	364.142592
svcomp2025-cra-monotone-hulls-integralized/loop-industry-pattern/ofuf_27195b2.i---hull-27_integralized.yml	TIMEOUT	30.857437	30.868238426999596	254.402560	done	0.692563	0.6952655870118178	53.219328	done	0.320901	0.32416954200016335	54.108160	done	16.245625	16.25171876499371	363.900928
svcomp2025-cra-monotone-hulls-integralized/loop-industry-pattern/ofuf_27195b2.i---hull-28_integralized.yml	TIMEOUT	30.857935	30.867400210998312	242.233344	done	0.553516	0.5566691129934043	52.928512	done	0.299471	0.30305063099513063	53.141504	done	16.393065	16.401753128004202	540.090368
svcomp2025-cra-monotone-hulls-integralized/loop-industry-pattern/ofuf_27195b2.i---hull-29_integralized.yml	TIMEOUT	30.857963	30.86785279200558	244.903936	done	0.554454	0.5578696759766899	52.924416	done	0.273411	0.2768948349985294	53.141504	done	15.176662	15.181922905998363	540.344320
svcomp2025-cra-monotone-hulls-integralized/loop-industry-pattern/ofuf_38d9e41.i---hull-26_integralized.yml	TIMEOUT	30.858985	30.868546966994472	251.084800	done	0.682114	0.6856405779835768	53.440512	done	0.317305	0.3200839439959964	54.046720	done	15.984294	15.990164044997073	364.064768
svcomp2025-cra-monotone-hulls-integralized/loop-industry-pattern/ofuf_38d9e41.i---hull-27_integralized.yml	TIMEOUT	30.863761	30.874284967998392	256.782336	done	0.691043	0.693992205982795	53.198848	done	0.342172	0.3453678620062419	53.993472	done	15.793859	15.801766601995041	363.876352
svcomp2025-cra-monotone-hulls-integralized/loop-industry-pattern/ofuf_38d9e41.i---hull-28_integralized.yml	TIMEOUT	30.858052	30.868507562998275	242.262016	done	0.566825	0.5696932439750526	52.793344	done	0.288946	0.29164962700451724	53.424128	done	16.097013	16.103573000000324	540.160000
svcomp2025-cra-monotone-hulls-integralized/loop-industry-pattern/ofuf_38d9e41.i---hull-29_integralized.yml	TIMEOUT	30.859795	30.867805025998678	240.955392	done	0.548033	0.5516758700250648	52.912128	done	0.269072	0.2715702900022734	53.260288	done	16.196292	16.203081138002744	540.225536
svcomp2025-cra-monotone-hulls-integralized/loop-industry-pattern/ofuf_4a8b1f6.i---hull-26_integralized.yml	TIMEOUT	30.8588	30.869923603000643	251.158528	done	0.724934	0.7279917080013547	53.252096	done	0.330594	0.33393495900236303	54.161408	done	15.451521	15.462285153000266	363.921408
svcomp2025-cra-monotone-hulls-integralized/loop-industry-pattern/ofuf_4a8b1f6.i---hull-27_integralized.yml	TIMEOUT	30.858581	30.868830157000048	256.786432	done	0.72295	0.7259902470104862	53.243904	done	0.31712	0.3202666809957009	53.964800	done	15.249938	15.256438019998313	363.888640
svcomp2025-cra-monotone-hulls-integralized/loop-industry-pattern/ofuf_4a8b1f6.i---hull-28_integralized.yml	TIMEOUT	30.856981	30.867654419002065	248.958976	done	0.538064	0.5410450659983326	52.727808	done	0.277623	0.2805743959979736	53.186560	done	16.435315	16.44077861400001	540.205056
svcomp2025-cra-monotone-hulls-integralized/loop-industry-pattern/ofuf_4a8b1f6.i---hull-29_integralized.yml	TIMEOUT	30.858255	30.86783898500289	245.907456	done	0.578379	0.5810643509903457	52.703232	done	0.273005	0.275561144000676	53.252096	done	15.962504	15.969327596998482	540.057600
svcomp2025-cra-monotone-hulls-integralized/loop-industry-pattern/ofuf_503d11a.i---hull-26_integralized.yml	TIMEOUT	30.859844	30.869508367999515	254.087168	done	0.711084	0.7140748079982586	53.686272	done	0.34406	0.34645196799829137	54.136832	done	15.8694	15.87692873999913	364.134400
svcomp2025-cra-monotone-hulls-integralized/loop-industry-pattern/ofuf_503d11a.i---hull-27_integralized.yml	TIMEOUT	30.857593	30.86787903399818	237.694976	done	0.671726	0.6750571900047362	53.190656	done	0.343083	0.34686995599622605	53.948416	done	15.699355	15.706674332999683	364.019712
svcomp2025-cra-monotone-hulls-integralized/loop-industry-pattern/ofuf_503d11a.i---hull-28_integralized.yml	TIMEOUT	30.860231	30.870538235998538	246.140928	done	0.560611	0.5639530509943143	52.740096	done	0.282264	0.28517884699977003	53.178368	done	16.369494	16.375650810994557	540.327936
svcomp2025-cra-monotone-hulls-integralized/loop-industry-pattern/ofuf_503d11a.i---hull-29_integralized.yml	TIMEOUT	30.857281	30.86982116299623	260.403200	done	0.558608	0.5615938320115674	52.797440	done	0.288126	0.29103216800285736	53.145600	done	16.270855	16.277836897999805	540.344320
svcomp2025-cra-monotone-hulls-integralized/loops-crafted-1/Mono1_1-103c391.i---hull-2_integralized.yml	TIMEOUT	30.856074	30.8666475469945	211.681280	done	0.027724	0.03057576998253353	31.305728	done	0.028517	0.030982880998635665	31.633408	done	0.029623	0.031993667005735915	31.694848
svcomp2025-cra-monotone-hulls-integralized/loops-crafted-1/Mono1_1-103c391.i---hull-3_integralized.yml	TIMEOUT	30.855951	30.865130560996477	213.049344	done	0.034735	0.03774154500570148	31.293440	done	0.029153	0.031502376004937105	31.621120	done	0.030865	0.03442893699684646	31.551488
svcomp2025-cra-monotone-hulls-integralized/loops-crafted-1/Mono1_1-103c391.i---hull-4_integralized.yml	TIMEOUT	30.854032	30.866769036001642	210.894848	done	0.029407	0.0327701999922283	31.670272	done	0.0282	0.030460041998594534	31.272960	done	0.027684	0.030325619998620823	31.653888
svcomp2025-cra-monotone-hulls-integralized/loops-crafted-1/Mono1_1-103c391.i---hull-5_integralized.yml	TIMEOUT	30.853719	30.86619743499614	210.071552	done	0.028629	0.031072226003743708	31.350784	done	0.027379	0.02930162599659525	31.268864	done	0.027273	0.029346249997615814	31.440896
svcomp2025-cra-monotone-hulls-integralized/loops-crafted-1/Mono1_1-2a9d4b4.i---hull-2_integralized.yml	TIMEOUT	30.853709	30.8659578769948	211.337216	done	0.027681	0.030508550989907235	31.326208	done	0.030404	0.03244310399895767	31.268864	done	0.031182	0.03331833199626999	31.662080
svcomp2025-cra-monotone-hulls-integralized/loops-crafted-1/Mono1_1-2a9d4b4.i---hull-3_integralized.yml	TIMEOUT	30.853307	30.867210522999812	211.574784	done	0.031965	0.03429135101032443	31.334400	done	0.032814	0.03562949799379567	31.621120	done	0.028228	0.0309373609998147	31.428608
svcomp2025-cra-monotone-hulls-integralized/loops-crafted-1/Mono1_1-2a9d4b4.i---hull-4_integralized.yml	TIMEOUT	30.855051	30.866614250997372	210.001920	done	0.029929	0.03230243400321342	31.313920	done	0.027187	0.030886911998095457	31.268864	done	0.028095	0.030790302000241354	31.543296
svcomp2025-cra-monotone-hulls-integralized/loops-crafted-1/Mono1_1-2a9d4b4.i---hull-5_integralized.yml	TIMEOUT	30.856873	30.865458028005378	208.502784	done	0.027573	0.030276666017016396	31.309824	done	0.02921	0.03171512999688275	31.285248	done	0.032889	0.034540754997578915	31.440896
svcomp2025-cra-monotone-hulls-integralized/loops-crafted-1/Mono3_130f93a.i---hull-2_integralized.yml	TIMEOUT	30.85602	30.866116361001332	214.876160	done	0.029881	0.03225754099548794	31.346688	done	0.031095	0.03318391200446058	31.342592	done	0.029267	0.03199782899901038	31.596544
svcomp2025-cra-monotone-hulls-integralized/loops-crafted-1/Mono3_130f93a.i---hull-3_integralized.yml	TIMEOUT	30.853975	30.86716537600296	217.174016	done	0.031168	0.034001352003542706	31.363072	done	0.033278	0.03582191400346346	31.465472	done	0.029157	0.032010884999181144	31.653888
svcomp2025-cra-monotone-hulls-integralized/loops-crafted-1/Mono3_130f93a.i---hull-4_integralized.yml	TIMEOUT	30.879368	30.88833874899865	425.500672	done	0.032523	0.035215292009525	31.346688	done	0.029488	0.0338045729949954	31.461376	done	0.029256	0.03170073500223225	31.862784
svcomp2025-cra-monotone-hulls-integralized/loops-crafted-1/Mono3_130f93a.i---hull-5_integralized.yml	TIMEOUT	30.864991	30.882207577000372	421.273600	done	0.02885	0.031118899991270155	31.612928	done	0.027279	0.02960398900177097	31.592448	done	0.028386	0.03079781999986153	31.596544
svcomp2025-cra-monotone-hulls-integralized/loops-crafted-1/Mono4_1a79981.i---hull-2_integralized.yml	TIMEOUT	30.868448	30.88627977899887	430.358528	done	0.029521	0.03243903597467579	31.617024	done	0.033385	0.03571459600061644	31.383552	done	0.028332	0.030405464996874798	31.596544
svcomp2025-cra-monotone-hulls-integralized/loops-crafted-1/Mono4_1a79981.i---hull-3_integralized.yml	TIMEOUT	30.869517	30.88252733900299	429.899776	done	0.032263	0.03450275998329744	31.354880	done	0.028867	0.03172087499842746	31.379456	done	0.0354	0.03784505300427554	31.608832
svcomp2025-cra-monotone-hulls-integralized/loops-crafted-1/Mono4_1a79981.i---hull-4_integralized.yml	TIMEOUT	30.853395	30.86860824500036	220.835840	done	0.029911	0.03298001299845055	31.617024	done	0.034752	0.03777955399709754	31.367168	done	0.029401	0.0324322119995486	31.698944
svcomp2025-cra-monotone-hulls-integralized/loops-crafted-1/Mono4_1a79981.i---hull-5_integralized.yml	TIMEOUT	30.852398	30.868826038000407	221.122560	done	0.02862	0.03139757001190446	31.358976	done	0.028526	0.031212271998811048	31.363072	done	0.028444	0.031398011997225694	31.576064
svcomp2025-cra-monotone-hulls-integralized/loops-crafted-1/Mono5_18af774.i---hull-2_integralized.yml	TIMEOUT	30.854463	30.869355369002733	231.022592	done	0.028531	0.030999209004221484	31.453184	done	0.035777	0.03851469200162683	31.490048	done	0.02858	0.03129795600398211	31.559680
svcomp2025-cra-monotone-hulls-integralized/loops-crafted-1/Mono5_18af774.i---hull-3_integralized.yml	TIMEOUT	30.855634	30.868934135003656	230.518784	done	0.03026	0.03252800498739816	31.444992	done	0.029424	0.0320592249991023	31.612928	done	0.030707	0.03353818300092826	31.580160
svcomp2025-cra-monotone-hulls-integralized/loops-crafted-1/Mono5_18af774.i---hull-4_integralized.yml	TIMEOUT	30.85652	30.868071802004124	229.908480	done	0.029995	0.033367363997967914	31.576064	done	0.030065	0.03248572300071828	31.449088	done	0.029371	0.032245212998532224	31.576064
svcomp2025-cra-monotone-hulls-integralized/loops-crafted-1/Mono5_18af774.i---hull-5_integralized.yml	TIMEOUT	30.854111	30.869337339994672	230.281216	done	0.028214	0.03100113500840962	31.465472	done	0.031187	0.03371550099836895	31.399936	done	0.031005	0.03331223500572378	31.576064
svcomp2025-cra-monotone-hulls-integralized/loops-crafted-1/Mono6_1b426ab.i---hull-2_integralized.yml	TIMEOUT	30.856679	30.868321809997724	235.323392	done	0.02914	0.03138120300718583	31.485952	done	0.028347	0.03116107700043358	31.653888	done	0.028713	0.03056246200139867	32.067584
svcomp2025-cra-monotone-hulls-integralized/loops-crafted-1/Mono6_1b426ab.i---hull-3_integralized.yml	TIMEOUT	30.855761	30.86755610799446	236.679168	done	0.029209	0.03161824098788202	31.559680	done	0.029759	0.03213554300600663	31.678464	done	0.027894	0.030552342999726534	31.760384
svcomp2025-cra-monotone-hulls-integralized/loops-crafted-1/Mono6_1b426ab.i---hull-4_integralized.yml	TIMEOUT	30.855706	30.869213146004768	236.859392	done	0.035611	0.03844622697215527	31.531008	done	0.027654	0.030188217999238987	31.432704	done	0.035859	0.038232598002650775	31.756288
svcomp2025-cra-monotone-hulls-integralized/loops-crafted-1/Mono6_1b426ab.i---hull-5_integralized.yml	TIMEOUT	30.854282	30.86895303899655	233.746432	done	0.03197	0.03445338102756068	31.477760	done	0.03384	0.036165239005640615	31.424512	done	0.029	0.03128702899994096	32.010240
svcomp2025-cra-monotone-hulls-integralized/loops-crafted-1/discover_listef0a07.i---hull-4_integralized.yml	TIMEOUT	30.859858	30.868895047999104	144.707584	done	0.195597	0.1984715000144206	39.370752	done	0.089256	0.09176125500380294	37.097472	done	0.54017	0.5425555950059788	180.563968
svcomp2025-cra-monotone-hulls-integralized/loops-crafted-1/discover_listef0a07.i---hull-5_integralized.yml	TIMEOUT	30.852455	30.863782464002725	142.979072	done	0.196224	0.1983487130200956	39.211008	done	0.096308	0.09943024699896341	37.097472	done	0.527493	0.5306789820024278	180.559872
svcomp2025-cra-monotone-hulls-integralized/loops-crafted-1/loopv31d7ffa.i---hull-2_integralized.yml	TIMEOUT	30.868869	30.88299751500017	428.240896	done	0.029665	0.032048360008047894	31.404032	done	0.029232	0.0314702949981438	31.289344	done	0.03108	0.03368876600143267	31.698944
svcomp2025-cra-monotone-hulls-integralized/loops-crafted-1/loopv31d7ffa.i---hull-3_integralized.yml	TIMEOUT	30.870834	30.881394554999133	427.786240	done	0.028149	0.03043519999482669	31.395840	done	0.027234	0.030096850998234004	31.367168	done	0.028211	0.030710154002008494	31.399936
svcomp2025-cra-monotone-hulls-integralized/loops-crafted-1/loopv31d7ffa.i---hull-4_integralized.yml	TIMEOUT	30.856213	30.86671999200189	217.100288	done	0.028827	0.030881227023201063	31.334400	done	0.034593	0.037615645000187214	31.363072	done	0.046199	0.04941094400419388	31.850496
svcomp2025-cra-monotone-hulls-integralized/loops-crafted-1/loopv31d7ffa.i---hull-5_integralized.yml	TIMEOUT	30.855237	30.867197813997336	221.159424	done	0.029007	0.03174376301467419	31.338496	done	0.028155	0.030685534999065567	31.420416	done	0.029422	0.03122538499883376	31.805440
svcomp2025-cra-monotone-hulls-integralized/loops-crafted-1/mono-crafted_107f2a9a.i---hull-2_integralized.yml	TIMEOUT	30.855295	30.868565917000524	235.229184	done	0.031449	0.03428393101785332	31.588352	done	0.030107	0.032547669994528405	31.649792	done	0.027561	0.029819319999660365	31.719424
svcomp2025-cra-monotone-hulls-integralized/loops-crafted-1/mono-crafted_107f2a9a.i---hull-3_integralized.yml	TIMEOUT	30.856895	30.867951028005336	234.446848	done	0.028915	0.031434784992598	31.498240	done	0.028551	0.031290653998439666	31.756288	done	0.029861	0.032333059003576636	31.780864
svcomp2025-cra-monotone-hulls-integralized/loops-crafted-1/mono-crafted_107f2a9a.i---hull-4_integralized.yml	TIMEOUT	30.857914	30.866602708003484	233.099264	done	0.035018	0.03717045998200774	31.612928	done	0.032972	0.03551326200249605	31.412224	done	0.028996	0.03182459699746687	32.002048
svcomp2025-cra-monotone-hulls-integralized/loops-crafted-1/mono-crafted_107f2a9a.i---hull-5_integralized.yml	TIMEOUT	30.854005	30.868894393999653	234.631168	done	0.036111	0.03871294000418857	31.567872	done	0.028129	0.029876907996367663	31.412224	done	0.028165	0.030811518998234533	31.854592
svcomp2025-cra-monotone-hulls-integralized/loops-crafted-1/mono-crafted_11b7e320.i---hull-2_integralized.yml	TIMEOUT	30.851223	30.86728723399574	210.518016	done	0.028458	0.03097943399916403	31.404032	done	0.026944	0.029270573002577294	31.264768	done	0.02895	0.03135862300405279	31.440896
svcomp2025-cra-monotone-hulls-integralized/loops-crafted-1/mono-crafted_11b7e320.i---hull-3_integralized.yml	TIMEOUT	30.855224	30.866388517002633	209.223680	done	0.028429	0.030795599974226207	31.412224	done	0.027435	0.030083031000685878	31.412224	done	0.028647	0.031187131004116964	31.428608
svcomp2025-cra-monotone-hulls-integralized/loops-crafted-1/mono-crafted_11b7e320.i---hull-4_integralized.yml	TIMEOUT	30.854892	30.86599466500047	207.802368	done	0.036209	0.03875349200097844	31.342592	done	0.03404	0.03666825500113191	31.285248	done	0.027344	0.029329787997994572	31.698944
svcomp2025-cra-monotone-hulls-integralized/loops-crafted-1/mono-crafted_11b7e320.i---hull-5_integralized.yml	TIMEOUT	30.854539	30.868364406000182	210.456576	done	0.03111	0.033695841004373506	31.309824	done	0.028876	0.0319478599994909	31.264768	done	0.027868	0.030515441998431925	31.694848
svcomp2025-cra-monotone-hulls-integralized/loops-crafted-1/mono-crafted_1206b17c.i---hull-2_integralized.yml	TIMEOUT	30.854118	30.868874751002295	234.946560	done	0.030634	0.033425070985686034	31.481856	done	0.031721	0.03347319499880541	31.395840	done	0.033821	0.036723759993037675	31.846400
svcomp2025-cra-monotone-hulls-integralized/loops-crafted-1/mono-crafted_1206b17c.i---hull-3_integralized.yml	TIMEOUT	30.85674	30.867901892997907	233.275392	done	0.030797	0.032924018014455214	31.707136	done	0.029014	0.03154166400054237	31.399936	done	0.02998	0.03193275300145615	31.588352
svcomp2025-cra-monotone-hulls-integralized/loops-crafted-1/mono-crafted_1206b17c.i---hull-4_integralized.yml	TIMEOUT	30.862228	30.872640383000544	233.385984	done	0.037137	0.03961290998267941	31.797248	done	0.029068	0.03148017999774311	31.662080	done	0.029882	0.03266182800143724	31.608832
svcomp2025-cra-monotone-hulls-integralized/loops-crafted-1/mono-crafted_1206b17c.i---hull-5_integralized.yml	TIMEOUT	30.857793	30.868115532997763	231.137280	done	0.034765	0.03688670799601823	31.477760	done	0.028331	0.0303726740021375	31.408128	done	0.035723	0.03796291900653159	31.600640
svcomp2025-cra-monotone-hulls-integralized/loops-crafted-1/mono-crafted_1337d0f7.i---hull-10_integralized.yml	TIMEOUT	30.857046	30.866363589004322	225.353728	done	0.028203	0.03083668602630496	31.768576	done	0.034935	0.03777625299699139	31.408128	done	0.037252	0.03979757500201231	31.866880
svcomp2025-cra-monotone-hulls-integralized/loops-crafted-1/mono-crafted_1337d0f7.i---hull-11_integralized.yml	TIMEOUT	30.856023	30.868588318000548	229.556224	done	0.029479	0.03171131500857882	31.457280	done	0.02819	0.030676768998091575	31.666176	done	0.030819	0.033597674999327864	31.559680
svcomp2025-cra-monotone-hulls-integralized/loops-crafted-1/mono-crafted_1337d0f7.i---hull-8_integralized.yml	TIMEOUT	30.856958	30.866222377997474	227.000320	done	0.029802	0.03263576902099885	31.436800	done	0.033375	0.036230037003406323	31.698944	done	0.033881	0.036934954005118925	31.825920
svcomp2025-cra-monotone-hulls-integralized/loops-crafted-1/mono-crafted_1337d0f7.i---hull-9_integralized.yml	TIMEOUT	30.855397	30.86806959599926	229.027840	done	0.029313	0.03177592300926335	31.457280	done	0.027812	0.02998791999561945	31.473664	done	0.034403	0.037029556995548774	31.539200
svcomp2025-cra-monotone-hulls-integralized/loops-crafted-1/mono-crafted_141c3c12.i---hull-10_integralized.yml	TIMEOUT	30.856301	30.866398441001365	217.993216	done	0.043702	0.046173773996997625	31.350784	done	0.034165	0.03684162399440538	31.363072	done	0.034474	0.03697148500214098	31.686656
svcomp2025-cra-monotone-hulls-integralized/loops-crafted-1/mono-crafted_141c3c12.i---hull-11_integralized.yml	TIMEOUT	30.854509	30.86821095799678	220.241920	done	0.028471	0.03117128601297736	31.346688	done	0.031576	0.034232739999424666	31.354880	done	0.030666	0.03331870999681996	31.678464
svcomp2025-cra-monotone-hulls-integralized/loops-crafted-1/mono-crafted_141c3c12.i---hull-8_integralized.yml	TIMEOUT	30.869812	30.879139112999837	429.469696	done	0.03107	0.03388980598538183	31.424512	done	0.029553	0.032767122000223026	31.481856	done	0.030578	0.03327411200007191	31.592448
svcomp2025-cra-monotone-hulls-integralized/loops-crafted-1/mono-crafted_141c3c12.i---hull-9_integralized.yml	TIMEOUT	30.870174	30.88268303299992	431.489024	done	0.028332	0.031063282018294558	31.461376	done	0.029133	0.031663524998293724	31.461376	done	0.032614	0.03509386399673531	31.854592
svcomp2025-cra-monotone-hulls-integralized/loops-crafted-1/mono-crafted_1d149d8.i---hull-10_integralized.yml	TIMEOUT	30.856498	30.866249658000015	218.066944	done	0.029597	0.03221115600899793	31.342592	done	0.027872	0.02993856599641731	31.358976	done	0.029252	0.031737656994664576	31.567872
svcomp2025-cra-monotone-hulls-integralized/loops-crafted-1/mono-crafted_1d149d8.i---hull-11_integralized.yml	TIMEOUT	30.85512	30.86689450099948	218.763264	done	0.030928	0.0335581699910108	31.354880	done	0.02982	0.03174986499652732	31.731712	done	0.02853	0.03095884600043064	31.576064
svcomp2025-cra-monotone-hulls-integralized/loops-crafted-1/mono-crafted_1d149d8.i---hull-8_integralized.yml	TIMEOUT	30.870511	30.880573973998253	428.900352	done	0.031696	0.03467892901971936	31.604736	done	0.034941	0.037374393999925815	31.535104	done	0.030886	0.033841627002402674	31.571968
svcomp2025-cra-monotone-hulls-integralized/loops-crafted-1/mono-crafted_1d149d8.i---hull-9_integralized.yml	TIMEOUT	30.87083	30.881015825994837	429.465600	done	0.029499	0.03247464602463879	31.334400	done	0.030731	0.0328921789987362	31.367168	done	0.029054	0.03238575500290608	31.571968
svcomp2025-cra-monotone-hulls-integralized/loops-crafted-1/mono-crafted_376bd52.i---hull-10_integralized.yml	TIMEOUT	30.85534	30.867613227994298	221.753344	done	0.029258	0.03191977698588744	31.342592	done	0.027779	0.030259920997195877	31.354880	done	0.02995	0.03294870999525301	31.580160
svcomp2025-cra-monotone-hulls-integralized/loops-crafted-1/mono-crafted_376bd52.i---hull-11_integralized.yml	TIMEOUT	30.857826	30.869145037002454	220.299264	done	0.029531	0.03204948900383897	31.346688	done	0.035109	0.037251959001878276	31.473664	done	0.029167	0.031846227997448295	31.825920
svcomp2025-cra-monotone-hulls-integralized/loops-crafted-1/mono-crafted_376bd52.i---hull-8_integralized.yml	TIMEOUT	30.871854	30.882005797997408	431.390720	done	0.028157	0.03042717801872641	31.350784	done	0.034262	0.03750222999951802	31.608832	done	0.028563	0.030282095998700242	31.576064
svcomp2025-cra-monotone-hulls-integralized/loops-crafted-1/mono-crafted_376bd52.i---hull-9_integralized.yml	TIMEOUT	30.869867	30.882304688006116	431.415296	done	0.035078	0.037433894991409034	31.371264	done	0.028255	0.03024813400406856	31.358976	done	0.030658	0.03301470800215611	31.563776
svcomp2025-cra-monotone-hulls-integralized/loops-crafted-1/mono-crafted_6001556.i---hull-2_integralized.yml	TIMEOUT	30.858358	30.869868120003957	262.082560	done	0.03079	0.033698849991196766	31.498240	done	0.029807	0.03249398800107883	31.461376	done	0.028449	0.03173210300155915	31.891456
svcomp2025-cra-monotone-hulls-integralized/loops-crafted-1/mono-crafted_6001556.i---hull-3_integralized.yml	TIMEOUT	30.858878	30.869300069003657	264.359936	done	0.032544	0.03565133598749526	31.547392	done	0.028273	0.03062832399882609	31.502336	done	0.029207	0.031503883001278155	31.887360
svcomp2025-cra-monotone-hulls-integralized/loops-crafted-1/mono-crafted_6001556.i---hull-4_integralized.yml	TIMEOUT	30.854351	30.86509569000191	187.564032	done	0.029477	0.03237764001823962	31.739904	done	0.034501	0.03760113899625139	31.420416	done	0.02932	0.03179543000442209	31.784960
svcomp2025-cra-monotone-hulls-integralized/loops-crafted-1/mono-crafted_6001556.i---hull-5_integralized.yml	TIMEOUT	30.854103	30.86476979500003	186.343424	done	0.028785	0.03287387499585748	31.522816	done	0.03123	0.033287660000496544	31.453184	done	0.030509	0.03273504300159402	31.801344
svcomp2025-cra-monotone-hulls-integralized/loops-crafted-1/mono-crafted_769167d.i---hull-10_integralized.yml	TIMEOUT	30.855831	30.86753224000131	219.582464	done	0.028682	0.030972528998972848	31.354880	done	0.034181	0.036477462002949324	31.481856	done	0.029838	0.032065675004560035	31.956992
svcomp2025-cra-monotone-hulls-integralized/loops-crafted-1/mono-crafted_769167d.i---hull-11_integralized.yml	TIMEOUT	30.855288	30.866925191003247	220.114944	done	0.03156	0.03417606299626641	31.354880	done	0.031091	0.03341315400029998	31.363072	done	0.051804	0.055119190001278184	31.948800
svcomp2025-cra-monotone-hulls-integralized/loops-crafted-1/mono-crafted_769167d.i---hull-8_integralized.yml	TIMEOUT	30.871799	30.881694764000713	427.315200	done	0.044273	0.04644531098892912	31.576064	done	0.028262	0.03090699099993799	31.350784	done	0.028248	0.03091185699304333	31.571968
svcomp2025-cra-monotone-hulls-integralized/loops-crafted-1/mono-crafted_769167d.i---hull-9_integralized.yml	TIMEOUT	30.873642	30.88514672600286	428.945408	done	0.028764	0.03132260299753398	31.338496	done	0.0296	0.032186033997277264	31.621120	done	0.031297	0.03417582000110997	31.571968
svcomp2025-cra-monotone-hulls-integralized/loops-crafted-1/mono-crafted_8519fc5.i---hull-2_integralized.yml	TIMEOUT	30.856104	30.86679692200414	226.021376	done	0.030508	0.034095601993612945	31.453184	done	0.030492	0.032735598004364874	31.363072	done	0.029011	0.03134193799633067	31.657984
svcomp2025-cra-monotone-hulls-integralized/loops-crafted-1/mono-crafted_8519fc5.i---hull-3_integralized.yml	TIMEOUT	30.853612	30.868284051000956	229.871616	done	0.029591	0.03219185798661783	31.555584	done	0.031627	0.03396845899987966	31.592448	done	0.030437	0.033206396001332905	31.559680
svcomp2025-cra-monotone-hulls-integralized/loops-crafted-1/mono-crafted_8519fc5.i---hull-4_integralized.yml	TIMEOUT	30.858036	30.866659646002518	229.736448	done	0.027724	0.03028395801084116	31.817728	done	0.028505	0.03126098700158764	31.375360	done	0.035849	0.03819951499463059	31.559680
svcomp2025-cra-monotone-hulls-integralized/loops-crafted-1/mono-crafted_8519fc5.i---hull-5_integralized.yml	TIMEOUT	30.857239	30.86691352500202	229.498880	done	0.03003	0.03291992101003416	31.453184	done	0.030923	0.03379969999514287	31.641600	done	0.028967	0.031513517002167646	31.686656
svcomp2025-cra-monotone-hulls-integralized/loops-crafted-1/mono-crafted_97406b9.i---hull-2_integralized.yml	TIMEOUT	30.870314	30.882638579998456	432.742400	done	0.027889	0.03035907499724999	31.457280	done	0.027519	0.030266235997260083	31.612928	done	0.028203	0.03052062200004002	31.686656
svcomp2025-cra-monotone-hulls-integralized/loops-crafted-1/mono-crafted_97406b9.i---hull-3_integralized.yml	TIMEOUT	30.864409	30.87957119299972	429.957120	done	0.028267	0.03085466899210587	31.604736	done	0.027569	0.029819095994753297	31.354880	done	0.028206	0.03085614799783798	31.571968
svcomp2025-cra-monotone-hulls-integralized/loops-crafted-1/mono-crafted_97406b9.i---hull-4_integralized.yml	TIMEOUT	30.855476	30.86632399699738	220.020736	done	0.030674	0.03349188799620606	31.453184	done	0.035875	0.03831167400494451	31.354880	done	0.03283	0.035795068004517816	31.821824
svcomp2025-cra-monotone-hulls-integralized/loops-crafted-1/mono-crafted_97406b9.i---hull-5_integralized.yml	TIMEOUT	30.856712	30.86778265099565	221.032448	done	0.027879	0.030712512001628056	31.502336	done	0.029473	0.03201095500116935	31.449088	done	0.02928	0.03213606000645086	31.838208
svcomp2025-cra-monotone-hulls-integralized/loops-crafted-1/nested3-13dbe06.i---hull-10_integralized.yml	TIMEOUT	30.871306	30.881518121001136	460.242944	done	0.033809	0.03616755400435068	31.481856	done	0.027693	0.030095873000391293	31.596544	done	0.077041	0.06113708799966844	35.581952
svcomp2025-cra-monotone-hulls-integralized/loops-crafted-1/nested3-13dbe06.i---hull-11_integralized.yml	TIMEOUT	30.874223	30.884818393999012	461.512704	done	0.030752	0.033118825987912714	31.617024	done	0.027508	0.030120898001769092	31.477760	done	0.075976	0.06013945300219348	35.127296
svcomp2025-cra-monotone-hulls-integralized/loops-crafted-1/nested3-13dbe06.i---hull-14_integralized.yml	TIMEOUT	30.867822	30.87878826799715	490.708992	done	0.030803	0.03355012499378063	31.621120	done	0.031906	0.03461388700088719	31.780864	done	0.050779	0.04521505100274226	36.130816
svcomp2025-cra-monotone-hulls-integralized/loops-crafted-1/nested3-13dbe06.i---hull-15_integralized.yml	TIMEOUT	30.866224	30.87895397900138	490.610688	done	0.028983	0.0310231699841097	31.870976	done	0.036516	0.03936772399902111	31.600640	done	0.054693	0.04939906400250038	36.241408
svcomp2025-cra-monotone-hulls-integralized/loops-crafted-1/nested3-13dbe06.i---hull-16_integralized.yml	TIMEOUT	30.874777	30.888025225998717	512.004096	done	0.040325	0.04305721999844536	31.608832	done	0.028407	0.031194269002298824	31.801344	done	0.054057	0.047999891998188104	35.704832
svcomp2025-cra-monotone-hulls-integralized/loops-crafted-1/nested3-13dbe06.i---hull-17_integralized.yml	TIMEOUT	30.868701	30.88090277899755	510.750720	done	0.029377	0.032238951011095196	31.715328	done	0.028772	0.03162671899917768	31.916032	done	0.049701	0.04381543499766849	35.577856
svcomp2025-cra-monotone-hulls-integralized/loops-crafted-1/nested3-13dbe06.i---hull-2_integralized.yml	TIMEOUT	30.871656	30.88040422100312	420.700160	done	0.029547	0.0327131969970651	31.227904	done	0.027264	0.030181931004335638	31.203328	done	0.029386	0.03135717900295276	31.272960
svcomp2025-cra-monotone-hulls-integralized/loops-crafted-1/nested3-13dbe06.i---hull-3_integralized.yml	TIMEOUT	30.866256	30.879980320998584	420.188160	done	0.029066	0.03196453599957749	31.227904	done	0.027743	0.030259696002758574	31.305728	done	0.028451	0.030773459002375603	31.371264
svcomp2025-cra-monotone-hulls-integralized/loops-crafted-1/nested3-13dbe06.i---hull-4_integralized.yml	TIMEOUT	30.865828	30.877548472002672	424.030208	done	0.02732	0.029397652979241684	31.215616	done	0.026949	0.029671818992937915	31.211520	done	0.026871	0.028757245003362186	31.383552
svcomp2025-cra-monotone-hulls-integralized/loops-crafted-1/nested3-13dbe06.i---hull-5_integralized.yml	TIMEOUT	30.867679	30.87877713800117	423.309312	done	0.032247	0.03455201201722957	31.330304	done	0.027898	0.030818387000181247	31.219712	done	0.027246	0.03009895300056087	31.281152
svcomp2025-cra-monotone-hulls-integralized/loops-crafted-1/nested3-13dbe06.i---hull-8_integralized.yml	TIMEOUT	30.87419	30.882826640998246	464.375808	done	0.030459	0.03280725100194104	31.490048	done	0.027358	0.029657746003067587	31.449088	done	0.082329	0.06595256400032667	35.205120
svcomp2025-cra-monotone-hulls-integralized/loops-crafted-1/nested3-13dbe06.i---hull-9_integralized.yml	TIMEOUT	30.87847	30.88812321599835	464.650240	done	0.02798	0.03076082799816504	31.641600	done	0.031765	0.03463118500076234	31.535104	done	0.084094	0.06867636099923402	35.074048
svcomp2025-cra-monotone-hulls-integralized/loops-crafted-1/nested3-1_abstractedc5cd7f.i---hull-0_integralized.yml	TIMEOUT	30.873105	30.886042611993616	454.381568	done	0.029628	0.032351634989026934	31.485952	done	0.032601	0.03525599400018109	31.453184	done	0.08321	0.06585650499619078	35.627008
svcomp2025-cra-monotone-hulls-integralized/loops-crafted-1/nested3-1_abstractedc5cd7f.i---hull-10_integralized.yml	TIMEOUT	30.881277	30.891770687994722	513.675264	done	0.029026	0.03131528198719025	31.641600	done	0.028799	0.03122360500128707	31.555584	done	0.054384	0.04903980800008867	35.606528
svcomp2025-cra-monotone-hulls-integralized/loops-crafted-1/nested3-1_abstractedc5cd7f.i---hull-11_integralized.yml	TIMEOUT	30.879434	30.8876246860018	517.242880	done	0.030877	0.03323048900347203	31.621120	done	0.029571	0.03148040099767968	31.555584	done	0.055195	0.04916696700092871	35.979264
svcomp2025-cra-monotone-hulls-integralized/loops-crafted-1/nested3-1_abstractedc5cd7f.i---hull-1_integralized.yml	TIMEOUT	30.875006	30.885792394998134	452.808704	done	0.029552	0.03178183300769888	31.494144	done	0.033206	0.03520659300556872	31.494144	done	0.079529	0.0625038440048229	35.270656
svcomp2025-cra-monotone-hulls-integralized/loops-crafted-1/nested3-1_abstractedc5cd7f.i---hull-2_integralized.yml	TIMEOUT	30.858577	30.86834535300295	260.952064	done	0.030983	0.03300278200185858	31.551488	done	0.02832	0.030759392997424584	31.473664	done	0.083645	0.06461647000105586	35.397632
svcomp2025-cra-monotone-hulls-integralized/loops-crafted-1/nested3-1_abstractedc5cd7f.i---hull-3_integralized.yml	TIMEOUT	30.858418	30.869347661995562	258.801664	done	0.029102	0.03140972400433384	31.506432	done	0.028108	0.030889273002685513	31.735808	done	0.083933	0.06478140199760674	35.377152
svcomp2025-cra-monotone-hulls-integralized/loops-crafted-1/nested3-1_abstractedc5cd7f.i---hull-4_integralized.yml	TIMEOUT	30.882054	30.891648819000693	446.414848	done	0.03224	0.034698820003541186	31.772672	done	0.029262	0.0316749829944456	31.502336	done	0.087676	0.06907785200019134	35.328000
svcomp2025-cra-monotone-hulls-integralized/loops-crafted-1/nested3-1_abstractedc5cd7f.i---hull-5_integralized.yml	TIMEOUT	30.871839	30.88149139199959	440.578048	done	0.029453	0.03200733399717137	31.764480	done	0.029092	0.03155898499971954	31.498240	done	0.081085	0.06273206399782794	36.237312
svcomp2025-cra-monotone-hulls-integralized/loops-crafted-1/nested3-1_abstractedc5cd7f.i---hull-8_integralized.yml	TIMEOUT	30.876151	30.885447885004396	525.275136	done	0.034802	0.037407357012853026	31.617024	done	0.029657	0.032246815993858036	31.539200	done	0.052942	0.04753569700551452	36.114432
svcomp2025-cra-monotone-hulls-integralized/loops-crafted-1/nested3-1_abstractedc5cd7f.i---hull-9_integralized.yml	TIMEOUT	30.870378	30.88146072300151	526.082048	done	0.031041	0.03343255401705392	31.617024	done	0.029188	0.03192768200096907	31.805440	done	0.051586	0.045104296994395554	35.958784
svcomp2025-cra-monotone-hulls-integralized/loops-crafted-1/nested3-2216ff9.i---hull-2_integralized.yml	TIMEOUT	30.869323	30.882461072003935	418.148352	done	0.0274	0.03013166500022635	31.207424	done	0.027672	0.030165756994392723	31.207424	done	0.028526	0.030993273998319637	31.285248
svcomp2025-cra-monotone-hulls-integralized/loops-crafted-1/nested3-2216ff9.i---hull-3_integralized.yml	TIMEOUT	30.882142	30.89283515500574	421.683200	done	0.027477	0.03031904698582366	31.215616	done	0.028008	0.02980566800397355	31.207424	done	0.027694	0.030237942999519873	31.260672
svcomp2025-cra-monotone-hulls-integralized/loops-crafted-1/nested3-2216ff9.i---hull-4_integralized.yml	TIMEOUT	30.874407	30.8834324299969	424.169472	done	0.028219	0.030918764998205006	31.219712	done	0.032643	0.03523023299931083	31.387648	done	0.030528	0.03287050599465147	31.539200
svcomp2025-cra-monotone-hulls-integralized/loops-crafted-1/nested3-2216ff9.i---hull-5_integralized.yml	TIMEOUT	30.866092	30.878067142999498	419.975168	done	0.033525	0.03776362899225205	31.211520	done	0.029702	0.03208890200039605	31.305728	done	0.027653	0.02975462900212733	31.272960
svcomp2025-cra-monotone-hulls-integralized/loops-crafted-1/nested5-13f6f6a.i---hull-26_integralized.yml	TIMEOUT	30.869536	30.878495017001114	484.376576	done	0.035122	0.03708331100642681	31.682560	done	0.030421	0.03244006200111471	31.649792	done	0.033907	0.03617701099574333	32.165888
svcomp2025-cra-monotone-hulls-integralized/loops-crafted-1/nested5-13f6f6a.i---hull-27_integralized.yml	TIMEOUT	30.870555	30.880603760000668	484.667392	done	0.03113	0.03336734700133093	31.666176	done	0.028945	0.031677221006248146	31.645696	done	0.02968	0.03200861300138058	32.514048
svcomp2025-cra-monotone-hulls-integralized/loops-crafted-1/nested5-13f6f6a.i---hull-28_integralized.yml	TIMEOUT	30.870576	30.88237469199521	558.682112	done	0.029447	0.03189868901972659	31.666176	done	0.03021	0.033012195002811495	31.752192	done	0.029303	0.03157209399796557	32.268288
svcomp2025-cra-monotone-hulls-integralized/loops-crafted-1/nested5-13f6f6a.i---hull-29_integralized.yml	TIMEOUT	30.868925	30.88018994199956	489.684992	done	0.029297	0.031505079998169094	31.784960	done	0.028291	0.030317014003230724	31.649792	done	0.030514	0.032479155001055915	32.280576
svcomp2025-cra-monotone-hulls-integralized/loops-crafted-1/nested5-230ece3.i---hull-2_integralized.yml	TIMEOUT	30.869332	30.883986257002107	420.839424	done	0.027565	0.029995304998010397	31.215616	done	0.026447	0.02883276200009277	31.248384	done	0.027034	0.02978251600143267	31.526912
svcomp2025-cra-monotone-hulls-integralized/loops-crafted-1/nested5-230ece3.i---hull-3_integralized.yml	TIMEOUT	30.873484	30.88524807599606	422.580224	done	0.029917	0.03235124200000428	31.588352	done	0.029965	0.032638763994327746	31.408128	done	0.028868	0.0321551239976543	31.379456
svcomp2025-cra-monotone-hulls-integralized/loops-crafted-1/nested5-230ece3.i---hull-4_integralized.yml	TIMEOUT	30.870907	30.882680857001105	423.116800	done	0.027747	0.030202844995073974	31.211520	done	0.02739	0.02952535900112707	31.215616	done	0.026495	0.02880559799814364	31.379456
svcomp2025-cra-monotone-hulls-integralized/loops-crafted-1/nested5-230ece3.i---hull-5_integralized.yml	TIMEOUT	30.870094	30.881831578000856	419.713024	done	0.029668	0.032551980984862894	31.240192	done	0.029966	0.032960215998173226	31.199232	done	0.027581	0.030557605998183135	31.719424
svcomp2025-cra-monotone-hulls-integralized/loops-crafted-1/nested_delay_nd25f37e.i---hull-10_integralized.yml	TIMEOUT	30.85963	30.870981104002567	294.604800	done	0.060736	0.06292952402145602	33.030144	done	0.045446	0.048626371994032525	32.759808	done	0.063982	0.06692723900050623	36.413440
svcomp2025-cra-monotone-hulls-integralized/loops-crafted-1/nested_delay_nd25f37e.i---hull-11_integralized.yml	TIMEOUT	30.860856	30.86966937899706	295.510016	done	0.060883	0.0629156659997534	33.263616	done	0.050045	0.05277319299784722	33.181696	done	0.067484	0.0705143439990934	36.241408
svcomp2025-cra-monotone-hulls-integralized/loops-crafted-1/nested_delay_nd25f37e.i---hull-4_integralized.yml	TIMEOUT	30.854521	30.863615752998157	166.846464	done	0.029302	0.03155468899058178	31.764480	done	0.035339	0.03794434999872465	31.473664	done	0.031551	0.034265943002537824	32.231424
svcomp2025-cra-monotone-hulls-integralized/loops-crafted-1/nested_delay_nd25f37e.i---hull-5_integralized.yml	TIMEOUT	30.852631	30.862950328999432	165.367808	done	0.029927	0.03253838501404971	31.756288	done	0.028246	0.03053497299697483	31.457280	done	0.030345	0.033002627998939715	31.973376
svcomp2025-cra-monotone-hulls-integralized/loops-crafted-1/nested_delay_nd25f37e.i---hull-6_integralized.yml	TIMEOUT	30.859382	30.8693216640022	291.405824	done	0.041912	0.044427243003156036	32.616448	done	0.036943	0.0387670039999648	32.198656	done	0.047671	0.05083456000284059	34.779136
svcomp2025-cra-monotone-hulls-integralized/loops-crafted-1/nested_delay_nd25f37e.i---hull-7_integralized.yml	TIMEOUT	30.858998	30.86925818600139	294.916096	done	0.069428	0.07189895701594651	32.559104	done	0.042393	0.04429690800316166	32.215040	done	0.045379	0.04758116300217807	34.947072
svcomp2025-cra-monotone-hulls-integralized/loops-crafted-1/nested_delay_nd25f37e.i---hull-8_integralized.yml	TIMEOUT	30.859972	30.871241021995957	293.822464	done	0.048672	0.05169687498710118	32.587776	done	0.043572	0.04572997499781195	32.337920	done	0.084368	0.08953047200338915	35.135488
svcomp2025-cra-monotone-hulls-integralized/loops-crafted-1/nested_delay_nd25f37e.i---hull-9_integralized.yml	TIMEOUT	30.858618	30.870315209002	282.632192	done	0.045509	0.048513130022911355	32.583680	done	0.039622	0.04197409300104482	32.751616	done	0.053116	0.05640703099925304	35.151872
svcomp2025-cra-monotone-hulls-integralized/loops-crafted-1/sum_natnum3b0db6.i---hull-0_integralized.yml	TIMEOUT	30.871606	30.883718458993826	441.839616	done	0.029086	0.03180988400708884	31.338496	done	0.066046	0.06990142499853391	31.248384	done	0.028987	0.031166251996182837	31.518720
svcomp2025-cra-monotone-hulls-integralized/loops-crafted-1/sum_natnum3b0db6.i---hull-1_integralized.yml	TIMEOUT	30.868025	30.880112097001984	445.644800	done	0.028022	0.030217727995477617	31.526912	done	0.033733	0.03579446399817243	31.469568	done	0.029805	0.03216598300059559	31.379456
svcomp2025-cra-monotone-hulls-integralized/loops-crafted-1/sum_natnum3b0db6.i---hull-2_integralized.yml	TIMEOUT	30.871231	30.883784246994765	450.904064	done	0.030081	0.033011216000886634	31.293440	done	0.032552	0.03496188999997685	31.383552	done	0.027135	0.02953944299952127	31.698944
svcomp2025-cra-monotone-hulls-integralized/loops-crafted-1/sum_natnum3b0db6.i---hull-3_integralized.yml	TIMEOUT	30.873696	30.88389312900108	455.057408	done	0.027284	0.030332587019074708	31.289344	done	0.035056	0.03755854799965164	31.481856	done	0.030834	0.033836540998890996	31.674368
svcomp2025-cra-monotone-hulls-integralized/loops-crafted-1/sum_natnum3b0db6.i---hull-4_integralized.yml	TIMEOUT	30.873404	30.88292820499919	452.026368	done	0.034239	0.036958620010409504	31.510528	done	0.031259	0.03379920699808281	31.260672	done	0.027636	0.0303190109989373	31.494144
svcomp2025-cra-monotone-hulls-integralized/loops-crafted-1/sum_natnum3b0db6.i---hull-5_integralized.yml	TIMEOUT	30.874447	30.883764373000304	445.890560	done	0.03194	0.03484566102270037	31.281152	done	0.032319	0.03453632599848788	31.379456	done	0.027562	0.02994502599904081	31.559680
svcomp2025-cra-monotone-hulls-integralized/loops-crafted-1/sumt55e776d.i---hull-0_integralized.yml	done	0.05481	0.05720810499769868	33.427456	done	0.057221	0.05984372500097379	33.320960	done	0.046167	0.04880813899944769	32.948224	TIMEOUT	31.177386	23.990505165995273	854.274048
svcomp2025-cra-monotone-hulls-integralized/loops-crafted-1/sumt55e776d.i---hull-1_integralized.yml	done	0.052178	0.05531086400151253	33.095680	done	0.076377	0.08123293099924922	33.202176	done	0.046956	0.049553337004908826	33.193984	TIMEOUT	31.10096	24.036791575999814	866.127872
svcomp2025-cra-monotone-hulls-integralized/loops-crafted-1/sumt55e776d.i---hull-4_integralized.yml	done	0.38973	0.39275927699782187	40.693760	done	0.543262	0.5460063759819604	40.751104	done	0.183904	0.1867303940016427	37.470208	TIMEOUT	30.925158	24.029629000004206	921.890816
svcomp2025-cra-monotone-hulls-integralized/loops-crafted-1/sumt55e776d.i---hull-5_integralized.yml	done	0.402078	0.40489300199988065	40.431616	done	0.543177	0.5464338279853109	40.923136	done	0.185846	0.18876690099568805	37.486592	TIMEOUT	30.991008	24.006936598998436	922.058752
svcomp2025-cra-monotone-hulls-integralized/loops-crafted-1/sumt6c55211.i---hull-0_integralized.yml	done	0.063812	0.06717214899981627	33.857536	done	0.0723	0.07498206899617799	34.349056	done	0.053864	0.055701721998048015	33.574912	TIMEOUT	31.138099	24.071435041994846	1036.398592
svcomp2025-cra-monotone-hulls-integralized/loops-crafted-1/sumt6c55211.i---hull-1_integralized.yml	done	0.062608	0.06503644099575467	33.845248	done	0.07686	0.08004844799870625	34.488320	done	0.059823	0.06221822500083363	33.570816	TIMEOUT	31.304513	24.094050156993035	954.527744
svcomp2025-cra-monotone-hulls-integralized/loops-crafted-1/sumt6c55211.i---hull-2_integralized.yml	done	5.384755	5.387968828996236	44.662784	done	0.626903	0.6297895729949232	39.690240	done	0.107439	0.11003188100585248	35.684352	TIMEOUT	30.280202	22.975911963003455	940.273664
svcomp2025-cra-monotone-hulls-integralized/loops-crafted-1/sumt6c55211.i---hull-3_integralized.yml	done	5.602426	5.607066292002855	44.838912	done	0.629878	0.6330116809986066	40.013824	done	0.105997	0.1083648700005142	35.831808	TIMEOUT	30.282989	22.946176721001393	939.380736
svcomp2025-cra-monotone-hulls-integralized/loops-crafted-1/sumt6c55211.i---hull-4_integralized.yml	done	1.034629	1.0376733709999826	41.021440	done	1.218042	1.2212612470029853	41.873408	done	2.092374	2.095269094003015	44.032000	TIMEOUT	31.247921	25.795872438000515	872.292352
svcomp2025-cra-monotone-hulls-integralized/loops-crafted-1/sumt6c55211.i---hull-5_integralized.yml	done	1.019382	1.0222555930013186	41.218048	done	1.221576	1.2245416899968404	41.865216	done	1.976899	1.9803363800019724	43.773952	TIMEOUT	31.215096	25.781418261001818	872.136704
svcomp2025-cra-monotone-hulls-integralized/loops-crafted-1/sumt7c1e2d8.i---hull-0_integralized.yml	done	0.08423	0.08740553600364365	35.139584	done	0.104308	0.10709234798559919	36.147200	done	0.079288	0.0822451310014003	34.762752	TIMEOUT	30.934581	30.86186022000038	1022.185472
svcomp2025-cra-monotone-hulls-integralized/loops-crafted-1/sumt7c1e2d8.i---hull-1_integralized.yml	done	0.084213	0.08610983099788427	35.164160	done	0.106815	0.11000905101536773	36.032512	done	0.069321	0.07156136100093136	34.877440	TIMEOUT	30.940863	30.864012826998078	1021.743104
svcomp2025-cra-monotone-hulls-integralized/loops-crafted-1/sumt7c1e2d8.i---hull-2_integralized.yml	done	0.164123	0.1670618790012668	39.358464	done	0.219101	0.22195527001167648	39.759872	done	0.141072	0.14313597800355637	38.739968	TIMEOUT	30.954075	30.866940772000817	1220.456448
svcomp2025-cra-monotone-hulls-integralized/loops-crafted-1/sumt7c1e2d8.i---hull-3_integralized.yml	done	0.166071	0.1691920299999765	39.424000	done	0.219504	0.22248932399088517	40.001536	done	0.147852	0.1505637320005917	38.838272	TIMEOUT	30.946184	30.86120743900392	1220.665344
svcomp2025-cra-monotone-hulls-integralized/loops-crafted-1/sumt8450278.i---hull-0_integralized.yml	done	0.114691	0.118269626997062	36.343808	done	0.144087	0.14672083102050237	37.359616	done	0.105108	0.10775298800581368	36.372480	TIMEOUT	37.328734	28.90913612499571	6468.575232
svcomp2025-cra-monotone-hulls-integralized/loops-crafted-1/sumt8450278.i---hull-1_integralized.yml	done	0.121785	0.12475371499749599	36.335616	done	0.163707	0.16651553800329566	37.003264	done	0.104011	0.10696572299639229	36.151296	TIMEOUT	34.99014	28.94764406899776	6467.485696
svcomp2025-cra-monotone-hulls-integralized/loops-crafted-1/sumt8450278.i---hull-2_integralized.yml	done	0.240911	0.24391479000041727	40.636416	done	0.292015	0.29514888700214215	40.742912	done	0.198707	0.20162214899755782	40.173568	TIMEOUT	31.100044	30.993087681999896	5886.853120
svcomp2025-cra-monotone-hulls-integralized/loops-crafted-1/sumt8450278.i---hull-3_integralized.yml	done	0.243587	0.24622466899745632	40.673280	done	0.29962	0.3025226030149497	40.755200	done	0.195444	0.19787356499728048	40.103936	TIMEOUT	31.111581	31.005936333996942	5888.282624
svcomp2025-cra-monotone-hulls-integralized/loops-crafted-1/sumt9f7aa0a.i---hull-0_integralized.yml	done	0.300006	0.303024380998977	37.888000	done	0.177003	0.18032850199961103	38.203392	done	0.140808	0.14360944899817696	36.720640	TIMEOUT	31.078608	31.09049881000101	8708.423680
svcomp2025-cra-monotone-hulls-integralized/loops-crafted-1/sumt9f7aa0a.i---hull-1_integralized.yml	done	0.137397	0.13997890800237656	37.462016	done	0.179708	0.18160385900409892	37.871616	done	0.136052	0.13879354500386398	36.741120	TIMEOUT	31.062698	31.0748763790034	8708.341760
svcomp2025-cra-monotone-hulls-integralized/loops-crafted-1/sumt9f7aa0a.i---hull-2_integralized.yml	done	0.107049	0.10983135599963134	36.466688	done	0.140569	0.14306758000748232	37.134336	done	0.086017	0.08861344700562768	36.298752	TIMEOUT	31.042913	31.055197786001372	7710.949376
svcomp2025-cra-monotone-hulls-integralized/loops-crafted-1/sumt9f7aa0a.i---hull-3_integralized.yml	done	0.114735	0.11756980000063777	36.712448	done	0.133126	0.13607839899486862	37.015552	done	0.081932	0.0848216250014957	36.032512	TIMEOUT	31.05134	31.063051539997105	7858.331648
svcomp2025-cra-monotone-hulls-integralized/loop-simple/deep-nestede762b5.i---hull-10_integralized.yml	TIMEOUT	30.870433	30.887942321998707	529.522688	done	0.035486	0.038471328996820375	31.567872	done	0.028169	0.030506563001836184	31.637504	done	0.037173	0.03932667900517117	32.153600
svcomp2025-cra-monotone-hulls-integralized/loop-simple/deep-nestede762b5.i---hull-11_integralized.yml	TIMEOUT	30.87414	30.88604847499664	530.112512	done	0.030489	0.03297608200227842	31.776768	done	0.030956	0.03317817000061041	31.522816	done	0.031211	0.034059826997690834	32.190464
svcomp2025-cra-monotone-hulls-integralized/loop-simple/deep-nestede762b5.i---hull-14_integralized.yml	TIMEOUT	30.869006	30.882280559999344	525.733888	done	0.033814	0.03637795598478988	31.576064	done	0.064302	0.06702099399990402	31.510528	done	0.030556	0.033097261999500915	31.985664
svcomp2025-cra-monotone-hulls-integralized/loop-simple/deep-nestede762b5.i---hull-15_integralized.yml	TIMEOUT	30.869008	30.88155632300186	525.717504	done	0.029746	0.032243160996586084	31.633408	done	0.031923	0.03444185799889965	31.518720	done	0.031253	0.03456058300071163	32.260096
svcomp2025-cra-monotone-hulls-integralized/loop-simple/deep-nestede762b5.i---hull-16_integralized.yml	TIMEOUT	30.870643	30.881154094997328	540.303360	done	0.035669	0.03793525998480618	31.830016	done	0.028652	0.031111716998566408	31.797248	done	0.02849	0.03119147600227734	31.993856
svcomp2025-cra-monotone-hulls-integralized/loop-simple/deep-nestede762b5.i---hull-17_integralized.yml	TIMEOUT	30.88003	30.892312940006377	540.082176	done	0.030915	0.033584243996301666	31.571968	done	0.029412	0.03155769700242672	31.535104	done	0.030433	0.03348565199848963	32.256000
svcomp2025-cra-monotone-hulls-integralized/loop-simple/deep-nestede762b5.i---hull-20_integralized.yml	TIMEOUT	30.860326	30.869786325994937	295.182336	done	0.030328	0.033175914984894916	31.555584	done	0.033633	0.03618581499904394	31.592448	done	0.031699	0.034121037999284454	32.047104
svcomp2025-cra-monotone-hulls-integralized/loop-simple/deep-nestede762b5.i---hull-21_integralized.yml	TIMEOUT	30.862724	30.876355153995974	295.272448	done	0.031713	0.03350796300219372	31.653888	done	0.029108	0.03224803899502149	31.776768	done	0.029505	0.0317394149969914	32.153600
svcomp2025-cra-monotone-hulls-integralized/loop-simple/deep-nestede762b5.i---hull-22_integralized.yml	TIMEOUT	30.879005	30.888909665998654	553.029632	done	0.03053	0.03347030398435891	31.678464	done	0.03103	0.03383538199705072	31.657984	done	0.031991	0.03412893699714914	32.186368
svcomp2025-cra-monotone-hulls-integralized/loop-simple/deep-nestede762b5.i---hull-23_integralized.yml	TIMEOUT	30.87756	30.8891905950004	553.263104	done	0.029783	0.03268120900611393	31.571968	done	0.029971	0.03294166900013806	31.539200	done	0.035024	0.037432414006616455	32.083968
svcomp2025-cra-monotone-hulls-integralized/loop-simple/deep-nestede762b5.i---hull-26_integralized.yml	TIMEOUT	30.869499	30.88129233899963	556.191744	done	0.031274	0.034743266995064914	31.596544	done	0.036847	0.03908514099748572	31.666176	done	0.03072	0.033163883999804966	32.108544
svcomp2025-cra-monotone-hulls-integralized/loop-simple/deep-nestede762b5.i---hull-27_integralized.yml	TIMEOUT	30.872012	30.88167822900141	556.081152	done	0.028807	0.03189035499235615	31.719424	done	0.030141	0.033945287999813445	31.531008	done	0.031427	0.03337999300129013	32.362496
svcomp2025-cra-monotone-hulls-integralized/loop-simple/deep-nestede762b5.i---hull-28_integralized.yml	TIMEOUT	30.879574	30.88743218500167	535.846912	done	0.029929	0.03255366301164031	31.633408	done	0.02876	0.030846909001411404	31.571968	done	0.047988	0.0535284759971546	32.149504
svcomp2025-cra-monotone-hulls-integralized/loop-simple/deep-nestede762b5.i---hull-29_integralized.yml	TIMEOUT	30.871824	30.879543641000055	536.305664	done	0.030681	0.033706696005538106	31.625216	done	0.029257	0.031799408003280405	31.571968	done	0.03065	0.03335685999627458	32.403456
svcomp2025-cra-monotone-hulls-integralized/loop-simple/deep-nestede762b5.i---hull-2_integralized.yml	TIMEOUT	30.862547	30.87048100300308	192.544768	done	0.038431	0.04091944999527186	32.329728	done	0.036046	0.03865943100390723	32.268288	done	0.04663	0.04922813499433687	33.443840
svcomp2025-cra-monotone-hulls-integralized/loop-simple/deep-nestede762b5.i---hull-3_integralized.yml	TIMEOUT	30.855992	30.863723060996563	192.000000	done	0.039337	0.04186459397897124	32.014336	done	0.037658	0.04033239999989746	31.965184	done	0.0416	0.04414221600018209	32.980992
svcomp2025-cra-monotone-hulls-integralized/loop-simple/deep-nestede762b5.i---hull-4_integralized.yml	TIMEOUT	30.85915	30.867888471002516	239.017984	done	0.079809	0.08282264400622807	31.895552	done	0.034534	0.0369143330026418	31.875072	done	0.036011	0.03913416000432335	33.021952
svcomp2025-cra-monotone-hulls-integralized/loop-simple/deep-nestede762b5.i---hull-5_integralized.yml	TIMEOUT	30.859953	30.867618531003245	240.640000	done	0.034763	0.03718373097945005	32.153600	done	0.033684	0.03631382399908034	31.985664	done	0.036683	0.039004866004688665	33.013760
svcomp2025-cra-monotone-hulls-integralized/loop-simple/deep-nestede762b5.i---hull-8_integralized.yml	TIMEOUT	30.872585	30.88159724399884	591.294464	done	0.03539	0.0376898410031572	31.592448	done	0.028879	0.031006224002339877	31.965184	done	0.030244	0.032352137997804675	31.928320
svcomp2025-cra-monotone-hulls-integralized/loop-simple/deep-nestede762b5.i---hull-9_integralized.yml	TIMEOUT	30.87073	30.879829429999518	518.881280	done	0.030356	0.03319888198166154	31.834112	done	0.028592	0.03040801500173984	31.510528	done	0.030119	0.032724675998906605	31.932416
svcomp2025-cra-monotone-hulls-integralized/nla-digbench-scaling/bresenham-ll_unwindbound1002d312f.i---hull-0_integralized.yml	done	0.029795	0.032098119001602754	31.694848	done	0.031936	0.03484472999116406	31.744000	done	0.030042	0.0327683400028036	31.690752	TIMEOUT	30.678645	21.03524049900443	995.184640
svcomp2025-cra-monotone-hulls-integralized/nla-digbench-scaling/bresenham-ll_unwindbound1002d312f.i---hull-1_integralized.yml	done	0.031221	0.0342222600011155	31.682560	done	0.037487	0.03979451101622544	31.748096	done	0.041177	0.04491811100160703	31.981568	TIMEOUT	30.809494	20.965859260999423	978.272256
svcomp2025-cra-monotone-hulls-integralized/nla-digbench-scaling/bresenham-ll_unwindbound1002d312f.i---hull-2_integralized.yml	done	0.278657	0.2813594249964808	39.677952	done	0.060544	0.06305373899522237	32.940032	done	0.053518	0.056302085002243984	32.419840	TIMEOUT	31.268683	20.813121217004664	905.162752
svcomp2025-cra-monotone-hulls-integralized/nla-digbench-scaling/bresenham-ll_unwindbound1002d312f.i---hull-3_integralized.yml	done	0.288162	0.29157172499981243	39.862272	done	0.058507	0.06079352498636581	32.747520	done	0.047877	0.05089416300324956	32.387072	TIMEOUT	31.207993	20.838937986001838	894.013440
svcomp2025-cra-monotone-hulls-integralized/nla-digbench-scaling/bresenham-ll_unwindbound1002d312f.i---hull-4_integralized.yml	TIMEOUT	30.850156	30.85842803199921	58.957824	done	0.515647	0.5186270230042282	40.730624	done	0.651554	0.6541937009969843	34.177024	TIMEOUT	30.139312	21.281237584997143	1078.878208
svcomp2025-cra-monotone-hulls-integralized/nla-digbench-scaling/bresenham-ll_unwindbound1002d312f.i---hull-5_integralized.yml	TIMEOUT	30.853405	30.858478244001162	58.863616	done	0.492884	0.49562334301299416	40.755200	done	0.641219	0.6436113909949199	34.201600	TIMEOUT	30.227596	21.25205920800363	1079.394304
svcomp2025-cra-monotone-hulls-integralized/nla-digbench-scaling/bresenham-ll_unwindbound50164661.i---hull-2_integralized.yml	done	0.171213	0.17420919799769763	36.028416	done	0.068563	0.07156937499530613	33.292288	done	0.056264	0.05888680699717952	32.534528	TIMEOUT	30.059633	19.598421907998272	713.179136
svcomp2025-cra-monotone-hulls-integralized/nla-digbench-scaling/bresenham-ll_unwindbound50164661.i---hull-3_integralized.yml	done	0.170117	0.1736024769998039	36.036608	done	0.065061	0.06775759000447579	32.862208	done	0.060509	0.06295800699444953	32.600064	TIMEOUT	30.107033	19.584200679004425	710.922240
svcomp2025-cra-monotone-hulls-integralized/nla-digbench-scaling/bresenham-ll_unwindbound50164661.i---hull-4_integralized.yml	TIMEOUT	30.853472	30.85970967799949	60.100608	done	0.098364	0.10149715800071135	33.677312	done	0.080542	0.08330400600243593	33.247232	done	22.378038	15.16596004999883	662.175744
svcomp2025-cra-monotone-hulls-integralized/nla-digbench-scaling/bresenham-ll_unwindbound50164661.i---hull-5_integralized.yml	TIMEOUT	30.85004	30.857531313995423	59.904000	done	0.097664	0.10036832999321632	33.951744	done	0.085595	0.08793283800332574	33.222656	done	22.647687	15.363357487003668	662.806528
svcomp2025-cra-monotone-hulls-integralized/nla-digbench-scaling/dijkstra-u_unwindbound100e4c5c3.i---hull-0_integralized.yml	done	0.104655	0.10737288900418207	35.082240	done	0.097227	0.09973314599483274	34.430976	done	0.062559	0.06512808599654818	33.538048	TIMEOUT	30.315491	19.5061628570038	567.398400
svcomp2025-cra-monotone-hulls-integralized/nla-digbench-scaling/dijkstra-u_unwindbound100e4c5c3.i---hull-1_integralized.yml	done	0.110466	0.11346177200175589	35.074048	done	0.101032	0.10351718199672177	34.324480	done	0.06088	0.06396164799662074	33.546240	TIMEOUT	30.427405	19.523226921999594	506.716160
svcomp2025-cra-monotone-hulls-integralized/nla-digbench-scaling/dijkstra-u_unwindbound100e4c5c3.i---hull-2_integralized.yml	done	2.303169	2.3063484970043646	59.273216	done	0.103014	0.10594140397734009	34.840576	done	0.058056	0.06081197899766266	33.513472	TIMEOUT	31.125811	19.499193597999692	507.645952
svcomp2025-cra-monotone-hulls-integralized/nla-digbench-scaling/dijkstra-u_unwindbound100e4c5c3.i---hull-3_integralized.yml	done	2.319118	2.3218104890038376	59.437056	done	0.103107	0.10591554502025247	34.758656	done	0.059009	0.062358486000448465	33.431552	TIMEOUT	31.11168	19.524800547005725	507.641856
svcomp2025-cra-monotone-hulls-integralized/nla-digbench-scaling/dijkstra-u_unwindbound100e4c5c3.i---hull-4_integralized.yml	done	0.833683	0.836862657997699	44.134400	done	0.095374	0.0979675589769613	34.447360	done	0.061834	0.0651628810010152	34.017280	TIMEOUT	31.281934	20.805429699998058	661.032960
svcomp2025-cra-monotone-hulls-integralized/nla-digbench-scaling/dijkstra-u_unwindbound100e4c5c3.i---hull-5_integralized.yml	done	0.812287	0.8150283599970862	44.494848	done	0.090983	0.09372339502442628	34.291712	done	0.063828	0.06667518999893218	33.800192	TIMEOUT	31.228338	20.840659980000055	655.261696
svcomp2025-cra-monotone-hulls-integralized/nla-digbench-scaling/dijkstra-u_unwindbound10bb20f6.i---hull-0_integralized.yml	done	0.111974	0.1151879690005444	35.201024	done	0.0853	0.0874621809925884	34.177024	done	0.061539	0.06407736900291638	33.550336	TIMEOUT	30.368636	19.554149935996975	508.923904
svcomp2025-cra-monotone-hulls-integralized/nla-digbench-scaling/dijkstra-u_unwindbound10bb20f6.i---hull-1_integralized.yml	done	0.108412	0.11170481900626328	35.246080	done	0.08601	0.0887667000060901	34.443264	done	0.060477	0.0634907679996104	33.562624	TIMEOUT	30.470216	19.5080457580043	513.523712
svcomp2025-cra-monotone-hulls-integralized/nla-digbench-scaling/dijkstra-u_unwindbound10bb20f6.i---hull-2_integralized.yml	done	0.151163	0.15399255699594505	35.979264	done	0.104851	0.10786245300550945	34.746368	done	0.063802	0.06688221800141037	33.431552	TIMEOUT	31.12696	19.530760467998334	511.135744
svcomp2025-cra-monotone-hulls-integralized/nla-digbench-scaling/dijkstra-u_unwindbound10bb20f6.i---hull-3_integralized.yml	done	0.151727	0.15448601199750556	35.921920	done	0.100955	0.10358266701223329	35.008512	done	0.059599	0.062149086996214464	33.685504	TIMEOUT	31.164122	19.477554276003502	511.254528
svcomp2025-cra-monotone-hulls-integralized/nla-digbench-scaling/dijkstra-u_unwindbound10bb20f6.i---hull-4_integralized.yml	done	0.398562	0.4018361019989243	40.050688	done	0.086584	0.08941659299307503	34.398208	done	0.068076	0.07091360100457678	33.763328	TIMEOUT	31.225438	20.850563897998654	653.017088
svcomp2025-cra-monotone-hulls-integralized/nla-digbench-scaling/dijkstra-u_unwindbound10bb20f6.i---hull-5_integralized.yml	done	0.431191	0.4346423619936104	40.308736	done	0.086731	0.09057594800833613	34.455552	done	0.063827	0.06681122499867342	33.751040	TIMEOUT	31.280977	20.832918974003405	652.763136
svcomp2025-cra-monotone-hulls-integralized/nla-digbench-scaling/dijkstra-u_unwindbound20bb8766.i---hull-0_integralized.yml	done	0.107385	0.10944816499977605	35.266560	done	0.088182	0.09087393298977986	34.185216	done	0.061379	0.06359958999382798	33.550336	TIMEOUT	30.343435	19.48929576199589	570.585088
svcomp2025-cra-monotone-hulls-integralized/nla-digbench-scaling/dijkstra-u_unwindbound20bb8766.i---hull-1_integralized.yml	done	0.110459	0.11305904999608174	35.098624	done	0.091266	0.09391543100355193	34.185216	done	0.05823	0.06077682800241746	33.644544	TIMEOUT	30.311573	19.536853344994597	537.739264
svcomp2025-cra-monotone-hulls-integralized/nla-digbench-scaling/dijkstra-u_unwindbound20bb8766.i---hull-2_integralized.yml	done	0.426041	0.4292617130049621	39.370752	done	0.10309	0.10586030600825325	34.758656	done	0.058159	0.06152808600018034	33.431552	TIMEOUT	31.232185	19.502265222996357	506.630144
svcomp2025-cra-monotone-hulls-integralized/nla-digbench-scaling/dijkstra-u_unwindbound20bb8766.i---hull-3_integralized.yml	done	0.394245	0.3971770930002094	39.350272	done	0.105544	0.108278819010593	34.926592	done	0.063327	0.06575915599387372	33.431552	TIMEOUT	31.127389	19.506266639000387	513.093632
svcomp2025-cra-monotone-hulls-integralized/nla-digbench-scaling/dijkstra-u_unwindbound20bb8766.i---hull-4_integralized.yml	done	0.43349	0.43683201399835525	40.747008	done	0.09544	0.0978498249896802	34.435072	done	0.088059	0.09082405400113203	33.755136	TIMEOUT	31.325099	20.822408475003613	656.306176
svcomp2025-cra-monotone-hulls-integralized/nla-digbench-scaling/dijkstra-u_unwindbound20bb8766.i---hull-5_integralized.yml	done	0.455107	0.45827544599887915	40.579072	done	0.095323	0.0984188010042999	34.775040	done	0.063051	0.06535478700243402	33.751040	TIMEOUT	31.265368	20.821557386996574	660.811776
svcomp2025-cra-monotone-hulls-integralized/nla-digbench-scaling/dijkstra-u_unwindbound2fe0114.i---hull-2_integralized.yml	done	0.06463	0.06798306600103388	33.648640	done	0.078515	0.08098882497870363	34.095104	done	0.048418	0.05089811500511132	33.058816	TIMEOUT	30.462123	18.78764005999983	470.433792
svcomp2025-cra-monotone-hulls-integralized/nla-digbench-scaling/dijkstra-u_unwindbound50142a22.i---hull-0_integralized.yml	done	0.10847	0.11108748400147306	35.160064	done	0.09004	0.09234411100624129	34.631680	done	0.061044	0.06372292400192237	33.873920	TIMEOUT	30.432523	19.519632510004158	508.567552
svcomp2025-cra-monotone-hulls-integralized/nla-digbench-scaling/dijkstra-u_unwindbound50142a22.i---hull-1_integralized.yml	done	0.110056	0.11278735700034304	35.065856	done	0.090595	0.09296624100534245	34.172928	done	0.062737	0.06577897299575852	33.595392	TIMEOUT	30.335202	19.513216011000623	546.328576
svcomp2025-cra-monotone-hulls-integralized/nla-digbench-scaling/dijkstra-u_unwindbound50142a22.i---hull-2_integralized.yml	done	0.644053	0.6469964889984112	41.893888	done	0.099059	0.10175290700863115	35.016704	done	0.058881	0.06198543600476114	33.583104	TIMEOUT	31.023008	19.53294512499997	509.018112
svcomp2025-cra-monotone-hulls-integralized/nla-digbench-scaling/dijkstra-u_unwindbound50142a22.i---hull-3_integralized.yml	done	0.626582	0.6289969079953153	42.004480	done	0.105055	0.10781568501261063	34.877440	done	0.058535	0.06077721800102154	33.476608	TIMEOUT	31.205113	19.506203082004504	510.857216
svcomp2025-cra-monotone-hulls-integralized/nla-digbench-scaling/dijkstra-u_unwindbound50142a22.i---hull-4_integralized.yml	done	0.771914	0.7742589359986596	44.867584	done	0.09211	0.09483178597292863	34.426880	done	0.072425	0.07557468800223432	33.906688	TIMEOUT	31.246926	20.83797506800329	657.739776
svcomp2025-cra-monotone-hulls-integralized/nla-digbench-scaling/dijkstra-u_unwindbound50142a22.i---hull-5_integralized.yml	done	0.803452	0.8071149039969896	44.920832	done	0.092873	0.09565854698303156	34.398208	done	0.068001	0.07083879299898399	34.361344	TIMEOUT	31.275405	20.833609945999342	650.645504
svcomp2025-cra-monotone-hulls-integralized/nla-digbench-scaling/dijkstra-u_unwindbound5acc0f6.i---hull-0_integralized.yml	done	0.112185	0.11482003600394819	35.069952	done	0.104713	0.10762770398287103	34.742272	done	0.060937	0.06363215100282105	33.521664	TIMEOUT	30.367736	19.521445180995215	536.698880
svcomp2025-cra-monotone-hulls-integralized/nla-digbench-scaling/dijkstra-u_unwindbound5acc0f6.i---hull-1_integralized.yml	done	0.108039	0.11055363700143062	35.241984	done	0.103893	0.10690632302430458	34.631680	done	0.060881	0.06374954999773763	33.521664	TIMEOUT	30.330051	19.51799454200227	562.364416
svcomp2025-cra-monotone-hulls-integralized/nla-digbench-scaling/dijkstra-u_unwindbound5acc0f6.i---hull-2_integralized.yml	done	0.113908	0.11652447099913843	35.495936	done	0.104315	0.10769875600817613	34.766848	done	0.0559	0.05818252499739174	33.419264	TIMEOUT	31.148216	19.495147936002468	510.836736
svcomp2025-cra-monotone-hulls-integralized/nla-digbench-scaling/dijkstra-u_unwindbound5acc0f6.i---hull-3_integralized.yml	done	0.109741	0.11297547199501423	35.229696	done	0.101244	0.10464038397185504	34.938880	done	0.061089	0.0638736559994868	33.652736	TIMEOUT	31.089479	19.50439654300135	508.301312
svcomp2025-cra-monotone-hulls-integralized/nla-digbench-scaling/dijkstra-u_unwindbound5acc0f6.i---hull-4_integralized.yml	done	0.16312	0.16582932099845493	36.556800	done	0.089288	0.09250832098769024	34.402304	done	0.064374	0.06732817500596866	33.927168	TIMEOUT	31.239428	20.839054997995845	655.196160
svcomp2025-cra-monotone-hulls-integralized/nla-digbench-scaling/dijkstra-u_unwindbound5acc0f6.i---hull-5_integralized.yml	done	0.167157	0.17022340800031088	36.945920	done	0.084861	0.08805894700344652	34.426880	done	0.067165	0.06997728699934669	33.918976	TIMEOUT	31.145315	20.866619259999425	658.653184
svcomp2025-cra-monotone-hulls-integralized/nla-digbench-scaling/egcd-ll_unwindbound1005abd47.i---hull-2_integralized.yml	TIMEOUT	30.854155	30.861234181997133	144.220160	done	0.040005	0.04248131497297436	32.563200	done	0.035027	0.0374415910046082	32.493568	done	0.07821	0.08091679200151702	41.967616
svcomp2025-cra-monotone-hulls-integralized/nla-digbench-scaling/egcd-ll_unwindbound1005abd47.i---hull-3_integralized.yml	TIMEOUT	30.853733	30.86041845100408	132.816896	done	0.039378	0.041899086005287245	32.555008	done	0.041859	0.04421576700406149	32.497664	done	0.075421	0.0777598360000411	41.734144
svcomp2025-cra-monotone-hulls-integralized/nla-digbench-scaling/egcd-ll_unwindbound1005abd47.i---hull-4_integralized.yml	TIMEOUT	30.853364	30.860667791996093	135.528448	done	0.044424	0.04693054599920288	33.034240	done	0.038363	0.04091118499491131	32.706560	done	0.082922	0.08530259800318163	41.291776
svcomp2025-cra-monotone-hulls-integralized/nla-digbench-scaling/egcd-ll_unwindbound1005abd47.i---hull-5_integralized.yml	TIMEOUT	30.851776	30.861702114001673	135.581696	done	0.046473	0.049641057004919276	33.075200	done	0.036644	0.03919288900215179	32.686080	done	0.074943	0.0778297040014877	41.172992
svcomp2025-cra-monotone-hulls-integralized/nla-digbench-scaling/egcd-ll_unwindbound509bad3e.i---hull-2_integralized.yml	TIMEOUT	30.854568	30.86197466500016	72.445952	done	0.039902	0.04275514098117128	32.555008	done	0.03602	0.03791880599601427	32.489472	done	0.074519	0.07801493199804099	41.713664
svcomp2025-cra-monotone-hulls-integralized/nla-digbench-scaling/egcd-ll_unwindbound509bad3e.i---hull-3_integralized.yml	TIMEOUT	30.854173	30.862129801003903	72.179712	done	0.039213	0.041820904007181525	32.927744	done	0.036184	0.03852637300587958	32.600064	done	0.079041	0.08156270000472432	41.717760
svcomp2025-termination-monotone-hulls-integralized/loops/compactdd45f6.i---hull-0_integralized.yml	TIMEOUT	30.864682	30.876346945995465	428.908544	done	0.032789	0.034780839981976897	31.354880	done	0.028906	0.031637666004826315	31.244288	done	0.026627	0.02877807800541632	31.371264
svcomp2025-termination-monotone-hulls-integralized/loops/compactdd45f6.i---hull-10_integralized.yml	TIMEOUT	30.867087	30.876542836995213	424.681472	done	0.028213	0.03069593699183315	31.232000	done	0.043923	0.04636765399482101	31.227904	done	0.027797	0.03017679300683085	31.289344
svcomp2025-termination-monotone-hulls-integralized/loops/compactdd45f6.i---hull-11_integralized.yml	TIMEOUT	30.870169	30.878680789995997	422.363136	done	0.030585	0.03376326701254584	31.379456	done	0.029539	0.031980811996618286	31.485952	done	0.031001	0.03360077900288161	31.289344
svcomp2025-termination-monotone-hulls-integralized/loops/compactdd45f6.i---hull-12_integralized.yml	TIMEOUT	30.867535	30.879210988001432	421.097472	done	0.028165	0.030763349001063034	31.477760	done	0.031072	0.03444593999302015	31.453184	done	0.028837	0.030784410002524965	31.391744
svcomp2025-termination-monotone-hulls-integralized/loops/compactdd45f6.i---hull-13_integralized.yml	TIMEOUT	30.870014	30.87910402399575	423.452672	done	0.03247	0.03544486701139249	31.358976	done	0.028448	0.030692692002048716	31.502336	done	0.027345	0.02972823299933225	31.322112
svcomp2025-termination-monotone-hulls-integralized/loops/compactdd45f6.i---hull-1_integralized.yml	TIMEOUT	30.864584	30.87593211199419	431.595520	done	0.027975	0.030248824012232944	31.461376	done	0.032686	0.035614279011497274	31.297536	done	0.031927	0.0348261570034083	31.477760
svcomp2025-termination-monotone-hulls-integralized/loops/compactdd45f6.i---hull-8_integralized.yml	TIMEOUT	30.86416	30.874890757004323	417.595392	done	0.02793	0.030740290007088333	31.227904	done	0.02828	0.030531504002283327	31.485952	done	0.029864	0.03191398599301465	31.559680
svcomp2025-termination-monotone-hulls-integralized/loops/compactdd45f6.i---hull-9_integralized.yml	TIMEOUT	30.868009	30.878723641006218	421.150720	done	0.029517	0.03213515199604444	31.256576	done	0.028833	0.03164175098936539	31.600640	done	0.031112	0.03317927900934592	31.391744
svcomp2025-termination-monotone-hulls-integralized/loops/heavy-1b343bd.i---hull-0_integralized.yml	TIMEOUT	30.867809	30.879254169005435	474.005504	done	0.03178	0.0351050489989575	31.473664	done	0.035855	0.03847370599396527	31.412224	done	0.033167	0.035411403005127795	31.711232
svcomp2025-termination-monotone-hulls-integralized/loops/heavy-1b343bd.i---hull-10_integralized.yml	TIMEOUT	30.866486	30.87822133399459	477.765632	done	0.030566	0.03310733998659998	31.444992	done	0.030341	0.032770050995168276	31.399936	done	0.031437	0.03384838599595241	31.588352
svcomp2025-termination-monotone-hulls-integralized/loops/heavy-1b343bd.i---hull-11_integralized.yml	TIMEOUT	30.867114	30.877776911998808	474.804224	done	0.032948	0.03555645499727689	31.735808	done	0.028986	0.03151163400616497	31.596544	done	0.032951	0.03514508101216052	31.588352
svcomp2025-termination-monotone-hulls-integralized/loops/heavy-1b343bd.i---hull-14_integralized.yml	TIMEOUT	30.868779	30.88024006300111	492.244992	done	0.030689	0.03323320500203408	31.625216	done	0.030418	0.032651390007231385	31.567872	done	0.030934	0.032939857002929784	31.940608
svcomp2025-termination-monotone-hulls-integralized/loops/heavy-1b343bd.i---hull-15_integralized.yml	TIMEOUT	30.868599	30.87720439999248	488.513536	done	0.030523	0.03300533999572508	31.756288	done	0.029054	0.031703485001344234	31.502336	done	0.031145	0.03342596100992523	31.830016
svcomp2025-termination-monotone-hulls-integralized/loops/heavy-1b343bd.i---hull-16_integralized.yml	TIMEOUT	30.869048	30.878676823995193	476.094464	done	0.030258	0.0330735290190205	31.522816	done	0.029194	0.03184457399765961	31.502336	done	0.031345	0.033241658995393664	31.813632
svcomp2025-termination-monotone-hulls-integralized/loops/heavy-1b343bd.i---hull-17_integralized.yml	TIMEOUT	30.866842	30.877880118991015	477.290496	done	0.033132	0.035632311017252505	31.494144	done	0.030071	0.032755182997789234	31.506432	done	0.031334	0.033462669991422445	31.920128
svcomp2025-termination-monotone-hulls-integralized/loops/heavy-1b343bd.i---hull-18_integralized.yml	TIMEOUT	30.867539	30.87796561299183	490.303488	done	0.03293	0.03562802099622786	31.502336	done	0.033803	0.03656667598988861	31.539200	done	0.03005	0.03239732299698517	32.083968
svcomp2025-termination-monotone-hulls-integralized/loops/heavy-1b343bd.i---hull-19_integralized.yml	TIMEOUT	30.873858	30.883659034996526	486.961152	done	0.030839	0.033497836004244164	31.621120	done	0.036448	0.03906677999475505	31.502336	done	0.03336	0.03588926000520587	31.838208
svcomp2025-termination-monotone-hulls-integralized/loops/heavy-1b343bd.i---hull-1_integralized.yml	TIMEOUT	30.866198	30.8780012060015	474.214400	done	0.031492	0.03372010699240491	31.469568	done	0.028666	0.030810105003183708	31.670272	done	0.030106	0.03251941599592101	32.067584
svcomp2025-termination-monotone-hulls-integralized/loops/heavy-1b343bd.i---hull-26_integralized.yml	TIMEOUT	30.86455	30.876706258990453	515.420160	done	0.033994	0.03608222701586783	31.756288	done	0.029805	0.0324163599871099	31.780864	done	0.032389	0.03491473699978087	31.932416
svcomp2025-termination-monotone-hulls-integralized/loops/heavy-1b343bd.i---hull-27_integralized.yml	TIMEOUT	30.863744	30.878371587998117	514.052096	done	0.031717	0.03418987197801471	31.662080	done	0.029953	0.033161371989990585	31.514624	done	0.031841	0.03473104200384114	31.940608
svcomp2025-termination-monotone-hulls-integralized/loops/heavy-1b343bd.i---hull-28_integralized.yml	TIMEOUT	30.869348	30.87987479000003	522.141696	done	0.031375	0.033591756015084684	31.563776	done	0.03046	0.03299040200363379	31.576064	done	0.030833	0.03333697500056587	31.961088
svcomp2025-termination-monotone-hulls-integralized/loops/heavy-1b343bd.i---hull-29_integralized.yml	TIMEOUT	30.869289	30.878941660994315	522.117120	done	0.0305	0.03300699099781923	31.760384	done	0.030032	0.033381600995198824	31.567872	done	0.031143	0.033311823004623875	31.956992
svcomp2025-termination-monotone-hulls-integralized/loops/heavy-1b343bd.i---hull-30_integralized.yml	TIMEOUT	30.866675	30.876260213990463	518.369280	done	0.037765	0.03973180797765963	31.703040	done	0.03136	0.035059300003922544	31.543296	done	0.031338	0.034067269996739924	32.153600
svcomp2025-termination-monotone-hulls-integralized/loops/heavy-1b343bd.i---hull-31_integralized.yml	TIMEOUT	30.869612	30.882931492000353	519.995392	done	0.029846	0.03231641501770355	31.543296	done	0.031484	0.034213235005154274	31.567872	done	0.032806	0.03503473500313703	31.936512
svcomp2025-termination-monotone-hulls-integralized/loops/heavy-1b343bd.i---hull-8_integralized.yml	TIMEOUT	30.869098	30.879038005004986	476.610560	done	0.030378	0.03311606199713424	31.719424	done	0.030963	0.03423410300456453	31.412224	done	0.03116	0.03333650100103114	31.735808
svcomp2025-termination-monotone-hulls-integralized/loops/heavy-1b343bd.i---hull-9_integralized.yml	TIMEOUT	30.875097	30.886111273997813	475.111424	done	0.032385	0.034873554977821186	31.727616	done	0.029286	0.03182864699920174	31.420416	done	0.030909	0.03352193100727163	31.600640
svcomp2025-termination-monotone-hulls-integralized/loops/heavy-26f222e.i---hull-0_integralized.yml	TIMEOUT	30.867031	30.876470236005844	473.083904	done	0.032367	0.03497167400200851	31.907840	done	0.030783	0.03311202199256513	31.412224	done	0.030572	0.03322541399393231	31.592448
svcomp2025-termination-monotone-hulls-integralized/loops/heavy-26f222e.i---hull-10_integralized.yml	TIMEOUT	30.867358	30.879113324001082	479.154176	done	0.030457	0.03349824299220927	31.715328	done	0.030948	0.03390015799959656	31.408128	done	0.030409	0.03304329099773895	31.592448
svcomp2025-termination-monotone-hulls-integralized/loops/heavy-26f222e.i---hull-11_integralized.yml	TIMEOUT	30.867711	30.8782600100094	478.416896	done	0.032821	0.035666190990014	31.571968	done	0.028954	0.03164741600630805	31.408128	done	0.02894	0.031949762007570826	31.584256
svcomp2025-termination-monotone-hulls-integralized/loops/heavy-26f222e.i---hull-14_integralized.yml	TIMEOUT	30.867299	30.879440632998012	493.191168	done	0.031028	0.033487626002170146	31.510528	done	0.029991	0.03248835999693256	31.768576	done	0.038172	0.040258321998408064	31.956992
svcomp2025-termination-monotone-hulls-integralized/loops/heavy-26f222e.i---hull-15_integralized.yml	TIMEOUT	30.869758	30.880635167995933	490.016768	done	0.030856	0.03335771101410501	31.621120	done	0.029069	0.03161048499168828	31.756288	done	0.030468	0.03407585099921562	31.846400
svcomp2025-termination-monotone-hulls-integralized/loops/heavy-26f222e.i---hull-16_integralized.yml	TIMEOUT	30.871181	30.881504488002975	474.681344	done	0.03112	0.03371265600435436	31.809536	done	0.029592	0.03338751298724674	31.760384	done	0.031854	0.03384422400267795	32.088064
svcomp2025-termination-monotone-hulls-integralized/loops/heavy-26f222e.i---hull-17_integralized.yml	TIMEOUT	30.866246	30.87905386601051	475.365376	done	0.031746	0.0345729420077987	31.502336	done	0.030228	0.03311036298691761	31.588352	done	0.033857	0.036263058995245956	31.805440
svcomp2025-termination-monotone-hulls-integralized/loops/heavy-26f222e.i---hull-18_integralized.yml	TIMEOUT	30.867048	30.878992358993855	495.628288	done	0.02983	0.03190809200168587	31.551488	done	0.030337	0.03343054000288248	31.551488	done	0.032085	0.035244226004579104	32.284672
svcomp2025-termination-monotone-hulls-integralized/loops/heavy-26f222e.i---hull-19_integralized.yml	TIMEOUT	30.865307	30.87950273299066	489.320448	done	0.030284	0.03274030101601966	31.494144	done	0.032196	0.034494542007450946	31.559680	done	0.035023	0.0378806149965385	32.051200
svcomp2025-termination-monotone-hulls-integralized/loops/heavy-26f222e.i---hull-1_integralized.yml	TIMEOUT	30.869007	30.878791995011852	473.346048	done	0.031048	0.03312022000318393	31.469568	done	0.028353	0.030964545003371313	31.408128	done	0.032393	0.035196393000660464	31.862784
svcomp2025-termination-monotone-hulls-integralized/loops/heavy-26f222e.i---hull-26_integralized.yml	TIMEOUT	30.864901	30.876241895006387	512.503808	done	0.03009	0.03253393599879928	31.543296	done	0.035389	0.03798620899033267	31.797248	done	0.030866	0.033278545990469866	31.936512
svcomp2025-termination-monotone-hulls-integralized/loops/heavy-26f222e.i---hull-27_integralized.yml	TIMEOUT	30.866805	30.879399117999128	512.897024	done	0.034727	0.03754655699594878	31.543296	done	0.029707	0.03239163900434505	31.514624	done	0.033206	0.03579028199601453	32.038912
svcomp2025-termination-monotone-hulls-integralized/loops/heavy-26f222e.i---hull-28_integralized.yml	TIMEOUT	30.867941	30.878871966007864	520.396800	done	0.036593	0.039198387996293604	31.907840	done	0.031125	0.033316468994598836	31.567872	done	0.0306	0.03326609999930952	32.043008
svcomp2025-termination-monotone-hulls-integralized/loops/heavy-26f222e.i---hull-29_integralized.yml	TIMEOUT	30.87094	30.880765961002908	519.610368	done	0.030943	0.0332461729994975	31.662080	done	0.034126	0.0365931289998116	31.559680	done	0.030602	0.03303780700662173	31.956992
svcomp2025-termination-monotone-hulls-integralized/loops/heavy-26f222e.i---hull-30_integralized.yml	TIMEOUT	30.867007	30.875601383988396	512.454656	done	0.032327	0.03523298699292354	31.559680	done	0.036582	0.03873399599979166	31.563776	done	0.030781	0.03341218299465254	32.243712
svcomp2025-termination-monotone-hulls-integralized/loops/heavy-26f222e.i---hull-31_integralized.yml	TIMEOUT	30.865997	30.876044762000674	517.599232	done	0.02957	0.03208850201917812	31.555584	done	0.033682	0.03638608500477858	31.817728	done	0.030803	0.0331440399895655	32.198656
svcomp2025-termination-monotone-hulls-integralized/loops/heavy-26f222e.i---hull-8_integralized.yml	TIMEOUT	30.869466	30.880204301996855	474.415104	done	0.030191	0.03239947897964157	31.465472	done	0.02989	0.03255393401195761	31.399936	done	0.034194	0.036859658008324914	31.817728
svcomp2025-termination-monotone-hulls-integralized/loops/heavy-26f222e.i---hull-9_integralized.yml	TIMEOUT	30.870708	30.88403227899107	472.727552	done	0.030225	0.032420464005554095	31.461376	done	0.030281	0.033311823004623875	31.412224	done	0.029873	0.031941602006554604	31.592448
svcomp2025-termination-monotone-hulls-integralized/loop-acceleration/functions_1-158a9ee.i---hull-0_integralized.yml	TIMEOUT	30.863314	30.877667781998753	548.556800	done	0.035167	0.0374583859811537	31.797248	done	0.030485	0.03285610300372355	31.756288	done	0.033323	0.03519086599408183	32.272384
svcomp2025-termination-monotone-hulls-integralized/loop-acceleration/functions_1-158a9ee.i---hull-1_integralized.yml	TIMEOUT	30.866615	30.8769082660001	543.240192	done	0.030477	0.032593917014310136	31.555584	done	0.030668	0.03297749799094163	31.485952	done	0.030719	0.03263515200524125	32.116736
svcomp2025-termination-monotone-hulls-integralized/loop-acceleration/functions_1-2638ff6.i---hull-0_integralized.yml	TIMEOUT	30.864394	30.877872037992347	547.115008	done	0.031049	0.03351056599058211	31.645696	done	0.035242	0.038015815007383935	31.858688	done	0.030792	0.03312530698894989	32.006144
svcomp2025-termination-monotone-hulls-integralized/loop-acceleration/functions_1-2638ff6.i---hull-1_integralized.yml	TIMEOUT	30.862961	30.878123855000013	546.365440	done	0.034943	0.037406307994388044	31.801344	done	0.033952	0.03634049498941749	31.490048	done	0.032184	0.03493527098908089	32.043008
svcomp2025-termination-monotone-hulls-integralized/loop-acceleration/nested_1-1edf93c.i---hull-14_integralized.yml	TIMEOUT	30.86671	30.87814733099367	459.014144	done	0.029627	0.03225290498812683	31.383552	done	0.033303	0.03561035900202114	31.678464	done	0.030087	0.03272781500709243	31.707136
svcomp2025-termination-monotone-hulls-integralized/loop-acceleration/nested_1-1edf93c.i---hull-15_integralized.yml	TIMEOUT	30.866865	30.879699156997958	459.026432	done	0.030259	0.032585592998657376	31.371264	done	0.032824	0.03581214099540375	31.293440	done	0.033415	0.036157505004666746	32.071680
svcomp2025-termination-monotone-hulls-integralized/loop-acceleration/nested_1-1edf93c.i---hull-16_integralized.yml	TIMEOUT	30.863526	30.878427428993746	451.211264	done	0.03176	0.03428905998589471	31.862784	done	0.030804	0.033404357003746554	31.350784	done	0.031638	0.03393365000374615	31.522816
svcomp2025-termination-monotone-hulls-integralized/loop-acceleration/nested_1-1edf93c.i---hull-17_integralized.yml	TIMEOUT	30.871264	30.885262558003888	451.760128	done	0.035953	0.0380989849800244	31.432704	done	0.033314	0.035600485003669746	31.358976	done	0.031066	0.03312864700274076	31.518720
svcomp2025-termination-monotone-hulls-integralized/loop-acceleration/nested_1-1edf93c.i---hull-18_integralized.yml	TIMEOUT	30.870957	30.88257399100985	453.685248	done	0.029991	0.03275832600775175	31.379456	done	0.037287	0.03997671400429681	31.703040	done	0.028325	0.030292883995571174	31.465472
svcomp2025-termination-monotone-hulls-integralized/loop-acceleration/nested_1-1edf93c.i---hull-19_integralized.yml	TIMEOUT	30.86485	30.877107873006025	456.081408	done	0.029646	0.03256915300153196	31.625216	done	0.033897	0.03625444399949629	31.383552	done	0.031071	0.0333302660001209	31.715328
svcomp2025-termination-monotone-hulls-integralized/loop-acceleration/nested_1-28d526e.i---hull-14_integralized.yml	TIMEOUT	30.865628	30.87647688901052	455.655424	done	0.033045	0.03534179899725132	31.838208	done	0.031232	0.03375542401045095	31.289344	done	0.032652	0.03516416500497144	31.436800
svcomp2025-termination-monotone-hulls-integralized/loop-acceleration/nested_1-28d526e.i---hull-15_integralized.yml	TIMEOUT	30.865971	30.87647918499715	451.837952	done	0.03043	0.0328678929945454	31.547392	done	0.03267	0.035149378003552556	31.277056	done	0.036085	0.03832355499616824	31.711232
svcomp2025-termination-monotone-hulls-integralized/loop-acceleration/nested_1-28d526e.i---hull-16_integralized.yml	TIMEOUT	30.865302	30.878390091995243	452.407296	done	0.030134	0.03252926099230535	31.383552	done	0.03273	0.03504884400172159	31.473664	done	0.030928	0.03340684300928842	31.518720
svcomp2025-termination-monotone-hulls-integralized/loop-acceleration/nested_1-28d526e.i---hull-17_integralized.yml	TIMEOUT	30.863524	30.875443105003797	449.622016	done	0.030099	0.03181290699285455	31.481856	done	0.032703	0.03505348801263608	31.367168	done	0.033743	0.03638799401232973	31.518720
svcomp2025-termination-monotone-hulls-integralized/loop-acceleration/nested_1-28d526e.i---hull-18_integralized.yml	TIMEOUT	30.864974	30.87847460199555	456.466432	done	0.031326	0.03398770999046974	31.494144	done	0.029974	0.03321150400734041	31.277056	done	0.028723	0.0318863200081978	31.477760
svcomp2025-termination-monotone-hulls-integralized/loop-acceleration/nested_1-28d526e.i---hull-19_integralized.yml	TIMEOUT	30.866734	30.879790172999492	461.864960	done	0.029544	0.03258313800324686	31.371264	done	0.031576	0.033955441002035514	31.395840	done	0.033787	0.036475017011980526	31.698944
svcomp2025-termination-monotone-hulls-integralized/loop-acceleration/phases_1-1e918eb.i---hull-0_integralized.yml	TIMEOUT	30.856227	30.866135320000467	209.920000	done	0.033036	0.03575719799846411	31.547392	done	0.029712	0.031639209992135875	31.297536	done	0.028042	0.0300694509933237	31.428608
svcomp2025-termination-monotone-hulls-integralized/loop-acceleration/phases_1-1e918eb.i---hull-1_integralized.yml	TIMEOUT	30.854502	30.866376505000517	212.840448	done	0.030522	0.03322243702132255	31.309824	done	0.031736	0.03422679299546871	31.375360	done	0.02902	0.03150396699493285	31.432704
svcomp2025-termination-monotone-hulls-integralized/loop-acceleration/phases_1-20ead11.i---hull-0_integralized.yml	TIMEOUT	30.855352	30.865336343995295	208.498688	done	0.0317	0.034279873012565076	31.309824	done	0.029894	0.03236423800990451	31.526912	done	0.031746	0.03445064200786874	31.432704
svcomp2025-termination-monotone-hulls-integralized/loop-acceleration/phases_1-20ead11.i---hull-1_integralized.yml	TIMEOUT	30.853837	30.86753593198955	209.969152	done	0.031292	0.03408495499752462	31.404032	done	0.031468	0.0344316460104892	31.395840	done	0.030729	0.03330871000071056	31.432704
svcomp2025-termination-monotone-hulls-integralized/loop-acceleration/simple_1-1da6b2c.i---hull-0_integralized.yml	TIMEOUT	30.866896	30.877706582992687	424.439808	done	0.030626	0.033659228996839374	31.477760	done	0.030254	0.032254801990347914	31.236096	done	0.029584	0.03170669199607801	31.510528
svcomp2025-termination-monotone-hulls-integralized/loop-acceleration/simple_1-1da6b2c.i---hull-1_integralized.yml	TIMEOUT	30.860974	30.87548364500981	420.818944	done	0.03205	0.03394575501442887	31.207424	done	0.031708	0.03454347299702931	31.313920	done	0.028101	0.030869497000821866	31.268864
svcomp2025-termination-monotone-hulls-integralized/loop-acceleration/simple_1-243cf51.i---hull-0_integralized.yml	TIMEOUT	30.865603	30.87690844599274	425.029632	done	0.033737	0.035841917007928714	31.223808	done	0.030987	0.033809111002483405	31.313920	done	0.030249	0.03332613900420256	31.391744
svcomp2025-termination-monotone-hulls-integralized/loop-acceleration/simple_1-243cf51.i---hull-1_integralized.yml	TIMEOUT	30.865096	30.87852308199217	419.426304	done	0.029475	0.03202673699706793	31.473664	done	0.030783	0.033505020997836255	31.203328	done	0.030603	0.033831930995802395	31.268864
svcomp2025-termination-monotone-hulls-integralized/loop-acceleration/simple_2-1031d4e.i---hull-0_integralized.yml	TIMEOUT	30.862753	30.877075868993415	417.120256	done	0.029401	0.03231517400126904	31.481856	done	0.033367	0.03526681500079576	31.408128	done	0.029982	0.03275633600424044	31.264768
svcomp2025-termination-monotone-hulls-integralized/loop-acceleration/simple_2-1031d4e.i---hull-1_integralized.yml	TIMEOUT	30.865023	30.87658662200556	418.164736	done	0.029105	0.031140159000642598	31.301632	done	0.031793	0.03405727300560102	31.248384	done	0.029134	0.03148248099023476	31.281152
svcomp2025-termination-monotone-hulls-integralized/loop-acceleration/simple_2-2d3a313.i---hull-0_integralized.yml	TIMEOUT	30.86245	30.877138076000847	420.188160	done	0.030253	0.03284106700448319	31.481856	done	0.030959	0.032606580993160605	31.211520	done	0.027709	0.030786874005571008	31.264768
svcomp2025-termination-monotone-hulls-integralized/loop-acceleration/simple_2-2d3a313.i---hull-1_integralized.yml	TIMEOUT	30.864306	30.878488043003017	418.840576	done	0.030455	0.03283525601727888	31.264768	done	0.030255	0.03263403500022832	31.207424	done	0.030749	0.033427048998419195	31.367168
svcomp2025-termination-monotone-hulls-integralized/loop-crafted/simple_array_index_value_3ff489c.i---hull-1_integralized.yml	TIMEOUT	30.19177	30.202072132000467	268.410880	done	0.030955	0.032832453987794	31.641600	done	0.033428	0.03557377199467737	31.744000	done	0.030534	0.032903686005738564	32.243712
svcomp2025-termination-monotone-hulls-integralized/loop-crafted/simple_array_index_value_4.i.v+lhb-reducer1b009d.i---hull-0_integralized.yml	TIMEOUT	30.856139	30.867148817007546	215.240704	done	0.032018	0.03422615901217796	31.637504	done	0.032611	0.03453825101314578	31.703040	done	0.032221	0.03499437100253999	32.563200
svcomp2025-termination-monotone-hulls-integralized/loop-crafted/simple_array_index_value_4.i.v+lhb-reducer1b009d.i---hull-14_integralized.yml	TIMEOUT	30.856482	30.868738842997118	293.249024	done	0.032163	0.03471604798687622	31.772672	done	0.039048	0.0411213850020431	31.678464	done	0.033103	0.03550966299371794	32.600064
svcomp2025-termination-monotone-hulls-integralized/loop-crafted/simple_array_index_value_4.i.v+lhb-reducer1b009d.i---hull-15_integralized.yml	TIMEOUT	30.856611	30.86834873499174	292.945920	done	0.039079	0.0410912939987611	31.698944	done	0.037777	0.04004402400460094	31.932416	done	0.033363	0.036222301991074346	32.772096
svcomp2025-termination-monotone-hulls-integralized/loop-crafted/simple_array_index_value_4.i.v+lhb-reducer1b009d.i---hull-1_integralized.yml	TIMEOUT	30.854978	30.867708119010786	219.426816	done	0.033472	0.03657449898310006	31.637504	done	0.032885	0.03567249799380079	31.629312	done	0.034781	0.03768180499901064	32.694272
svcomp2025-termination-monotone-hulls-integralized/loop-crafted/simple_array_index_value_4.i.v+lhb-reducer1b009d.i---hull-20_integralized.yml	TIMEOUT	30.865538	30.876232946000528	417.550336	done	0.036377	0.03872669200063683	31.391744	done	0.030366	0.03299261600477621	31.326208	done	0.030966	0.03356402499775868	31.289344
svcomp2025-termination-monotone-hulls-integralized/loop-crafted/simple_array_index_value_4.i.v+lhb-reducer1b009d.i---hull-21_integralized.yml	TIMEOUT	30.865049	30.876816468997276	418.775040	done	0.029225	0.031694111006800085	31.494144	done	0.031939	0.034598717000335455	31.539200	done	0.029798	0.03270342599716969	31.395840
svcomp2025-termination-monotone-hulls-integralized/loop-crafted/simple_array_index_value_4.i.v+lhb-reducer1b009d.i---hull-22_integralized.yml	TIMEOUT	30.869368	30.881301005007117	421.883904	done	0.030869	0.03316354000708088	31.490048	done	0.028661	0.03157055100018624	31.338496	done	0.030402	0.032862841995665804	31.473664
svcomp2025-termination-monotone-hulls-integralized/loop-crafted/simple_array_index_value_4.i.v+lhb-reducer1b009d.i---hull-23_integralized.yml	TIMEOUT	30.865415	30.876969173987163	425.246720	done	0.028719	0.03093260497553274	31.485952	done	0.029675	0.031884487994830124	31.236096	done	0.02923	0.032548333998420276	31.547392
svcomp2025-termination-monotone-hulls-integralized/loop-crafted/simple_array_index_value_4.i.v+lhb-reducer1b009d.i---hull-24_integralized.yml	TIMEOUT	30.870417	30.878850084001897	416.940032	done	0.028788	0.031128986011026427	31.236096	done	0.037122	0.039780702005373314	31.223808	done	0.027431	0.030454755993559957	31.547392
svcomp2025-termination-monotone-hulls-integralized/loop-crafted/simple_array_index_value_4.i.v+lhb-reducer1b009d.i---hull-25_integralized.yml	TIMEOUT	30.864988	30.877204154996434	417.300480	done	0.028935	0.03102209299686365	31.367168	done	0.032309	0.034714606998022646	31.227904	done	0.027283	0.029646296010469086	31.285248
svcomp2025-termination-monotone-hulls-integralized/loop-crafted/simple_array_index_value_4.i.v+nlh-reducerf2c032.i---hull-10_integralized.yml	TIMEOUT	30.854741	30.86499839699536	205.574144	done	0.031243	0.03324705400154926	31.645696	done	0.039972	0.04318495899497066	31.944704	done	0.034345	0.03724948500166647	32.788480
svcomp2025-termination-monotone-hulls-integralized/loop-crafted/simple_array_index_value_4.i.v+nlh-reducerf2c032.i---hull-11_integralized.yml	TIMEOUT	30.856109	30.865203768000356	202.207232	done	0.032365	0.03513655799906701	31.649792	done	0.032052	0.03487434699491132	31.670272	done	0.032154	0.03452008799649775	32.530432
svcomp2025-termination-monotone-hulls-integralized/loop-crafted/simple_array_index_value_4.i.v+nlh-reducerf2c032.i---hull-12_integralized.yml	TIMEOUT	30.853686	30.86089943400293	118.636544	done	0.03472	0.03758685398497619	31.629312	done	0.032553	0.03448484900582116	31.641600	done	0.032515	0.03490056699956767	32.755712
svcomp2025-termination-monotone-hulls-integralized/loop-crafted/simple_array_index_value_4.i.v+nlh-reducerf2c032.i---hull-13_integralized.yml	TIMEOUT	30.853855	30.861465883004712	118.407168	done	0.031382	0.03369331097928807	31.625216	done	0.032586	0.034818946005543694	31.617024	done	0.037294	0.040685436004423536	32.665600
svcomp2025-termination-monotone-hulls-integralized/loop-crafted/simple_array_index_value_4.i.v+nlh-reducerf2c032.i---hull-20_integralized.yml	TIMEOUT	30.864356	30.876915668995935	420.986880	done	0.029495	0.03187548302230425	31.256576	done	0.029789	0.03226933199039195	31.473664	done	0.03005	0.032519323998712935	31.293440
svcomp2025-termination-monotone-hulls-integralized/loop-crafted/simple_array_index_value_4.i.v+nlh-reducerf2c032.i---hull-21_integralized.yml	TIMEOUT	30.86423	30.876891102991067	419.262464	done	0.030878	0.03360840800451115	31.338496	done	0.030653	0.03399063000688329	31.236096	done	0.028297	0.03101853201224003	31.387648
svcomp2025-termination-monotone-hulls-integralized/loop-crafted/simple_array_index_value_4.i.v+nlh-reducerf2c032.i---hull-22_integralized.yml	TIMEOUT	30.863717	30.87688956000784	420.249600	done	0.032938	0.035852577013429254	31.256576	done	0.029537	0.032039318990428	31.240192	done	0.028065	0.030554919998394325	31.281152
svcomp2025-termination-monotone-hulls-integralized/loop-crafted/simple_array_index_value_4.i.v+nlh-reducerf2c032.i---hull-23_integralized.yml	TIMEOUT	30.859921	30.87429032799264	424.763392	done	0.029683	0.03198174000135623	31.232000	done	0.033884	0.03688305299147032	31.494144	done	0.030151	0.03280939800606575	31.293440
svcomp2025-termination-monotone-hulls-integralized/loop-crafted/simple_array_index_value_4.i.v+nlh-reducerf2c032.i---hull-24_integralized.yml	TIMEOUT	30.862354	30.874355649008066	423.280640	done	0.03046	0.03312712800106965	31.629312	done	0.032107	0.034428245009621605	31.219712	done	0.032855	0.035879987000953406	32.038912
svcomp2025-termination-monotone-hulls-integralized/loop-crafted/simple_array_index_value_4.i.v+nlh-reducerf2c032.i---hull-25_integralized.yml	TIMEOUT	30.866058	30.875486735007144	418.865152	done	0.036794	0.039355344022624195	31.490048	done	0.029948	0.033613980005611666	31.207424	done	0.029327	0.03152433200739324	31.293440
svcomp2025-termination-monotone-hulls-integralized/loop-crafted/simple_array_index_value_4.i.v+nlh-reducerf2c032.i---hull-8_integralized.yml	TIMEOUT	30.859177	30.86694766599976	242.163712	done	0.032321	0.03530586799024604	31.879168	done	0.032545	0.03424427298887167	31.633408	done	0.033215	0.035978500003693625	32.575488
svcomp2025-termination-monotone-hulls-integralized/loop-crafted/simple_array_index_value_4.i.v+nlh-reducerf2c032.i---hull-9_integralized.yml	TIMEOUT	30.857649	30.866813632004778	240.947200	done	0.035601	0.03925058399909176	31.735808	done	0.03757	0.03975234300014563	31.633408	done	0.038083	0.04042822300107218	32.575488
svcomp2025-termination-monotone-hulls-integralized/loop-crafted/simple_array_index_value_4fbec52.i---hull-20_integralized.yml	TIMEOUT	30.865999	30.876830994006013	422.449152	done	0.030138	0.03279168499284424	31.318016	done	0.036756	0.03897715199855156	31.326208	done	0.029125	0.0312654930021381	31.313920
svcomp2025-termination-monotone-hulls-integralized/loop-crafted/simple_array_index_value_4fbec52.i---hull-21_integralized.yml	TIMEOUT	30.872526	30.883023504997254	421.302272	done	0.029728	0.03188309300458059	31.227904	done	0.031248	0.03334340499714017	31.424512	done	0.031649	0.034304724002140574	31.285248
svcomp2025-termination-monotone-hulls-integralized/loop-crafted/simple_array_index_value_4fbec52.i---hull-22_integralized.yml	TIMEOUT	30.864704	30.872807103995	421.384192	done	0.029401	0.032137479982338846	31.485952	done	0.030571	0.03342692900332622	31.342592	done	0.031891	0.03500509799050633	31.297536
svcomp2025-termination-monotone-hulls-integralized/loop-crafted/simple_array_index_value_4fbec52.i---hull-23_integralized.yml	TIMEOUT	30.867492	30.876158347004093	422.084608	done	0.029651	0.032339042983949184	31.223808	done	0.031402	0.03308518599078525	31.219712	done	0.029567	0.03184027400857303	31.379456
svcomp2025-termination-monotone-hulls-integralized/loop-crafted/simple_array_index_value_4fbec52.i---hull-24_integralized.yml	TIMEOUT	30.862388	30.87647623900557	419.409920	done	0.028544	0.03176036401418969	31.240192	done	0.032645	0.03432037300080992	31.223808	done	0.030844	0.03356406399689149	31.297536
svcomp2025-termination-monotone-hulls-integralized/loop-crafted/simple_array_index_value_4fbec52.i---hull-25_integralized.yml	TIMEOUT	30.8657	30.87661868201394	419.622912	done	0.028132	0.03077524498803541	31.227904	done	0.037041	0.03913041799387429	31.334400	done	0.029083	0.03132041399658192	31.506432
svcomp2025-termination-monotone-hulls-integralized/loop-crafted/simple_array_index_value_4fbec52.i---hull-8_integralized.yml	TIMEOUT	30.858986	30.868892229991616	227.467264	done	0.033506	0.03614441701211035	31.801344	done	0.041557	0.04421245300909504	31.539200	done	0.033266	0.035916661989176646	31.956992
svcomp2025-termination-monotone-hulls-integralized/loop-crafted/simple_array_index_value_4fbec52.i---hull-9_integralized.yml	TIMEOUT	30.860746	30.871838188002585	227.880960	done	0.039045	0.04199195699766278	31.821824	done	0.031904	0.034334979005507194	31.539200	done	0.036444	0.03925488199456595	32.337920
svcomp2025-termination-monotone-hulls-integralized/loop-crafted/simple_vardep_1ed4014.i---hull-0_integralized.yml	TIMEOUT	30.857323	30.86644416299532	231.383040	done	0.030921	0.0333020830003079	31.432704	done	0.034391	0.0368863220064668	31.494144	done	0.042612	0.04070327599765733	34.111488
svcomp2025-termination-monotone-hulls-integralized/loop-crafted/simple_vardep_1ed4014.i---hull-1_integralized.yml	TIMEOUT	30.855386	30.86524685600307	230.039552	done	0.031866	0.03408742501051165	31.563776	done	0.04785	0.049762973008910194	31.391744	done	0.04048	0.03843685299216304	34.275328
svcomp2025-termination-monotone-hulls-integralized/loop-crafted/simple_vardep_2ca4147.i---hull-0_integralized.yml	TIMEOUT	30.858805	30.86705586599419	261.832704	done	0.031533	0.03435282301506959	31.494144	done	0.030525	0.03315200100769289	31.473664	done	0.055778	0.05245165299857035	35.221504
svcomp2025-termination-monotone-hulls-integralized/loop-crafted/simple_vardep_2ca4147.i---hull-1_integralized.yml	TIMEOUT	30.857511	30.86746636700991	261.410816	done	0.038258	0.04080170299857855	31.498240	done	0.030708	0.03314722600043751	31.477760	done	0.049095	0.044962396001210436	35.450880
svcomp2025-termination-monotone-hulls-integralized/loop-invgen/fragtest_simple8de101.i---hull-10_integralized.yml	TIMEOUT	30.85729	30.865277149001486	241.418240	done	0.029771	0.03217964601935819	31.801344	done	0.03092	0.03281088700168766	31.375360	done	0.030368	0.03307634899101686	31.588352
svcomp2025-termination-monotone-hulls-integralized/loop-invgen/fragtest_simple8de101.i---hull-11_integralized.yml	TIMEOUT	30.856687	30.865532645999338	241.459200	done	0.030709	0.033265729987761006	31.584256	done	0.030484	0.03283464799460489	31.408128	done	0.038101	0.04034289398987312	31.600640
svcomp2025-termination-monotone-hulls-integralized/loop-invgen/fragtest_simple8de101.i---hull-12_integralized.yml	TIMEOUT	30.857489	30.866175641000154	232.304640	done	0.029769	0.03238231097930111	31.383552	done	0.034492	0.03715896500216331	31.744000	done	0.03523	0.0375798000022769	31.518720
svcomp2025-termination-monotone-hulls-integralized/loop-invgen/fragtest_simple8de101.i---hull-13_integralized.yml	TIMEOUT	30.856893	30.86591141099052	233.078784	done	0.029387	0.03169231198262423	31.518720	done	0.031547	0.033568894999916665	31.420416	done	0.028615	0.03127231200051028	31.526912
svcomp2025-termination-monotone-hulls-integralized/loop-invgen/fragtest_simple8de101.i---hull-20_integralized.yml	TIMEOUT	30.864722	30.874735233010142	433.811456	done	0.031558	0.034708235994912684	31.477760	done	0.032241	0.034894301992608234	31.260672	done	0.029596	0.03169444200466387	31.502336
svcomp2025-termination-monotone-hulls-integralized/loop-invgen/fragtest_simple8de101.i---hull-21_integralized.yml	TIMEOUT	30.863466	30.876375232008286	427.790336	done	0.030099	0.03312109300168231	31.625216	done	0.029696	0.03170711600978393	31.481856	done	0.029583	0.03232459399441723	31.379456
svcomp2025-termination-monotone-hulls-integralized/loop-invgen/fragtest_simple8de101.i---hull-22_integralized.yml	TIMEOUT	30.856369	30.865280514000915	221.368320	done	0.029826	0.032344245992135257	31.600640	done	0.028802	0.03242186400166247	31.555584	done	0.031209	0.0338977109931875	31.551488
svcomp2025-termination-monotone-hulls-integralized/loop-invgen/fragtest_simple8de101.i---hull-23_integralized.yml	TIMEOUT	30.856212	30.867457087006187	221.876224	done	0.029751	0.03203950298484415	31.350784	done	0.030496	0.032280094994348474	31.297536	done	0.032381	0.034437009002431296	31.735808
svcomp2025-termination-monotone-hulls-integralized/loop-invgen/fragtest_simple8de101.i---hull-24_integralized.yml	TIMEOUT	30.861431	30.878052372005186	430.362624	done	0.0332	0.035320821014465764	31.264768	done	0.032083	0.034086779996869154	31.268864	done	0.031175	0.03363015099603217	31.494144
svcomp2025-termination-monotone-hulls-integralized/loop-invgen/fragtest_simple8de101.i---hull-25_integralized.yml	TIMEOUT	30.861611	30.87611458300671	435.720192	done	0.0296	0.032105051999678835	31.490048	done	0.031098	0.032958020994556136	31.367168	done	0.03428	0.03721004399994854	31.391744
svcomp2025-termination-monotone-hulls-integralized/loop-invgen/fragtest_simple8de101.i---hull-8_integralized.yml	TIMEOUT	30.855302	30.86678935700911	232.955904	done	0.031081	0.0337950509856455	31.404032	done	0.030678	0.03371690300991759	31.330304	done	0.03187	0.03413417300907895	31.514624
svcomp2025-termination-monotone-hulls-integralized/loop-invgen/fragtest_simple8de101.i---hull-9_integralized.yml	TIMEOUT	30.855524	30.86700491499505	234.479616	done	0.034402	0.03732955100713298	31.621120	done	0.030018	0.03249940001114737	31.309824	done	0.029017	0.031566304998705164	31.617024
svcomp2025-termination-monotone-hulls-integralized/loop-invgen/string_concat-noarr80945b.i---hull-10_integralized.yml	TIMEOUT	30.8545	30.867426697004703	241.512448	done	0.029989	0.03257462597684935	31.584256	done	0.032002	0.03400843900453765	31.293440	done	0.039383	0.04225131501152646	31.506432
svcomp2025-termination-monotone-hulls-integralized/loop-invgen/string_concat-noarr80945b.i---hull-11_integralized.yml	TIMEOUT	30.857184	30.866821767995134	237.690880	done	0.03212	0.03454634299851023	31.240192	done	0.03484	0.03741859199362807	31.289344	done	0.030137	0.03259670399711467	31.768576
svcomp2025-termination-monotone-hulls-integralized/loop-invgen/string_concat-noarr80945b.i---hull-18_integralized.yml	TIMEOUT	30.862575	30.87435553999967	429.740032	done	0.031721	0.0344158349907957	31.543296	done	0.031008	0.033597781002754346	31.260672	done	0.028734	0.031083968002349138	31.399936
svcomp2025-termination-monotone-hulls-integralized/loop-invgen/string_concat-noarr80945b.i---hull-19_integralized.yml	TIMEOUT	30.863377	30.87501111999154	427.515904	done	0.037914	0.0407443740114104	31.387648	done	0.031333	0.033429069007979706	31.264768	done	0.030894	0.03379698299977463	31.461376
svcomp2025-termination-monotone-hulls-integralized/loop-invgen/string_concat-noarr80945b.i---hull-20_integralized.yml	TIMEOUT	30.856433	30.865797091988497	220.147712	done	0.030668	0.03385771901230328	31.367168	done	0.030977	0.03330102800100576	31.330304	done	0.030552	0.03285488599794917	31.555584
svcomp2025-termination-monotone-hulls-integralized/loop-invgen/string_concat-noarr80945b.i---hull-21_integralized.yml	TIMEOUT	30.855585	30.865576229	219.435008	done	0.031562	0.03427212400129065	31.580160	done	0.029867	0.032463522991747595	31.567872	done	0.030999	0.03338175400858745	31.584256
svcomp2025-termination-monotone-hulls-integralized/loop-invgen/string_concat-noarr80945b.i---hull-22_integralized.yml	TIMEOUT	30.865101	30.875281603002804	430.891008	done	0.030097	0.03316044999519363	31.277056	done	0.030379	0.03285948099801317	31.301632	done	0.02879	0.03170493998914026	31.490048
svcomp2025-termination-monotone-hulls-integralized/loop-invgen/string_concat-noarr80945b.i---hull-23_integralized.yml	TIMEOUT	30.865367	30.87478611699771	429.436928	done	0.030637	0.03266907899524085	31.277056	done	0.03073	0.03277569399506319	31.371264	done	0.028504	0.031001387993455864	31.412224
svcomp2025-termination-monotone-hulls-integralized/loop-invgen/string_concat-noarr80945b.i---hull-6_integralized.yml	TIMEOUT	30.855455	30.86753167101415	240.594944	done	0.03055	0.03283126201131381	31.338496	done	0.030889	0.03345066399197094	31.297536	done	0.030424	0.03273178800009191	31.510528
svcomp2025-termination-monotone-hulls-integralized/loop-invgen/string_concat-noarr80945b.i---hull-7_integralized.yml	TIMEOUT	30.857109	30.86618147601257	234.397696	done	0.03525	0.037572914006887004	31.342592	done	0.029485	0.031658879001042806	31.293440	done	0.030086	0.032405413992819376	31.690752
svcomp2025-termination-monotone-hulls-integralized/loop-invgen/string_concat-noarr80945b.i---hull-8_integralized.yml	TIMEOUT	30.85553	30.866950384996017	233.877504	done	0.031044	0.03390187901095487	31.408128	done	0.03456	0.03724350599804893	31.481856	done	0.031894	0.0343183460063301	31.571968
svcomp2025-termination-monotone-hulls-integralized/loop-invgen/string_concat-noarr80945b.i---hull-9_integralized.yml	TIMEOUT	30.855171	30.867603445993154	234.188800	done	0.031146	0.03345932997763157	31.551488	done	0.031847	0.03432601700478699	31.469568	done	0.029106	0.03165536199230701	31.563776
svcomp2025-termination-monotone-hulls-integralized/loop-lit/css20038785af.i---hull-0_integralized.yml	TIMEOUT	30.85576	30.86728344700532	259.772416	done	0.036141	0.038394328992580995	31.801344	done	0.033514	0.03500662499573082	31.657984	done	0.031904	0.03475191901088692	32.485376
svcomp2025-termination-monotone-hulls-integralized/loop-lit/css20038785af.i---hull-1_integralized.yml	TIMEOUT	30.856908	30.867270770002506	259.158016	done	0.032366	0.034708936989773065	32.014336	done	0.032593	0.03497225900355261	31.547392	done	0.036901	0.04048588901059702	32.141312
svcomp2025-termination-monotone-hulls-integralized/loop-lit/css20038785af.i---hull-2_integralized.yml	TIMEOUT	30.862208	30.87181523499021	314.449920	done	0.032384	0.03514408098999411	31.674368	done	0.032653	0.035339474998181686	31.625216	done	0.030344	0.03263901099853683	32.030720
svcomp2025-termination-monotone-hulls-integralized/loop-lit/css20038785af.i---hull-3_integralized.yml	TIMEOUT	30.858435	30.869365425998694	314.466304	done	0.035234	0.03806597497896291	31.870976	done	0.032727	0.03556887600279879	31.621120	done	0.031378	0.03411207800672855	32.022528
svcomp2025-termination-monotone-hulls-integralized/loop-lit/gcnr200813ce36.i---hull-2_integralized.yml	TIMEOUT	30.855075	30.866162912003347	202.825728	done	0.040496	0.043038726988015696	32.157696	done	0.035169	0.03721084099379368	32.169984	done	0.146557	0.11101246999169234	41.861120
svcomp2025-termination-monotone-hulls-integralized/loop-lit/gcnr200813ce36.i---hull-3_integralized.yml	TIMEOUT	30.863376	30.873983605008107	205.393920	done	0.042826	0.04533203601022251	32.182272	done	0.03555	0.0377409409993561	32.051200	done	0.148572	0.11536974900809582	42.463232
svcomp2025-termination-monotone-hulls-integralized/loop-new/count_by_1_variante55e6b.i---hull-0_integralized.yml	TIMEOUT	30.864024	30.873300947001553	423.833600	done	0.029113	0.03201204098877497	31.637504	done	0.030569	0.033272061991738155	31.223808	done	0.033448	0.03575936600100249	31.281152
svcomp2025-termination-monotone-hulls-integralized/loop-new/count_by_1_variante55e6b.i---hull-1_integralized.yml	TIMEOUT	30.865518	30.875457596004708	425.955328	done	0.028506	0.03099974899669178	31.215616	done	0.029328	0.03178288199706003	31.227904	done	0.029913	0.03274801299266983	31.510528
svcomp2025-termination-monotone-hulls-integralized/loop-new/count_by_1c20557.i---hull-0_integralized.yml	TIMEOUT	30.86324	30.874053904000903	423.665664	done	0.03041	0.03308742798981257	31.342592	done	0.032201	0.0343774399952963	31.211520	done	0.033348	0.0354779830086045	31.358976
svcomp2025-termination-monotone-hulls-integralized/loop-new/count_by_1c20557.i---hull-1_integralized.yml	TIMEOUT	30.865114	30.876535128991236	424.636416	done	0.030829	0.03356452999287285	31.535104	done	0.029886	0.031953798010363244	31.207424	done	0.028194	0.031075110993697308	31.539200
svcomp2025-termination-monotone-hulls-integralized/loop-new/count_by_22bdbc1.i---hull-0_integralized.yml	TIMEOUT	30.864095	30.874405423004646	423.215104	done	0.029912	0.03245282801799476	31.477760	done	0.037397	0.03941596001095604	31.318016	done	0.031598	0.03437239599588793	31.531008
svcomp2025-termination-monotone-hulls-integralized/loop-new/count_by_22bdbc1.i---hull-1_integralized.yml	TIMEOUT	30.863745	30.87391579800169	423.432192	done	0.029312	0.03216784799587913	31.469568	done	0.032011	0.03516652500547934	31.264768	done	0.027833	0.030854755008476786	31.268864
svcomp2025-termination-monotone-hulls-integralized/loop-new/count_by_k3ddcb0.i---hull-0_integralized.yml	TIMEOUT	30.867094	30.877344516993617	544.051200	TIMEOUT	30.862228	30.873961175006116	538.284032	TIMEOUT	30.856737	30.883243454998592	554.852352	done	0.227041	0.22772059400449507	34.295808
svcomp2025-termination-monotone-hulls-integralized/loop-new/count_by_k3ddcb0.i---hull-1_integralized.yml	TIMEOUT	30.867917	30.877884407993406	540.266496	TIMEOUT	30.864115	30.875197382003535	537.673728	TIMEOUT	30.859713	30.880626236990793	551.800832	done	0.248164	0.24850779799453449	33.886208
svcomp2025-termination-monotone-hulls-integralized/loop-new/count_by_nondet12e228.i---hull-0_integralized.yml	TIMEOUT	30.870228	30.88123907400586	460.210176	done	0.030971	0.03368409399990924	31.498240	done	0.032483	0.03476642600435298	31.289344	done	0.032679	0.035478621008223854	31.653888
svcomp2025-termination-monotone-hulls-integralized/loop-new/count_by_nondet12e228.i---hull-1_integralized.yml	TIMEOUT	30.865388	30.87733347300673	462.209024	done	0.036873	0.03983909499947913	31.395840	done	0.032585	0.034170760001870804	31.289344	done	0.030115	0.03316699199785944	31.662080
svcomp2025-termination-monotone-hulls-integralized/loop-new/count_by_nondet12e228.i---hull-2_integralized.yml	TIMEOUT	30.857292	30.86746092600515	275.075072	done	0.03153	0.03439597098622471	31.494144	done	0.040538	0.04265744700387586	31.313920	done	0.0317	0.034033532996545546	31.707136
svcomp2025-termination-monotone-hulls-integralized/loop-new/count_by_nondet12e228.i---hull-3_integralized.yml	TIMEOUT	30.85959	30.867754585997318	271.360000	done	0.033438	0.03656582799158059	31.641600	done	0.033127	0.03494010999565944	31.531008	done	0.035546	0.03863708701101132	31.600640
svcomp2025-termination-monotone-hulls-integralized/loop-industry-pattern/mod3.c.v+lhb-reducer469357.i---hull-20_integralized.yml	done	0.0924	0.09464493600535206	35.463168	done	0.107005	0.10962569402181543	35.921920	done	0.085338	0.08760092098964378	35.123200	TIMEOUT	30.249014	21.20963427600509	556.261376
svcomp2025-termination-monotone-hulls-integralized/loop-industry-pattern/mod3.c.v+lhb-reducer469357.i---hull-21_integralized.yml	done	0.091125	0.09362817500368692	35.729408	done	0.110342	0.11329170799581334	36.413440	done	0.079914	0.08302959399588872	35.119104	TIMEOUT	30.223822	21.192016480999882	551.153664
svcomp2025-termination-monotone-hulls-integralized/loop-industry-pattern/mod3.c.v+lhb-reducer469357.i---hull-24_integralized.yml	done	0.076528	0.07915408800181467	35.635200	done	0.104729	0.10743464998085983	36.417536	done	0.065272	0.06869116600137204	34.947072	TIMEOUT	30.402106	21.127418158008368	629.547008
svcomp2025-termination-monotone-hulls-integralized/loop-industry-pattern/mod3.c.v+lhb-reducer469357.i---hull-25_integralized.yml	done	0.079435	0.08224047099065501	35.778560	done	0.095463	0.09787532102200203	36.184064	done	0.066359	0.0688295119907707	34.955264	TIMEOUT	30.092416	21.244790090000606	629.698560
svcomp2025-termination-monotone-hulls-integralized/loop-industry-pattern/mod3.c.v+sep-reducer7ddc28.i---hull-24_integralized.yml	done	0.115901	0.11884157800523099	36.392960	done	0.132479	0.1353810139989946	36.646912	done	0.094667	0.09751786000560969	35.323904	TIMEOUT	31.573828	20.60676591900119	499.941376
svcomp2025-termination-monotone-hulls-integralized/loop-industry-pattern/mod3.c.v+sep-reducer7ddc28.i---hull-25_integralized.yml	done	0.124221	0.12769136899441946	36.401152	done	0.134629	0.13734920500428416	36.388864	done	0.093937	0.09703290200559422	35.274752	TIMEOUT	31.51021	20.651621773009538	490.119168
svcomp2025-termination-monotone-hulls-integralized/loop-industry-pattern/nested-382a76c.i---hull-10_integralized.yml	TIMEOUT	30.857881	30.8674917830067	242.003968	done	0.034847	0.037437382008647546	31.567872	done	0.035323	0.03723361800075509	31.698944	done	0.037403	0.039868196996394545	31.883264
svcomp2025-termination-monotone-hulls-integralized/loop-industry-pattern/nested-382a76c.i---hull-11_integralized.yml	TIMEOUT	30.85841	30.8698362409923	242.409472	done	0.034588	0.03721865298575722	31.834112	done	0.03147	0.03345259999332484	31.387648	done	0.033727	0.03633596398867667	31.830016
svcomp2025-termination-monotone-hulls-integralized/loop-industry-pattern/nested-382a76c.i---hull-22_integralized.yml	TIMEOUT	30.860019	30.86836259899428	295.747584	done	0.039221	0.04143512001610361	32.337920	done	0.038572	0.04108738999639172	31.899648	done	0.035861	0.03861831300309859	33.103872
svcomp2025-termination-monotone-hulls-integralized/loop-industry-pattern/nested-382a76c.i---hull-23_integralized.yml	TIMEOUT	30.858592	30.867704101998243	296.755200	done	0.038843	0.04179613900487311	32.174080	done	0.032306	0.03498762300296221	31.965184	done	0.035992	0.03780641499906778	33.087488
svcomp2025-termination-monotone-hulls-integralized/loop-industry-pattern/nested-382a76c.i---hull-26_integralized.yml	TIMEOUT	30.862164	30.87102142299409	295.452672	done	0.040457	0.04261767599382438	31.907840	done	0.035989	0.03785877500195056	31.932416	done	0.042353	0.045317172989598475	33.288192
svcomp2025-termination-monotone-hulls-integralized/loop-industry-pattern/nested-382a76c.i---hull-27_integralized.yml	TIMEOUT	30.85818	30.86774123700161	297.250816	done	0.034382	0.03695943800266832	31.916032	done	0.033696	0.036156327012577094	32.157696	done	0.037501	0.040164524005376734	33.095680
svcomp2025-termination-monotone-hulls-integralized/loop-industry-pattern/ofuf_124a27b.i---hull-26_integralized.yml	TIMEOUT	30.86442	30.874633095008903	232.218624	done	0.58961	0.5931246740219649	53.596160	done	0.32181	0.3252841979992809	53.743616	done	17.344906	17.357571832006215	430.129152
svcomp2025-termination-monotone-hulls-integralized/loop-industry-pattern/ofuf_124a27b.i---hull-27_integralized.yml	TIMEOUT	30.85765	30.867820824001683	230.887424	done	0.627321	0.6334401619969867	53.616640	done	0.299313	0.30186599800072145	53.923840	done	17.387692	17.39508357999148	430.063616
svcomp2025-termination-monotone-hulls-integralized/loop-industry-pattern/ofuf_124a27b.i---hull-62_integralized.yml	TIMEOUT	30.860482	30.869724578995374	217.378816	done	0.478675	0.4818165969918482	51.859456	done	0.270396	0.27324570799828507	51.359744	done	20.854904	20.870106200993177	364.318720
svcomp2025-termination-monotone-hulls-integralized/loop-industry-pattern/ofuf_124a27b.i---hull-63_integralized.yml	TIMEOUT	30.857457	30.865796265003155	215.457792	done	0.486701	0.49015034397598356	52.162560	done	0.254596	0.2565489870030433	51.318784	done	20.558457	20.567914737999672	364.335104
svcomp2025-termination-monotone-hulls-integralized/loop-industry-pattern/ofuf_2e26a7f.i---hull-26_integralized.yml	TIMEOUT	30.858147	30.86803796798631	236.085248	done	0.724558	0.7272940370021388	53.350400	done	0.348014	0.3505889060033951	53.936128	done	17.161755	17.168725312003517	364.023808
svcomp2025-termination-monotone-hulls-integralized/loop-industry-pattern/ofuf_2e26a7f.i---hull-27_integralized.yml	TIMEOUT	30.857463	30.865295656985836	228.220928	done	0.738445	0.7415356799901929	53.334016	done	0.343436	0.34742692999134306	53.985280	done	16.587916	16.597277328008204	363.954176
svcomp2025-termination-monotone-hulls-integralized/loop-industry-pattern/ofuf_2e26a7f.i---hull-28_integralized.yml	TIMEOUT	30.857928	30.86708341499616	241.147904	done	0.537746	0.5411320609855466	53.338112	done	0.293347	0.2959330960002262	53.145600	done	16.790091	16.808859743003268	540.086272
svcomp2025-termination-monotone-hulls-integralized/loop-industry-pattern/ofuf_2e26a7f.i---hull-29_integralized.yml	TIMEOUT	30.857577	30.867151295999065	239.869952	done	0.553798	0.556774829979986	52.903936	done	0.285947	0.2884921730001224	53.178368	done	16.627071	16.64326214599714	540.053504
svcomp2025-termination-monotone-hulls-integralized/loop-industry-pattern/ofuf_2e26a7f.i---hull-62_integralized.yml	TIMEOUT	30.856653	30.865149928009487	222.863360	done	0.619388	0.6220348229981028	52.637696	done	0.314539	0.31749421000131406	52.424704	done	17.60549	17.62780284100154	584.728576
svcomp2025-termination-monotone-hulls-integralized/loop-industry-pattern/ofuf_2e26a7f.i---hull-63_integralized.yml	TIMEOUT	30.856854	30.86583618298755	222.457856	done	0.575097	0.578134057985153	52.576256	done	0.321297	0.32452094700420275	52.473856	done	17.072599	17.078478374998667	584.728576
svcomp2025-termination-monotone-hulls-integralized/loop-industry-pattern/ofuf_3e395ee.i---hull-26_integralized.yml	TIMEOUT	30.855584	30.869476403997396	244.994048	done	0.675317	0.6781871029816102	53.108736	done	0.346141	0.3482485429994995	53.948416	done	17.074764	17.08058254000207	363.872256
svcomp2025-termination-monotone-hulls-integralized/loop-industry-pattern/ofuf_3e395ee.i---hull-27_integralized.yml	TIMEOUT	30.858897	30.872682891000295	239.554560	done	0.728004	0.7313120710023213	53.440512	done	0.350091	0.3521866660012165	54.218752	done	17.045845	17.051811354991514	363.876352
svcomp2025-termination-monotone-hulls-integralized/loop-industry-pattern/ofuf_3e395ee.i---hull-28_integralized.yml	TIMEOUT	30.858379	30.872395965998294	226.979840	done	0.574555	0.5782707059988752	52.740096	done	0.293927	0.296621055007563	53.379072	done	16.302352	16.309841538008186	540.151808
svcomp2025-termination-monotone-hulls-integralized/loop-industry-pattern/ofuf_3e395ee.i---hull-29_integralized.yml	TIMEOUT	30.856085	30.869933770998614	237.658112	done	0.568568	0.5711167409899645	53.075968	done	0.321693	0.32462440298695583	53.248000	done	16.335901	16.342167445996893	540.172288
svcomp2025-termination-monotone-hulls-integralized/loop-industry-pattern/ofuf_3e395ee.i---hull-62_integralized.yml	TIMEOUT	30.856952	30.87128943800053	203.067392	done	0.569571	0.5720819839916658	52.781056	done	0.300768	0.3038962520076893	52.424704	done	17.265291	17.27293480699882	584.880128
svcomp2025-termination-monotone-hulls-integralized/loop-industry-pattern/ofuf_3e395ee.i---hull-63_integralized.yml	TIMEOUT	30.855436	30.86864460700599	212.525056	done	0.613673	0.6173522809986025	53.030912	done	0.307634	0.31203165599436034	52.568064	done	16.438148	16.443854038996506	584.769536
svcomp2025-termination-monotone-hulls-integralized/loop-industry-pattern/ofuf_4e80f52.i---hull-26_integralized.yml	TIMEOUT	30.863317	30.880256559001282	245.563392	done	0.703665	0.7078008700045757	53.252096	done	0.354426	0.358128787993337	54.521856	done	16.363881	16.370598089008126	363.847680
svcomp2025-termination-monotone-hulls-integralized/loop-industry-pattern/ofuf_4e80f52.i---hull-27_integralized.yml	TIMEOUT	30.856465	30.872572650987422	242.819072	done	0.675372	0.6775837689929176	53.329920	done	0.346364	0.3497562850097893	53.997568	done	16.136313	16.14247983599489	363.880448
svcomp2025-termination-monotone-hulls-integralized/loop-industry-pattern/ofuf_4e80f52.i---hull-28_integralized.yml	TIMEOUT	30.856947	30.87281673999678	249.098240	done	0.581646	0.5848743459791876	52.977664	done	0.29476	0.29959537301328965	53.149696	done	16.265584	16.27261060399178	540.315648
svcomp2025-termination-monotone-hulls-integralized/loop-industry-pattern/ofuf_4e80f52.i---hull-29_integralized.yml	TIMEOUT	30.861936	30.878440821004915	238.292992	done	0.570586	0.5738363580021542	52.707328	done	0.308837	0.3124383420072263	53.129216	done	16.138279	16.146761979005532	540.332032
svcomp2025-termination-monotone-hulls-integralized/loop-industry-pattern/ofuf_4e80f52.i---hull-62_integralized.yml	TIMEOUT	30.862103	30.877119413999026	208.678912	done	0.620282	0.6237908259790856	52.576256	done	0.294336	0.2987370839982759	52.563968	done	16.70456	16.71430096500262	585.019392
svcomp2025-termination-monotone-hulls-integralized/loop-industry-pattern/ofuf_4e80f52.i---hull-63_integralized.yml	TIMEOUT	30.862212	30.87649774599413	222.605312	done	0.598774	0.6019776239991188	52.875264	done	0.292077	0.2969959390029544	52.527104	done	16.958231	16.965904317999957	584.769536
svcomp2025-termination-monotone-hulls-integralized/loop-industry-pattern/ofuf_58abe66.i---hull-26_integralized.yml	TIMEOUT	30.860736	30.878433208010392	257.105920	done	0.72172	0.7245275039749686	53.166080	done	0.342396	0.3459658030042192	54.165504	done	15.996426	16.00552047599922	363.905024
svcomp2025-termination-monotone-hulls-integralized/loop-industry-pattern/ofuf_58abe66.i---hull-27_integralized.yml	TIMEOUT	30.854886	30.87416927301092	253.730816	done	0.681557	0.6844664939853828	53.415936	done	0.340176	0.34300012300082017	53.985280	done	16.120148	16.127814111998305	364.134400
svcomp2025-termination-monotone-hulls-integralized/loop-industry-pattern/ofuf_58abe66.i---hull-28_integralized.yml	TIMEOUT	30.857111	30.872119541993015	237.002752	done	0.530565	0.5326704460021574	52.776960	done	0.2902	0.29326996199961286	53.186560	done	16.021082	16.03057752099994	540.090368
svcomp2025-termination-monotone-hulls-integralized/loop-industry-pattern/ofuf_58abe66.i---hull-29_integralized.yml	TIMEOUT	30.861203	30.87740872798895	239.153152	done	0.579072	0.5822879949992057	52.715520	done	0.284779	0.2869444240059238	53.182464	done	15.979577	15.988362315008999	540.065792
svcomp2025-termination-monotone-hulls-integralized/loop-industry-pattern/ofuf_58abe66.i---hull-62_integralized.yml	TIMEOUT	30.861829	30.876388452001265	211.677184	done	0.578139	0.5814647899824195	52.641792	done	0.295074	0.29808080299699213	52.514816	done	17.629448	17.637696324993158	584.769536
svcomp2025-termination-monotone-hulls-integralized/loop-industry-pattern/ofuf_58abe66.i---hull-63_integralized.yml	TIMEOUT	30.860913	30.876419823995093	214.482944	done	0.604367	0.6072958429867867	52.789248	done	0.315678	0.31810328099527396	52.592640	done	16.686303	16.69489588799479	585.048064
svcomp2025-termination-monotone-hulls-integralized/loops-crafted-1/Mono1_1-15bfb63.i---hull-0_integralized.yml	TIMEOUT	30.857499	30.87055139998847	191.770624	done	0.030616	0.0329027259722352	31.293440	done	0.036582	0.0386468599899672	31.502336	done	0.035513	0.037976392995915376	31.690752
svcomp2025-termination-monotone-hulls-integralized/loops-crafted-1/Mono1_1-15bfb63.i---hull-1_integralized.yml	TIMEOUT	30.855939	30.871179937996203	192.462848	done	0.029994	0.03273073700256646	31.301632	done	0.029167	0.031349576005595736	31.395840	done	0.032578	0.03512012200371828	31.420416
svcomp2025-termination-monotone-hulls-integralized/loops-crafted-1/Mono1_1-2efb446.i---hull-0_integralized.yml	TIMEOUT	30.856543	30.87131477499497	191.713280	done	0.031358	0.03358925899374299	31.289344	done	0.029603	0.03228471700276714	31.268864	done	0.028818	0.031143036991124973	31.432704
svcomp2025-termination-monotone-hulls-integralized/loops-crafted-1/Mono1_1-2efb446.i---hull-1_integralized.yml	TIMEOUT	30.856181	30.871231957993587	191.266816	done	0.034263	0.03710931501700543	31.461376	done	0.031677	0.03425142700143624	31.535104	done	0.03104	0.03323827600979712	31.789056
svcomp2025-termination-monotone-hulls-integralized/loops-crafted-1/Mono3_17a5877.i---hull-0_integralized.yml	TIMEOUT	30.861454	30.875336465993314	195.424256	done	0.031944	0.03401750500779599	31.604736	done	0.040105	0.04220079899823759	31.428608	done	0.029363	0.0324402100086445	31.612928
svcomp2025-termination-monotone-hulls-integralized/loops-crafted-1/Mono3_17a5877.i---hull-1_integralized.yml	TIMEOUT	30.856777	30.871817316001398	195.997696	done	0.031663	0.0346333610068541	31.334400	done	0.030692	0.03218868900148664	31.326208	done	0.031082	0.033873884996864945	31.584256
svcomp2025-termination-monotone-hulls-integralized/loops-crafted-1/Mono4_1748c2c.i---hull-0_integralized.yml	TIMEOUT	30.877359	30.89223735399719	408.940544	done	0.034336	0.03674175500054844	31.342592	done	0.034418	0.036266078997869045	31.354880	done	0.032987	0.03606284900160972	31.571968
svcomp2025-termination-monotone-hulls-integralized/loops-crafted-1/Mono4_1748c2c.i---hull-1_integralized.yml	TIMEOUT	30.87161	30.884800001003896	415.232000	done	0.032427	0.035400938999373466	31.727616	done	0.041186	0.0435878110001795	31.657984	done	0.030265	0.03278374799992889	31.887360
svcomp2025-termination-monotone-hulls-integralized/loops-crafted-1/Mono5_1740664.i---hull-0_integralized.yml	TIMEOUT	30.865367	30.879683500999818	210.743296	done	0.030842	0.03356015699682757	31.551488	done	0.033301	0.03521526099939365	31.371264	done	0.042413	0.04488956500426866	31.555584
svcomp2025-termination-monotone-hulls-integralized/loops-crafted-1/Mono5_1740664.i---hull-1_integralized.yml	TIMEOUT	30.857325	30.87130217300728	210.718720	done	0.03205	0.03436638100538403	31.711232	done	0.03242	0.035068415993009694	31.383552	done	0.03696	0.039510144997620955	31.924224
svcomp2025-termination-monotone-hulls-integralized/loops-crafted-1/Mono6_195b3dd.i---hull-0_integralized.yml	TIMEOUT	30.85702	30.872173088995623	224.677888	done	0.033176	0.03563291599857621	31.563776	done	0.034453	0.03632899800140876	31.506432	done	0.033843	0.036906942987116054	31.748096
svcomp2025-termination-monotone-hulls-integralized/loops-crafted-1/Mono6_195b3dd.i---hull-1_integralized.yml	TIMEOUT	30.857158	30.872228783002356	224.452608	done	0.034465	0.03710716898785904	31.453184	done	0.030316	0.03215703599562403	31.383552	done	0.030809	0.032510686010937206	31.727616
svcomp2025-termination-monotone-hulls-integralized/loops-crafted-1/discover_list5ca10c.i---hull-4_integralized.yml	TIMEOUT	30.856279	30.86727365499246	144.457728	done	0.197399	0.19975637100287713	39.096320	done	0.096986	0.09998050099238753	37.384192	done	0.521884	0.5254655839962652	180.563968
svcomp2025-termination-monotone-hulls-integralized/loops-crafted-1/discover_list5ca10c.i---hull-5_integralized.yml	TIMEOUT	30.855615	30.869566591994953	113.942528	done	0.194528	0.19794180200551637	39.116800	done	0.101965	0.10449674999108538	37.167104	done	0.528784	0.5320065090054413	180.568064
svcomp2025-termination-monotone-hulls-integralized/loops-crafted-1/loopv353aed8.i---hull-0_integralized.yml	TIMEOUT	30.862408	30.874713892000727	432.435200	done	0.029857	0.0321670490084216	31.277056	done	0.030587	0.03345438699761871	31.514624	done	0.03202	0.03453045700734947	31.404032
svcomp2025-termination-monotone-hulls-integralized/loops-crafted-1/loopv353aed8.i---hull-1_integralized.yml	TIMEOUT	30.862195	30.876071165010217	433.491968	done	0.031659	0.033615928987273946	31.408128	done	0.034428	0.03715485199063551	31.326208	done	0.027798	0.030671682994579896	31.404032
svcomp2025-termination-monotone-hulls-integralized/loops-crafted-1/mono-crafted_10a86cbe.i---hull-0_integralized.yml	TIMEOUT	30.85533	30.866155950992834	234.942464	done	0.036301	0.03933870399487205	31.707136	done	0.035331	0.03870382900640834	31.387648	done	0.030649	0.03290065699547995	31.723520
svcomp2025-termination-monotone-hulls-integralized/loops-crafted-1/mono-crafted_10a86cbe.i---hull-1_integralized.yml	TIMEOUT	30.855992	30.865918932002387	233.517056	done	0.030875	0.03299460600828752	31.576064	done	0.035256	0.03731246100505814	31.494144	done	0.036698	0.0400041870016139	31.735808
svcomp2025-termination-monotone-hulls-integralized/loops-crafted-1/mono-crafted_11411084.i---hull-0_integralized.yml	TIMEOUT	30.853769	30.866003722010646	211.984384	done	0.043849	0.04913515501539223	31.399936	done	0.02823	0.030255429999670014	31.264768	done	0.029643	0.03242011800466571	31.776768
svcomp2025-termination-monotone-hulls-integralized/loops-crafted-1/mono-crafted_11411084.i---hull-1_integralized.yml	TIMEOUT	30.854128	30.865699870992103	211.513344	done	0.031216	0.03363352999440394	31.404032	done	0.028812	0.031182741004158743	31.272960	done	0.030321	0.032700794996344484	31.506432
svcomp2025-termination-monotone-hulls-integralized/loops-crafted-1/mono-crafted_12fa8d2a.i---hull-0_integralized.yml	TIMEOUT	30.854615	30.866966115005198	234.622976	done	0.035323	0.0378897640039213	31.477760	done	0.031544	0.03383923500950914	31.391744	done	0.030559	0.03355789100169204	31.711232
svcomp2025-termination-monotone-hulls-integralized/loops-crafted-1/mono-crafted_12fa8d2a.i---hull-1_integralized.yml	TIMEOUT	30.854215	30.86891617201036	234.430464	done	0.032579	0.034801494010025635	31.477760	done	0.030125	0.032905376006965525	31.391744	done	0.032068	0.03502234700135887	31.571968
svcomp2025-termination-monotone-hulls-integralized/loops-crafted-1/mono-crafted_139414f2.i---hull-10_integralized.yml	TIMEOUT	30.85351	30.871053164999466	228.990976	done	0.031511	0.03428824900765903	31.481856	done	0.033051	0.03595776000292972	31.522816	done	0.032811	0.035412333003478125	31.846400
svcomp2025-termination-monotone-hulls-integralized/loops-crafted-1/mono-crafted_139414f2.i---hull-11_integralized.yml	TIMEOUT	30.852201	30.870725543994922	229.576704	done	0.030936	0.03338282700860873	31.748096	done	0.038173	0.040563242000644095	31.412224	done	0.031071	0.03360833499755245	31.825920
svcomp2025-termination-monotone-hulls-integralized/loops-crafted-1/mono-crafted_139414f2.i---hull-12_integralized.yml	TIMEOUT	30.849816	30.869659960007994	230.739968	done	0.030235	0.03284565301146358	31.711232	done	0.038443	0.041018445990630426	31.395840	done	0.033006	0.035785353000392206	31.580160
svcomp2025-termination-monotone-hulls-integralized/loops-crafted-1/mono-crafted_139414f2.i---hull-13_integralized.yml	TIMEOUT	30.851886	30.867344374986715	229.101568	done	0.03044	0.03342538099968806	31.555584	done	0.033349	0.03636954199464526	31.580160	done	0.032485	0.03591865499038249	31.559680
svcomp2025-termination-monotone-hulls-integralized/loops-crafted-1/mono-crafted_139414f2.i---hull-8_integralized.yml	TIMEOUT	30.854149	30.86734841199359	225.226752	done	0.029644	0.031897580018267035	31.444992	done	0.03103	0.033866601006593555	31.387648	done	0.034164	0.03678124598809518	31.543296
svcomp2025-termination-monotone-hulls-integralized/loops-crafted-1/mono-crafted_139414f2.i---hull-9_integralized.yml	TIMEOUT	30.854624	30.866729197994573	225.824768	done	0.03121	0.03394873600336723	31.547392	done	0.032791	0.03474819900293369	31.387648	done	0.034417	0.03658971200638916	31.629312
svcomp2025-termination-monotone-hulls-integralized/loops-crafted-1/mono-crafted_147237ee.i---hull-10_integralized.yml	TIMEOUT	30.851317	30.868386165995616	222.220288	done	0.034492	0.03674059300101362	31.621120	done	0.034212	0.03663612400123384	31.367168	done	0.02942	0.03186289498989936	31.662080
svcomp2025-termination-monotone-hulls-integralized/loops-crafted-1/mono-crafted_147237ee.i---hull-11_integralized.yml	TIMEOUT	30.852334	30.866461448997143	219.512832	done	0.043441	0.045877130003646016	31.367168	done	0.035019	0.037890715000685304	31.899648	done	0.03728	0.039679066991084255	31.920128
svcomp2025-termination-monotone-hulls-integralized/loops-crafted-1/mono-crafted_147237ee.i---hull-12_integralized.yml	TIMEOUT	30.861865	30.87438127900532	427.044864	done	0.030695	0.03319663600996137	31.617024	done	0.031714	0.03392121799697634	31.465472	done	0.031012	0.03349632599565666	31.580160
svcomp2025-termination-monotone-hulls-integralized/loops-crafted-1/mono-crafted_147237ee.i---hull-13_integralized.yml	TIMEOUT	30.86002	30.87483422299556	432.959488	done	0.02951	0.03188830800354481	31.358976	done	0.031151	0.032835796009749174	31.371264	done	0.037395	0.03992966101213824	31.588352
svcomp2025-termination-monotone-hulls-integralized/loops-crafted-1/mono-crafted_147237ee.i---hull-8_integralized.yml	TIMEOUT	30.867388	30.879440336997504	427.495424	done	0.031903	0.034620757010998204	31.338496	done	0.030079	0.032402013006503694	31.371264	done	0.029959	0.03284936099953484	31.825920
svcomp2025-termination-monotone-hulls-integralized/loops-crafted-1/mono-crafted_147237ee.i---hull-9_integralized.yml	TIMEOUT	30.863489	30.87586876799469	426.115072	done	0.030911	0.03306433302350342	31.399936	done	0.031869	0.03436540700204205	31.600640	done	0.032082	0.035328229001606815	31.825920
svcomp2025-termination-monotone-hulls-integralized/loops-crafted-1/mono-crafted_17db2a3.i---hull-10_integralized.yml	TIMEOUT	30.854473	30.86691890899965	219.807744	done	0.031179	0.03334534901659936	31.358976	done	0.034376	0.03656465200765524	31.358976	done	0.033769	0.03656945200054906	31.842304
svcomp2025-termination-monotone-hulls-integralized/loops-crafted-1/mono-crafted_17db2a3.i---hull-11_integralized.yml	TIMEOUT	30.854203	30.866007998003624	217.460736	done	0.037132	0.03988806897541508	31.346688	done	0.030972	0.03297487599775195	31.617024	done	0.030014	0.03239409500383772	31.571968
svcomp2025-termination-monotone-hulls-integralized/loops-crafted-1/mono-crafted_17db2a3.i---hull-12_integralized.yml	TIMEOUT	30.859582	30.87611927500984	430.096384	done	0.030399	0.03280202898895368	31.354880	done	0.031634	0.033643595001194626	31.621120	done	0.030591	0.03348701600043569	31.563776
svcomp2025-termination-monotone-hulls-integralized/loops-crafted-1/mono-crafted_17db2a3.i---hull-13_integralized.yml	TIMEOUT	30.865865	30.879429975000676	431.644672	done	0.032237	0.035046752978814766	31.383552	done	0.030799	0.033283520009717904	31.338496	done	0.032362	0.035401674002059735	31.580160
svcomp2025-termination-monotone-hulls-integralized/loops-crafted-1/mono-crafted_17db2a3.i---hull-8_integralized.yml	TIMEOUT	30.861457	30.875724964003894	428.847104	done	0.030248	0.032894602016313	31.338496	done	0.031487	0.03441161000228021	31.621120	done	0.03049	0.033206465988769196	31.563776
svcomp2025-termination-monotone-hulls-integralized/loops-crafted-1/mono-crafted_17db2a3.i---hull-9_integralized.yml	TIMEOUT	30.863922	30.87554235200514	426.237952	done	0.033888	0.03600166199612431	31.354880	done	0.030934	0.03332520800177008	31.350784	done	0.030799	0.03290007599571254	31.617024
svcomp2025-termination-monotone-hulls-integralized/loops-crafted-1/mono-crafted_3515015.i---hull-10_integralized.yml	TIMEOUT	30.853564	30.866490864005755	219.598848	done	0.033343	0.035865915997419506	31.465472	done	0.030158	0.03283142199506983	31.363072	done	0.031604	0.03478182900289539	31.621120
svcomp2025-termination-monotone-hulls-integralized/loops-crafted-1/mono-crafted_3515015.i---hull-11_integralized.yml	TIMEOUT	30.855213	30.866616605999297	217.706496	done	0.03146	0.0340097910084296	31.346688	done	0.038294	0.04081792700162623	31.358976	done	0.034811	0.03648650800460018	31.576064
svcomp2025-termination-monotone-hulls-integralized/loops-crafted-1/mono-crafted_3515015.i---hull-12_integralized.yml	TIMEOUT	30.86079	30.877138312003808	432.181248	done	0.030518	0.03303735898225568	31.338496	done	0.031258	0.03390841699729208	31.387648	done	0.031913	0.03430186399782542	31.571968
svcomp2025-termination-monotone-hulls-integralized/loops-crafted-1/mono-crafted_3515015.i---hull-13_integralized.yml	TIMEOUT	30.86183	30.876453616991057	428.290048	done	0.037831	0.0400712660048157	31.596544	done	0.031971	0.03515118799987249	31.633408	done	0.031212	0.033641200003330596	31.657984
svcomp2025-termination-monotone-hulls-integralized/loops-crafted-1/mono-crafted_3515015.i---hull-8_integralized.yml	TIMEOUT	30.861934	30.87472964999324	432.197632	done	0.031804	0.03474194402224384	31.342592	done	0.03633	0.039522649996797554	31.510528	done	0.032862	0.034758630994474515	31.567872
svcomp2025-termination-monotone-hulls-integralized/loops-crafted-1/mono-crafted_3515015.i---hull-9_integralized.yml	TIMEOUT	30.861831	30.87542123401363	428.310528	done	0.032973	0.035796002979623154	31.342592	done	0.03787	0.04012158799741883	31.358976	done	0.031437	0.03382940500159748	31.571968
svcomp2025-termination-monotone-hulls-integralized/loops-crafted-1/mono-crafted_6bf821a.i---hull-0_integralized.yml	TIMEOUT	30.861802	30.874557707007625	442.679296	done	0.032841	0.035517751006409526	31.498240	done	0.035663	0.037868971994612366	31.457280	done	0.031605	0.03391356499923859	31.887360
svcomp2025-termination-monotone-hulls-integralized/loops-crafted-1/mono-crafted_6bf821a.i---hull-1_integralized.yml	TIMEOUT	30.8611	30.875198190988158	442.929152	done	0.034226	0.03692359698470682	31.498240	done	0.034058	0.03657174600812141	31.469568	done	0.031357	0.03426138999930117	32.149504
svcomp2025-termination-monotone-hulls-integralized/loops-crafted-1/mono-crafted_78f6d7d.i---hull-10_integralized.yml	TIMEOUT	30.853272	30.866860939000617	220.221440	done	0.031609	0.03388066100887954	31.608832	done	0.035217	0.03774570900714025	31.371264	done	0.030566	0.034045223001157865	31.567872
svcomp2025-termination-monotone-hulls-integralized/loops-crafted-1/mono-crafted_78f6d7d.i---hull-11_integralized.yml	TIMEOUT	30.853109	30.866048756011878	218.062848	done	0.035141	0.03752606699708849	31.469568	done	0.030667	0.033036460998118855	31.358976	done	0.036385	0.039059607006493025	31.621120
svcomp2025-termination-monotone-hulls-integralized/loops-crafted-1/mono-crafted_78f6d7d.i---hull-12_integralized.yml	TIMEOUT	30.861341	30.876491525006713	433.172480	done	0.031321	0.03375725098885596	31.338496	done	0.030967	0.033166156004881486	31.350784	done	0.031947	0.03439739299938083	31.649792
svcomp2025-termination-monotone-hulls-integralized/loops-crafted-1/mono-crafted_78f6d7d.i---hull-13_integralized.yml	TIMEOUT	30.861387	30.874650405996363	432.287744	done	0.031573	0.03422735500498675	31.338496	done	0.035325	0.03808466099144425	31.346688	done	0.031189	0.03434203698998317	31.571968
svcomp2025-termination-monotone-hulls-integralized/loops-crafted-1/mono-crafted_78f6d7d.i---hull-8_integralized.yml	TIMEOUT	30.862246	30.87543927000661	430.718976	done	0.03086	0.033454289979999885	31.604736	done	0.030804	0.033034981999662705	31.608832	done	0.031702	0.034184088988695294	31.715328
svcomp2025-termination-monotone-hulls-integralized/loops-crafted-1/mono-crafted_78f6d7d.i---hull-9_integralized.yml	TIMEOUT	30.865049	30.87884659100382	432.254976	done	0.031649	0.034606534987688065	31.342592	done	0.031938	0.0341359810117865	31.395840	done	0.03098	0.03307795499858912	31.580160
svcomp2025-termination-monotone-hulls-integralized/loops-crafted-1/mono-crafted_8a0c575.i---hull-0_integralized.yml	TIMEOUT	30.854107	30.868294680010877	231.235584	done	0.031066	0.03360482901916839	31.461376	done	0.035028	0.038007736002327874	31.391744	done	0.030231	0.032385859987698495	31.825920
svcomp2025-termination-monotone-hulls-integralized/loops-crafted-1/mono-crafted_8a0c575.i---hull-1_integralized.yml	TIMEOUT	30.853327	30.86629917701066	229.072896	done	0.034722	0.03759754600469023	32.198656	done	0.031168	0.03386054400471039	31.375360	done	0.032384	0.03482298200833611	31.707136
svcomp2025-termination-monotone-hulls-integralized/loops-crafted-1/mono-crafted_9ef5a96.i---hull-0_integralized.yml	TIMEOUT	30.859594	30.875491434999276	432.353280	done	0.032857	0.03525168899795972	31.338496	done	0.031769	0.03453621600056067	31.358976	done	0.033035	0.035760808998020366	31.846400
svcomp2025-termination-monotone-hulls-integralized/loops-crafted-1/mono-crafted_9ef5a96.i---hull-1_integralized.yml	TIMEOUT	30.861595	30.87463624100201	432.619520	done	0.034512	0.037815556017449126	31.346688	done	0.038777	0.04074298299383372	31.367168	done	0.031385	0.03474221199576277	31.625216
svcomp2025-termination-monotone-hulls-integralized/loops-crafted-1/nested3-1_abstracted286176.i---hull-0_integralized.yml	TIMEOUT	30.854827	30.868892260012217	254.124032	done	0.042119	0.04506015399238095	31.731712	done	0.031689	0.033869681996293366	31.494144	done	0.085362	0.06736134499078616	35.303424
svcomp2025-termination-monotone-hulls-integralized/loops-crafted-1/nested3-1_abstracted286176.i---hull-10_integralized.yml	TIMEOUT	30.866188	30.879317341998103	444.739584	done	0.03245	0.034811924007954076	31.649792	done	0.032596	0.03502541499619838	31.780864	done	0.089239	0.07145479899190832	35.651584
svcomp2025-termination-monotone-hulls-integralized/loops-crafted-1/nested3-1_abstracted286176.i---hull-11_integralized.yml	TIMEOUT	30.86117	30.87567510800727	445.812736	done	0.034021	0.036650831025326625	31.576064	done	0.035532	0.037442765999003313	31.522816	done	0.083887	0.06606977101182565	35.389440
svcomp2025-termination-monotone-hulls-integralized/loops-crafted-1/nested3-1_abstracted286176.i---hull-14_integralized.yml	TIMEOUT	30.862191	30.87688703800086	524.984320	done	0.030831	0.032862086984096095	31.633408	done	0.032491	0.03501090900681447	31.567872	done	0.051823	0.04681565999635495	35.946496
svcomp2025-termination-monotone-hulls-integralized/loops-crafted-1/nested3-1_abstracted286176.i---hull-15_integralized.yml	TIMEOUT	30.869755	30.881882362999022	523.300864	done	0.031889	0.03494939999654889	31.617024	done	0.040139	0.04285044700372964	31.793152	done	0.0534	0.047061872988706455	36.061184
svcomp2025-termination-monotone-hulls-integralized/loops-crafted-1/nested3-1_abstracted286176.i---hull-16_integralized.yml	TIMEOUT	30.864422	30.877125203987816	514.109440	done	0.031495	0.03427570199710317	31.621120	done	0.034731	0.03745497699128464	31.809536	done	0.057009	0.051978550996864215	36.249600
svcomp2025-termination-monotone-hulls-integralized/loops-crafted-1/nested3-1_abstracted286176.i---hull-17_integralized.yml	TIMEOUT	30.864745	30.87737807800295	515.575808	done	0.038762	0.041501336003420874	31.875072	done	0.034396	0.03741154901217669	31.567872	done	0.055972	0.050170643007731996	35.815424
svcomp2025-termination-monotone-hulls-integralized/loops-crafted-1/nested3-1_abstracted286176.i---hull-18_integralized.yml	TIMEOUT	30.861988	30.87362113200652	492.535808	done	0.032941	0.03544385399436578	31.678464	done	0.030806	0.033679799002129585	31.690752	done	0.058906	0.05431067600147799	36.593664
svcomp2025-termination-monotone-hulls-integralized/loops-crafted-1/nested3-1_abstracted286176.i---hull-19_integralized.yml	TIMEOUT	30.862645	30.87492443798692	492.601344	done	0.032182	0.03481388100772165	31.891456	done	0.031586	0.035002580989385024	31.592448	done	0.054145	0.04883439499826636	35.684352
svcomp2025-termination-monotone-hulls-integralized/loops-crafted-1/nested3-1_abstracted286176.i---hull-1_integralized.yml	TIMEOUT	30.853827	30.869004519990995	258.908160	done	0.034707	0.03745131799951196	31.629312	done	0.031629	0.03407558200706262	31.830016	done	0.088657	0.07064238299790304	35.549184
svcomp2025-termination-monotone-hulls-integralized/loops-crafted-1/nested3-1_abstracted286176.i---hull-2_integralized.yml	TIMEOUT	30.863647	30.87815334399056	549.867520	done	0.035546	0.038089589012088254	31.633408	done	0.029568	0.031469291003304534	31.473664	done	0.084818	0.06467116599378642	35.151872
svcomp2025-termination-monotone-hulls-integralized/loops-crafted-1/nested3-1_abstracted286176.i---hull-3_integralized.yml	TIMEOUT	30.870422	30.884528160997434	552.738816	done	0.0337	0.0364918950072024	31.735808	done	0.03291	0.0349099230079446	31.727616	done	0.082804	0.06467717098712455	35.487744
svcomp2025-termination-monotone-hulls-integralized/loops-crafted-1/nested3-1_abstracted286176.i---hull-6_integralized.yml	TIMEOUT	30.863236	30.875902953994228	454.782976	done	0.031715	0.033516534022055566	31.522816	done	0.033268	0.0359596290072659	31.793152	done	0.087773	0.07011303699982818	35.180544
svcomp2025-termination-monotone-hulls-integralized/loops-crafted-1/nested3-1_abstracted286176.i---hull-7_integralized.yml	TIMEOUT	30.866129	30.878468241993687	450.600960	done	0.031372	0.03417204902507365	31.612928	done	0.031345	0.03404132700234186	31.481856	done	0.080993	0.06271903699962422	35.155968
svcomp2025-termination-monotone-hulls-integralized/loops-crafted-1/nested3-1_abstracted286176.i---hull-8_integralized.yml	TIMEOUT	30.856408	30.867266377987107	259.338240	done	0.031095	0.033772983006201684	31.526912	done	0.034743	0.036827696007094346	31.739904	done	0.084567	0.06685941200703382	36.130816
svcomp2025-termination-monotone-hulls-integralized/loops-crafted-1/nested3-1_abstracted286176.i---hull-9_integralized.yml	TIMEOUT	30.8552	30.86800415298785	259.866624	done	0.032759	0.03546329401433468	31.514624	done	0.029847	0.0325900509924395	31.784960	done	0.089305	0.0705585210089339	35.397632
svcomp2025-termination-monotone-hulls-integralized/loops-crafted-1/nested3-1f703fc.i---hull-0_integralized.yml	TIMEOUT	30.864211	30.874391632998595	418.021376	done	0.029153	0.031435684009920806	31.219712	done	0.028122	0.03063743599341251	31.219712	done	0.030386	0.03274536300159525	31.375360
svcomp2025-termination-monotone-hulls-integralized/loops-crafted-1/nested3-1f703fc.i---hull-10_integralized.yml	TIMEOUT	30.86521	30.877997362986207	420.388864	done	0.029874	0.03218977400683798	31.244288	done	0.030855	0.03348676799214445	31.301632	done	0.028413	0.03089416801230982	31.354880
svcomp2025-termination-monotone-hulls-integralized/loops-crafted-1/nested3-1f703fc.i---hull-11_integralized.yml	TIMEOUT	30.862474	30.87554549500055	427.028480	done	0.036367	0.03883284900803119	31.211520	done	0.030039	0.03295277700817678	31.424512	done	0.029083	0.03198921600414906	31.272960
svcomp2025-termination-monotone-hulls-integralized/loops-crafted-1/nested3-1f703fc.i---hull-14_integralized.yml	TIMEOUT	30.864811	30.875420657001087	468.221952	done	0.033836	0.03638386499369517	31.588352	done	0.03184	0.033919590001460165	31.703040	done	0.084693	0.0700411330035422	34.811904
svcomp2025-termination-monotone-hulls-integralized/loops-crafted-1/nested3-1f703fc.i---hull-15_integralized.yml	TIMEOUT	30.870345	30.883350429008715	466.288640	done	0.03334	0.03627666799002327	31.485952	done	0.03526	0.03711340199515689	31.543296	done	0.077998	0.061201725009595975	35.102720
svcomp2025-termination-monotone-hulls-integralized/loops-crafted-1/nested3-1f703fc.i---hull-16_integralized.yml	TIMEOUT	30.860061	30.877148165003746	465.076224	done	0.037566	0.03994376299669966	31.862784	done	0.031522	0.03416813199874014	31.510528	done	0.076861	0.06021552400488872	34.865152
svcomp2025-termination-monotone-hulls-integralized/loops-crafted-1/nested3-1f703fc.i---hull-17_integralized.yml	TIMEOUT	30.853061	30.880198238999583	468.729856	done	0.031989	0.034882540989201516	31.899648	done	0.030115	0.032669652995537035	31.481856	done	0.079352	0.06315917099709623	35.540992
svcomp2025-termination-monotone-hulls-integralized/loops-crafted-1/nested3-1f703fc.i---hull-18_integralized.yml	TIMEOUT	30.856464	30.87816637000651	463.753216	done	0.070869	0.07606877697980963	31.473664	done	0.032517	0.03427246501087211	31.461376	done	0.08163	0.0651535149954725	35.004416
svcomp2025-termination-monotone-hulls-integralized/loops-crafted-1/nested3-1f703fc.i---hull-19_integralized.yml	TIMEOUT	30.855029	30.883364497000002	471.425024	done	0.030986	0.0336676360166166	31.490048	done	0.030454	0.03285841199976858	31.449088	done	0.079737	0.06408772899885662	34.623488
svcomp2025-termination-monotone-hulls-integralized/loops-crafted-1/nested3-1f703fc.i---hull-1_integralized.yml	TIMEOUT	30.851262	30.87616834801156	426.045440	done	0.029894	0.0326387390086893	31.485952	done	0.031122	0.03298121099942364	31.203328	done	0.030778	0.03297586001281161	31.387648
svcomp2025-termination-monotone-hulls-integralized/loops-crafted-1/nested3-1f703fc.i---hull-26_integralized.yml	TIMEOUT	30.86095	30.87233281400404	490.328064	done	0.031291	0.03419228698476218	31.612928	done	0.031906	0.033928368997294456	31.547392	done	0.052857	0.04697115899762139	35.946496
svcomp2025-termination-monotone-hulls-integralized/loops-crafted-1/nested3-1f703fc.i---hull-27_integralized.yml	TIMEOUT	30.859915	30.873835043996223	490.430464	done	0.030711	0.033040227979654446	31.764480	done	0.035069	0.03770592500222847	31.809536	done	0.056214	0.050460297003155574	35.848192
svcomp2025-termination-monotone-hulls-integralized/loops-crafted-1/nested3-1f703fc.i---hull-28_integralized.yml	TIMEOUT	30.860467	30.874007503996836	514.433024	done	0.031859	0.034105874015949667	31.809536	done	0.036472	0.0382867489970522	31.551488	done	0.057627	0.05181237100623548	35.725312
svcomp2025-termination-monotone-hulls-integralized/loops-crafted-1/nested3-1f703fc.i---hull-29_integralized.yml	TIMEOUT	30.862191	30.872361715999432	507.650048	done	0.036599	0.03931996499886736	31.600640	done	0.032161	0.03471150000405032	31.547392	done	0.053834	0.047994630003813654	35.885056
svcomp2025-termination-monotone-hulls-integralized/loops-crafted-1/nested3-1f703fc.i---hull-30_integralized.yml	TIMEOUT	30.862404	30.87758217800001	494.718976	done	0.03145	0.03390968500752933	31.621120	done	0.03209	0.03434890101198107	31.551488	done	0.054304	0.04771065899694804	35.852288
svcomp2025-termination-monotone-hulls-integralized/loops-crafted-1/nested3-1f703fc.i---hull-31_integralized.yml	TIMEOUT	30.862003	30.87501064200478	495.886336	done	0.03438	0.03743797400966287	31.870976	done	0.034193	0.03602984799363185	31.535104	done	0.051437	0.04651649000879843	35.385344
svcomp2025-termination-monotone-hulls-integralized/loops-crafted-1/nested3-1f703fc.i---hull-8_integralized.yml	TIMEOUT	30.857388	30.87325707099808	418.742272	done	0.031734	0.0342690700199455	31.215616	done	0.030414	0.032667465988197364	31.219712	done	0.032459	0.03448940000089351	31.436800
svcomp2025-termination-monotone-hulls-integralized/loops-crafted-1/nested3-1f703fc.i---hull-9_integralized.yml	TIMEOUT	30.859598	30.870187090986292	423.698432	done	0.030648	0.03352789898053743	31.424512	done	0.028504	0.03142369000124745	31.203328	done	0.028974	0.031284602999221534	31.268864
svcomp2025-termination-monotone-hulls-integralized/loops-crafted-1/nested3-249d15e.i---hull-0_integralized.yml	TIMEOUT	30.861426	30.871041122998577	420.360192	done	0.03232	0.034321992978220806	31.215616	done	0.030532	0.033362109010340646	31.215616	done	0.028334	0.030558667000150308	31.260672
svcomp2025-termination-monotone-hulls-integralized/loops-crafted-1/nested3-249d15e.i---hull-10_integralized.yml	TIMEOUT	30.857361	30.87331340998935	420.323328	done	0.030442	0.03277024798444472	31.490048	done	0.032073	0.033893631989485584	31.199232	done	0.028199	0.031014189997222275	31.260672
svcomp2025-termination-monotone-hulls-integralized/loops-crafted-1/nested3-249d15e.i---hull-11_integralized.yml	TIMEOUT	30.858382	30.873953624002752	425.779200	done	0.029644	0.032190302008530125	31.219712	done	0.036964	0.03846592899935786	31.473664	done	0.031352	0.03314394201152027	31.277056
svcomp2025-termination-monotone-hulls-integralized/loops-crafted-1/nested3-249d15e.i---hull-1_integralized.yml	TIMEOUT	30.858906	30.87230377100059	419.647488	done	0.030016	0.032844337983988225	31.510528	done	0.029941	0.03226004099997226	31.211520	done	0.030436	0.032277541991788894	31.461376
svcomp2025-termination-monotone-hulls-integralized/loops-crafted-1/nested3-249d15e.i---hull-8_integralized.yml	TIMEOUT	30.85893	30.875171459993	420.732928	done	0.031085	0.03397208100068383	31.211520	done	0.027991	0.030022920996998437	31.510528	done	0.031159	0.03368254400265869	31.465472
svcomp2025-termination-monotone-hulls-integralized/loops-crafted-1/nested3-249d15e.i---hull-9_integralized.yml	TIMEOUT	30.860804	30.873269402000005	422.748160	done	0.029326	0.03200383999501355	31.215616	done	0.029602	0.03184701800637413	31.207424	done	0.037589	0.039714102997095324	31.723520
svcomp2025-termination-monotone-hulls-integralized/loops-crafted-1/nested5-1525ede.i---hull-50_integralized.yml	TIMEOUT	30.861513	30.874435102989082	493.711360	done	0.034024	0.03651799200451933	31.678464	done	0.032635	0.03497142600826919	31.657984	done	0.036346	0.039156384009402245	32.161792
svcomp2025-termination-monotone-hulls-integralized/loops-crafted-1/nested5-1525ede.i---hull-51_integralized.yml	TIMEOUT	30.86095	30.872995159006678	501.174272	done	0.032388	0.03497704101027921	31.940608	done	0.031647	0.033943389003979973	31.649792	done	0.03542	0.038427136998507194	32.190464
svcomp2025-termination-monotone-hulls-integralized/loops-crafted-1/nested5-1525ede.i---hull-52_integralized.yml	TIMEOUT	30.860704	30.873335809999844	486.821888	done	0.035048	0.037227471999358386	32.120832	done	0.032692	0.03477145699434914	31.916032	done	0.034139	0.03723094999440946	32.428032
svcomp2025-termination-monotone-hulls-integralized/loops-crafted-1/nested5-1525ede.i---hull-53_integralized.yml	TIMEOUT	30.861622	30.87370458499936	489.668608	done	0.032576	0.03503935399930924	31.666176	done	0.032625	0.03531285798817407	31.911936	done	0.039681	0.042444796999916434	32.501760
svcomp2025-termination-monotone-hulls-integralized/loops-crafted-1/nested5-1525ede.i---hull-54_integralized.yml	TIMEOUT	30.861592	30.874404051995953	509.829120	done	0.037043	0.03928302100393921	31.928320	done	0.031809	0.03422137600136921	31.666176	done	0.032715	0.035732331991312094	32.186368
svcomp2025-termination-monotone-hulls-integralized/loops-crafted-1/nested5-1525ede.i---hull-55_integralized.yml	TIMEOUT	30.862153	30.874726659996668	511.459328	done	0.034024	0.03690793699934147	31.825920	done	0.039141	0.04208849900169298	31.993856	done	0.032628	0.03508131600392517	32.169984
svcomp2025-termination-monotone-hulls-integralized/loops-crafted-1/nested5-233e19e.i---hull-0_integralized.yml	TIMEOUT	30.863188	30.874526339001022	422.387712	done	0.03397	0.0368718639947474	31.571968	done	0.028478	0.03112701600184664	31.465472	done	0.029822	0.032016497003496625	31.887360
svcomp2025-termination-monotone-hulls-integralized/loops-crafted-1/nested5-233e19e.i---hull-10_integralized.yml	TIMEOUT	30.85779	30.876009111991152	432.766976	done	0.028682	0.030932737980037928	31.215616	done	0.029464	0.031882555995252915	31.465472	done	0.029546	0.0324151249951683	31.539200
svcomp2025-termination-monotone-hulls-integralized/loops-crafted-1/nested5-233e19e.i---hull-11_integralized.yml	TIMEOUT	30.860999	30.877416119998088	434.786304	done	0.030855	0.032996155990986153	31.215616	done	0.030501	0.03309108299436048	31.203328	done	0.030091	0.032959355012280867	31.264768
svcomp2025-termination-monotone-hulls-integralized/loops-crafted-1/nested5-233e19e.i---hull-1_integralized.yml	TIMEOUT	30.854453	30.877709176013013	435.683328	done	0.029384	0.032562770997174084	31.481856	done	0.033443	0.0360791569983121	31.248384	done	0.029666	0.03257963301439304	31.354880
svcomp2025-termination-monotone-hulls-integralized/loops-crafted-1/nested5-233e19e.i---hull-8_integralized.yml	TIMEOUT	30.850251	30.88578183100617	432.410624	done	0.029938	0.032903087994782254	31.203328	done	0.033614	0.036257062005461194	31.215616	done	0.027594	0.029849218990420923	31.260672
svcomp2025-termination-monotone-hulls-integralized/loops-crafted-1/nested5-233e19e.i---hull-9_integralized.yml	TIMEOUT	30.859437	30.876209462003317	432.406528	done	0.034978	0.03765425499295816	31.318016	done	0.030567	0.03306077100569382	31.199232	done	0.03104	0.033611482998821884	31.272960
svcomp2025-termination-monotone-hulls-integralized/loops-crafted-1/nested_delay_nd682c52.i---hull-10_integralized.yml	TIMEOUT	30.848011	30.865037544004736	162.365440	done	0.034196	0.03714639399549924	31.518720	done	0.033327	0.035815543989883736	31.793152	done	0.031925	0.03439812301076017	31.989760
svcomp2025-termination-monotone-hulls-integralized/loops-crafted-1/nested_delay_nd682c52.i---hull-11_integralized.yml	TIMEOUT	30.852667	30.86247816699324	164.855808	done	0.037381	0.039727619994664565	31.875072	done	0.034663	0.03641772799892351	31.473664	done	0.033081	0.03577928600134328	31.985664
svcomp2025-termination-monotone-hulls-integralized/loops-crafted-1/nested_delay_nd682c52.i---hull-12_integralized.yml	TIMEOUT	30.845878	30.874062011003844	290.172928	done	0.043075	0.04593811498489231	32.636928	done	0.041631	0.04442569000821095	32.509952	done	0.04927	0.0515754649968585	34.635776
svcomp2025-termination-monotone-hulls-integralized/loops-crafted-1/nested_delay_nd682c52.i---hull-13_integralized.yml	TIMEOUT	30.855075	30.869115284003783	288.993280	done	0.044211	0.04690536099951714	32.579584	done	0.038871	0.041261186997871846	32.309248	done	0.055221	0.05769941399921663	34.607104
svcomp2025-termination-monotone-hulls-integralized/loops-crafted-1/nested_delay_nd682c52.i---hull-14_integralized.yml	TIMEOUT	30.857001	30.867192789999535	282.755072	done	0.05379	0.05664645001525059	32.759808	done	0.043603	0.04606097500072792	32.346112	done	0.055891	0.058634663990233094	35.033088
svcomp2025-termination-monotone-hulls-integralized/loops-crafted-1/nested_delay_nd682c52.i---hull-15_integralized.yml	TIMEOUT	30.856477	30.867920666001737	277.868544	done	0.048706	0.05099563900148496	32.583680	done	0.0426	0.04527266298828181	32.350208	done	0.056031	0.05882590998953674	35.037184
svcomp2025-termination-monotone-hulls-integralized/loops-crafted-1/nested_delay_nd682c52.i---hull-16_integralized.yml	TIMEOUT	30.857984	30.867553356001736	291.590144	done	0.060276	0.06297202300629579	33.267712	done	0.048116	0.050920751004014164	32.731136	done	0.074405	0.07660613699408714	36.401152
svcomp2025-termination-monotone-hulls-integralized/loops-crafted-1/nested_delay_nd682c52.i---hull-17_integralized.yml	TIMEOUT	30.85803	30.86795270598668	294.125568	done	0.060718	0.06344403899856843	33.087488	done	0.046664	0.04929191600240301	32.997376	done	0.063585	0.06649846999789588	36.413440
svcomp2025-termination-monotone-hulls-integralized/loops-crafted-1/nested_delay_nd682c52.i---hull-18_integralized.yml	TIMEOUT	30.85566	30.86758737299533	273.760256	done	0.053367	0.055831025005318224	32.702464	done	0.041671	0.04433637000329327	32.391168	done	0.056156	0.05850730399833992	35.094528
svcomp2025-termination-monotone-hulls-integralized/loops-crafted-1/nested_delay_nd682c52.i---hull-19_integralized.yml	TIMEOUT	30.856553	30.86748407500272	261.713920	done	0.052121	0.0548127329966519	32.657408	done	0.043601	0.04627347900532186	32.399360	done	0.055612	0.057749255996895954	34.861056
svcomp2025-termination-monotone-hulls-integralized/loops-crafted-1/nested_delay_nd682c52.i---hull-20_integralized.yml	TIMEOUT	30.858015	30.868716208002297	330.817536	done	0.04343	0.04553360401769169	32.481280	done	0.042522	0.044641492000664584	32.280576	done	0.049821	0.052908309007762	34.467840
svcomp2025-termination-monotone-hulls-integralized/loops-crafted-1/nested_delay_nd682c52.i---hull-21_integralized.yml	TIMEOUT	30.857514	30.86847252199368	331.169792	done	0.042306	0.04475773900048807	32.591872	done	0.037752	0.040256303997011855	32.292864	done	0.048558	0.050861486000940204	34.463744
svcomp2025-termination-monotone-hulls-integralized/loops-crafted-1/nested_delay_nd682c52.i---hull-22_integralized.yml	TIMEOUT	30.855459	30.86704312999791	259.645440	done	0.046345	0.048919116001343355	32.616448	done	0.039881	0.04269132998888381	32.649216	done	0.057507	0.06003239899291657	35.217408
svcomp2025-termination-monotone-hulls-integralized/loops-crafted-1/nested_delay_nd682c52.i---hull-23_integralized.yml	TIMEOUT	30.853781	30.869206781993853	262.782976	done	0.048534	0.05123394401744008	32.718848	done	0.039285	0.04212235100567341	32.387072	done	0.057087	0.06088246799481567	35.028992
svcomp2025-termination-monotone-hulls-integralized/loops-crafted-1/nested_delay_nd682c52.i---hull-26_integralized.yml	TIMEOUT	30.854795	30.866121336992364	254.410752	done	0.048533	0.05126487498637289	32.616448	done	0.041669	0.0444875020039035	32.395264	done	0.057769	0.061347733993898146	35.131392
svcomp2025-termination-monotone-hulls-integralized/loops-crafted-1/nested_delay_nd682c52.i---hull-27_integralized.yml	TIMEOUT	30.854026	30.865279901001486	256.327680	done	0.047154	0.05013070898712613	32.612352	done	0.043386	0.04578568799479399	32.399360	done	0.056795	0.05878736400336493	34.922496
svcomp2025-termination-monotone-hulls-integralized/loops-crafted-1/sum_natnum540f4b.i---hull-0_integralized.yml	TIMEOUT	30.85882	30.87480733799748	454.320128	done	0.039165	0.042110166017664596	31.461376	done	0.032543	0.0349342039990006	31.526912	done	0.031242	0.03372721299820114	31.821824
svcomp2025-termination-monotone-hulls-integralized/loops-crafted-1/sum_natnum540f4b.i---hull-1_integralized.yml	TIMEOUT	30.861194	30.874276796996128	454.344704	done	0.029834	0.03253046699683182	31.522816	done	0.030415	0.03282999600924086	31.277056	done	0.031347	0.03402768999512773	31.539200
svcomp2025-termination-monotone-hulls-integralized/loops-crafted-1/sum_natnum540f4b.i---hull-2_integralized.yml	TIMEOUT	30.856359	30.869609543005936	277.614592	done	0.02956	0.03164960999856703	31.367168	done	0.030425	0.03393704899644945	31.277056	done	0.0315	0.03380566599662416	31.711232
svcomp2025-termination-monotone-hulls-integralized/loops-crafted-1/sum_natnum540f4b.i---hull-3_integralized.yml	TIMEOUT	30.855191	30.868830349994823	277.118976	done	0.030504	0.03355103498324752	31.412224	done	0.035247	0.037895153000135906	31.277056	done	0.029307	0.03191563799919095	31.453184
svcomp2025-termination-monotone-hulls-integralized/loops-crafted-1/sumt5cefb7b.i---hull-2_integralized.yml	done	0.052787	0.05514783899707254	33.144832	done	0.061077	0.06410361500456929	33.234944	done	0.050308	0.052935776009690017	32.915456	TIMEOUT	30.956652	24.15476965700509	925.745152
svcomp2025-termination-monotone-hulls-integralized/loops-crafted-1/sumt5cefb7b.i---hull-3_integralized.yml	done	0.059522	0.061899032996734604	33.058816	done	0.063785	0.06710735699743964	33.439744	done	0.054093	0.05589559700456448	32.911360	TIMEOUT	30.802055	24.280115846995614	816.046080
svcomp2025-termination-monotone-hulls-integralized/loops-crafted-1/sumt6333f24.i---hull-0_integralized.yml	done	0.116534	0.11980120099906344	36.106240	done	0.514208	0.5173613969818689	39.149568	done	0.288248	0.2913577280123718	39.911424	TIMEOUT	30.436228	24.543420140005765	813.498368
svcomp2025-termination-monotone-hulls-integralized/loops-crafted-1/sumt6333f24.i---hull-1_integralized.yml	done	0.115631	0.11885546801204327	36.118528	done	0.484519	0.48768726899288595	39.153664	done	0.292708	0.29666118399472907	39.706624	TIMEOUT	30.491604	24.547953739005607	810.717184
svcomp2025-termination-monotone-hulls-integralized/loops-crafted-1/sumt6333f24.i---hull-2_integralized.yml	done	0.064377	0.06703630399715621	33.869824	done	0.081663	0.0847117259982042	34.369536	done	0.055839	0.05871132799074985	33.869824	TIMEOUT	30.964069	25.95832762098871	775.688192
svcomp2025-termination-monotone-hulls-integralized/loops-crafted-1/sumt6333f24.i---hull-3_integralized.yml	done	0.062919	0.06656629400094971	33.878016	done	0.07752	0.08052590599982068	34.213888	done	0.056668	0.05897549800283741	33.611776	TIMEOUT	30.845289	25.937925379999797	778.514432
svcomp2025-termination-monotone-hulls-integralized/loops-crafted-1/sumt742a4d5.i---hull-0_integralized.yml	done	4.364257	4.367735494990484	47.697920	done	10.251347	10.255773309996584	55.140352	done	3.106577	3.1095843799994327	46.702592	TIMEOUT	30.936122	30.853447762012365	1046.249472
svcomp2025-termination-monotone-hulls-integralized/loops-crafted-1/sumt742a4d5.i---hull-1_integralized.yml	done	4.341904	4.34608105001098	47.886336	done	10.161528	10.165935733006336	55.148544	done	3.187514	3.1907196810061578	46.870528	TIMEOUT	30.932019	30.85664521799481	1045.180416
svcomp2025-termination-monotone-hulls-integralized/loops-crafted-1/sumt742a4d5.i---hull-2_integralized.yml	done	0.079472	0.08225710000260733	35.057664	done	0.100825	0.10303545300848782	35.663872	done	0.076285	0.07913199000176974	34.504704	TIMEOUT	30.213051	29.726874318002956	1559.777280
svcomp2025-termination-monotone-hulls-integralized/loops-crafted-1/sumt742a4d5.i---hull-3_integralized.yml	done	0.078401	0.08132104399555828	35.065856	done	0.110915	0.114002745016478	35.659776	done	0.068433	0.07107332699524704	34.738176	TIMEOUT	30.186425	29.73329576900869	1561.923584
svcomp2025-termination-monotone-hulls-integralized/loops-crafted-1/sumt8b87b6c.i---hull-0_integralized.yml	done	0.104197	0.10689331799221691	36.384768	done	0.134557	0.13711871800478548	36.478976	done	0.088378	0.09098782100772951	35.930112	TIMEOUT	31.08047	30.977918524004053	5352.304640
svcomp2025-termination-monotone-hulls-integralized/loops-crafted-1/sumt8b87b6c.i---hull-1_integralized.yml	done	0.125486	0.12897565499588381	36.880384	done	0.131137	0.1338941340218298	36.737024	done	0.096686	0.10011689498787746	36.024320	TIMEOUT	31.070188	30.994953704997897	5348.245504
svcomp2025-termination-monotone-hulls-integralized/loops-crafted-1/sumt8b87b6c.i---hull-2_integralized.yml	done	0.128773	0.1319712679978693	36.483072	done	0.152089	0.1546347659896128	37.003264	done	0.114776	0.11801487300544977	35.774464	TIMEOUT	31.070123	30.992894424998667	5688.623104
svcomp2025-termination-monotone-hulls-integralized/loops-crafted-1/sumt8b87b6c.i---hull-3_integralized.yml	done	0.123166	0.12665841799753252	36.466688	done	0.153244	0.15629619799437933	37.208064	done	0.103433	0.10626580100506544	35.770368	TIMEOUT	31.081193	31.004932448006002	5688.627200
svcomp2025-termination-monotone-hulls-integralized/loops-crafted-1/sumt98f044d.i---hull-0_integralized.yml	done	0.256303	0.2586458069999935	39.620608	done	0.212737	0.2151220780215226	38.191104	done	0.243621	0.24654896900756285	39.964672	TIMEOUT	31.064109	31.076168822997715	8685.240320
svcomp2025-termination-monotone-hulls-integralized/loops-crafted-1/sumt98f044d.i---hull-1_integralized.yml	done	0.254143	0.2569609600031981	39.809024	done	0.209892	0.21287389600183815	38.232064	done	0.242232	0.24508983000123408	39.972864	TIMEOUT	31.040594	31.057757695991313	8093.147136
svcomp2025-termination-monotone-hulls-integralized/loops-crafted-1/sumt98f044d.i---hull-2_integralized.yml	done	0.144208	0.1475301399914315	37.408768	done	0.200682	0.20318574897828512	37.937152	done	0.203203	0.20571169900358655	36.749312	TIMEOUT	31.070989	31.089079848999972	9064.976384
svcomp2025-termination-monotone-hulls-integralized/loops-crafted-1/sumt98f044d.i---hull-3_integralized.yml	done	0.145187	0.14860299999418203	37.412864	done	0.190601	0.1927413859812077	37.810176	done	0.214978	0.21806925699638668	37.044224	TIMEOUT	31.084144	31.09532661999401	9067.941888
svcomp2025-termination-monotone-hulls-integralized/loop-simple/deep-nestedc8b2c7.i---hull-0_integralized.yml	TIMEOUT	30.852318	30.85961939500703	104.402944	done	0.037227	0.03983911199611612	31.977472	done	0.037715	0.04063763000885956	31.891456	done	0.04584	0.04839444300159812	32.772096
svcomp2025-termination-monotone-hulls-integralized/loop-simple/deep-nestedc8b2c7.i---hull-10_integralized.yml	TIMEOUT	30.854216	30.86838035400433	238.231552	done	0.036726	0.038813327002571896	32.096256	done	0.035483	0.03753772200434469	32.043008	done	0.043863	0.04574274799961131	32.964608
svcomp2025-termination-monotone-hulls-integralized/loop-simple/deep-nestedc8b2c7.i---hull-11_integralized.yml	TIMEOUT	30.855453	30.867531943003996	241.176576	done	0.038527	0.04109829000663012	32.014336	done	0.03924	0.04146743299497757	31.866880	done	0.040331	0.04279273700376507	32.755712
svcomp2025-termination-monotone-hulls-integralized/loop-simple/deep-nestedc8b2c7.i---hull-14_integralized.yml	TIMEOUT	30.85878	30.87629409400688	591.441920	done	0.032295	0.035440634994301945	31.645696	done	0.03252	0.03485422200174071	31.768576	done	0.032201	0.03472200299438555	31.948800
svcomp2025-termination-monotone-hulls-integralized/loop-simple/deep-nestedc8b2c7.i---hull-15_integralized.yml	TIMEOUT	30.869461	30.878985182003817	511.107072	done	0.03163	0.03464771297876723	31.682560	done	0.03182	0.03405077100615017	31.514624	done	0.032694	0.03460182300477754	31.932416
svcomp2025-termination-monotone-hulls-integralized/loop-simple/deep-nestedc8b2c7.i---hull-16_integralized.yml	TIMEOUT	30.864071	30.87378378699941	529.842176	done	0.032152	0.034824544010916725	31.547392	done	0.030683	0.03346026499639265	31.580160	done	0.034788	0.03770637600973714	32.034816
svcomp2025-termination-monotone-hulls-integralized/loop-simple/deep-nestedc8b2c7.i---hull-17_integralized.yml	TIMEOUT	30.862141	30.874642522001523	532.152320	done	0.031392	0.03415319600026123	31.555584	done	0.030978	0.03350833899457939	31.592448	done	0.033262	0.035819307013298385	31.956992
svcomp2025-termination-monotone-hulls-integralized/loop-simple/deep-nestedc8b2c7.i---hull-18_integralized.yml	TIMEOUT	30.861323	30.876073923995136	559.906816	done	0.031746	0.034144977980758995	31.649792	done	0.036136	0.03914815500320401	31.768576	done	0.033259	0.036409972002729774	31.989760
svcomp2025-termination-monotone-hulls-integralized/loop-simple/deep-nestedc8b2c7.i---hull-19_integralized.yml	TIMEOUT	30.866719	30.8789361280069	559.202304	done	0.0317	0.03430750800180249	31.862784	done	0.030425	0.03261434700107202	31.506432	done	0.032757	0.035378703993046656	32.210944
svcomp2025-termination-monotone-hulls-integralized/loop-simple/deep-nestedc8b2c7.i---hull-1_integralized.yml	TIMEOUT	30.851115	30.859044955999707	104.271872	done	0.040439	0.0433734469988849	31.944704	done	0.034872	0.03731662899372168	32.018432	done	0.042751	0.04508683900348842	32.792576
svcomp2025-termination-monotone-hulls-integralized/loop-simple/deep-nestedc8b2c7.i---hull-26_integralized.yml	TIMEOUT	30.86306	30.8727482809918	525.860864	done	0.031739	0.034576028992887586	31.809536	done	0.038729	0.04083119099959731	31.518720	done	0.034359	0.036763625001185574	31.977472
svcomp2025-termination-monotone-hulls-integralized/loop-simple/deep-nestedc8b2c7.i---hull-27_integralized.yml	TIMEOUT	30.859803	30.875310435003485	525.549568	done	0.03335	0.03585423398180865	31.924224	done	0.030843	0.03367480500310194	31.793152	done	0.034519	0.03730473898758646	31.985664
svcomp2025-termination-monotone-hulls-integralized/loop-simple/deep-nestedc8b2c7.i---hull-28_integralized.yml	TIMEOUT	30.861933	30.875653127004625	540.119040	done	0.031638	0.03434650899725966	31.576064	done	0.032926	0.03599317699263338	31.629312	done	0.034149	0.03604123000695836	32.047104
svcomp2025-termination-monotone-hulls-integralized/loop-simple/deep-nestedc8b2c7.i---hull-29_integralized.yml	TIMEOUT	30.86162	30.873815279002883	545.144832	done	0.038143	0.040882447006879374	31.576064	done	0.033764	0.03586769101093523	31.657984	done	0.034605	0.03659144800622016	32.096256
svcomp2025-termination-monotone-hulls-integralized/loop-simple/deep-nestedc8b2c7.i---hull-30_integralized.yml	TIMEOUT	30.861046	30.87683057600225	528.703488	done	0.031548	0.03479302299092524	31.621120	done	0.031132	0.03368219100229908	31.518720	done	0.03328	0.03560160099004861	32.010240
svcomp2025-termination-monotone-hulls-integralized/loop-simple/deep-nestedc8b2c7.i---hull-31_integralized.yml	TIMEOUT	30.863828	30.875019098006305	529.801216	done	0.032579	0.035815274983178824	31.559680	done	0.030136	0.03246064900304191	31.526912	done	0.035857	0.037923908996162936	31.989760
svcomp2025-termination-monotone-hulls-integralized/loop-simple/deep-nestedc8b2c7.i---hull-38_integralized.yml	TIMEOUT	30.855629	30.869775060011307	295.436288	done	0.032829	0.03529403798165731	31.887360	done	0.030154	0.032411017004051246	31.518720	done	0.034488	0.03732043800118845	32.038912
svcomp2025-termination-monotone-hulls-integralized/loop-simple/deep-nestedc8b2c7.i---hull-39_integralized.yml	TIMEOUT	30.85729	30.869109876002767	295.399424	done	0.035068	0.03739093302283436	31.535104	done	0.030912	0.03380131699668709	31.776768	done	0.034107	0.036192924992064945	32.301056
svcomp2025-termination-monotone-hulls-integralized/loop-simple/deep-nestedc8b2c7.i---hull-40_integralized.yml	TIMEOUT	30.864765	30.873077508003917	553.148416	done	0.037593	0.040313418983714655	31.567872	done	0.032311	0.034272593999048695	31.543296	done	0.034845	0.03691018300014548	32.067584
svcomp2025-termination-monotone-hulls-integralized/loop-simple/deep-nestedc8b2c7.i---hull-41_integralized.yml	TIMEOUT	30.864892	30.87413786299294	553.213952	done	0.032766	0.036117012990871444	31.739904	done	0.032658	0.03517007699701935	31.727616	done	0.033076	0.03528559400001541	32.075776
svcomp2025-termination-monotone-hulls-integralized/loop-simple/deep-nestedc8b2c7.i---hull-42_integralized.yml	TIMEOUT	30.858954	30.868223764991853	292.081664	done	0.031804	0.03444539598422125	31.686656	done	0.034754	0.03672139901027549	31.723520	done	0.033701	0.03587105400220025	32.301056
svcomp2025-termination-monotone-hulls-integralized/loop-simple/deep-nestedc8b2c7.i---hull-43_integralized.yml	TIMEOUT	30.857742	30.868524461999186	292.294656	done	0.032277	0.03447696700459346	31.645696	done	0.032043	0.0345156510011293	31.510528	done	0.034355	0.0369424750097096	32.079872
svcomp2025-termination-monotone-hulls-integralized/loop-simple/deep-nestedc8b2c7.i---hull-50_integralized.yml	TIMEOUT	30.865129	30.874036178996903	485.171200	done	0.032003	0.03443477299879305	31.592448	done	0.030818	0.033538399991812184	31.539200	done	0.038628	0.04069404100300744	32.104448
svcomp2025-termination-monotone-hulls-integralized/loop-simple/deep-nestedc8b2c7.i---hull-51_integralized.yml	TIMEOUT	30.866958	30.87447362599778	485.134336	done	0.031854	0.03403025298030116	31.703040	done	0.030571	0.03352959899348207	31.535104	done	0.037777	0.04062915600661654	32.169984
svcomp2025-termination-monotone-hulls-integralized/loop-simple/deep-nestedc8b2c7.i---hull-52_integralized.yml	TIMEOUT	30.865997	30.875120649012388	535.773184	done	0.036655	0.039856593997683376	31.637504	done	0.030946	0.034622437990037724	31.567872	done	0.04035	0.04237965299398638	32.268288
svcomp2025-termination-monotone-hulls-integralized/loop-simple/deep-nestedc8b2c7.i---hull-53_integralized.yml	TIMEOUT	30.866017	30.874318498987122	535.318528	done	0.033237	0.0359384220209904	31.735808	done	0.032418	0.03439147799508646	31.580160	done	0.034717	0.03787668100267183	32.157696
svcomp2025-termination-monotone-hulls-integralized/loop-simple/deep-nestedc8b2c7.i---hull-54_integralized.yml	TIMEOUT	30.865541	30.87552165600937	532.582400	done	0.0327	0.035585271019954234	31.617024	done	0.032586	0.0350620160024846	31.592448	done	0.033403	0.03635502199176699	32.419840
svcomp2025-termination-monotone-hulls-integralized/loop-simple/deep-nestedc8b2c7.i---hull-55_integralized.yml	TIMEOUT	30.867064	30.87711364000279	540.758016	done	0.03473	0.037807298998814076	31.596544	done	0.030305	0.03268478700192645	31.526912	done	0.03381	0.03611248399829492	32.145408
svcomp2025-termination-monotone-hulls-integralized/loop-simple/deep-nestedc8b2c7.i---hull-8_integralized.yml	TIMEOUT	30.853738	30.86502112200833	195.481600	done	0.042717	0.04516760999104008	32.018432	done	0.038582	0.04101696200086735	31.940608	done	0.044457	0.046696126999449916	32.989184
svcomp2025-termination-monotone-hulls-integralized/loop-simple/deep-nestedc8b2c7.i---hull-9_integralized.yml	TIMEOUT	30.854339	30.864247084988165	194.113536	done	0.04015	0.042258867993950844	32.022528	done	0.038899	0.04178034400683828	31.940608	done	0.044017	0.04589087999192998	32.976896
svcomp2025-termination-monotone-hulls-integralized/nla-digbench-scaling/bresenham-ll_unwindbound100c0565e.i---hull-0_integralized.yml	done	15.274299	15.278999301997828	41.390080	done	0.192389	0.19563934198231436	32.972800	done	0.16887	0.1717763950000517	32.743424	TIMEOUT	31.153361	20.9003509030008	913.997824
svcomp2025-termination-monotone-hulls-integralized/nla-digbench-scaling/bresenham-ll_unwindbound100c0565e.i---hull-1_integralized.yml	done	15.927866	15.932960530000855	41.394176	done	0.180051	0.18309521599439904	32.849920	done	0.173704	0.17673159400874283	32.481280	TIMEOUT	30.927728	21.01968712899543	883.789824
svcomp2025-termination-monotone-hulls-integralized/nla-digbench-scaling/bresenham-ll_unwindbound100c0565e.i---hull-2_integralized.yml	done	0.034231	0.036760547998710535	31.776768	done	0.034434	0.036991567991208285	31.920128	done	0.032748	0.03551992500433698	31.772672	TIMEOUT	30.998393	21.01019204700424	881.803264
svcomp2025-termination-monotone-hulls-integralized/nla-digbench-scaling/bresenham-ll_unwindbound100c0565e.i---hull-3_integralized.yml	done	0.040876	0.043516689009265974	31.784960	done	0.038605	0.04122739998274483	31.809536	done	0.036724	0.03925127300317399	31.780864	TIMEOUT	30.875437	21.070151504987734	883.437568
svcomp2025-termination-monotone-hulls-integralized/nla-digbench-scaling/bresenham-ll_unwindbound50330a6b.i---hull-0_integralized.yml	done	12.677449	12.681997178995516	40.091648	done	0.072415	0.07457305700518191	32.681984	done	0.062291	0.06512798499898054	32.403456	TIMEOUT	31.29405	20.71061851400009	717.332480
svcomp2025-termination-monotone-hulls-integralized/nla-digbench-scaling/bresenham-ll_unwindbound50330a6b.i---hull-1_integralized.yml	done	12.586056	12.592526879001525	40.230912	done	0.072784	0.07523069001035765	32.681984	done	0.064266	0.06696552500943653	32.419840	TIMEOUT	31.458152	20.614882977999514	718.147584
svcomp2025-termination-monotone-hulls-integralized/nla-digbench-scaling/bresenham-ll_unwindbound50330a6b.i---hull-2_integralized.yml	done	0.037838	0.04059488500934094	31.776768	done	0.035311	0.03851621100329794	32.194560	done	0.031866	0.034747789992252365	31.944704	TIMEOUT	30.777296	20.14814355300041	718.614528
svcomp2025-termination-monotone-hulls-integralized/nla-digbench-scaling/bresenham-ll_unwindbound50330a6b.i---hull-3_integralized.yml	done	0.033494	0.035947003998444416	31.776768	done	0.03421	0.03718504900461994	31.801344	done	0.032873	0.03552285199111793	32.026624	TIMEOUT	31.278845	20.595975586009445	717.316096
svcomp2025-termination-monotone-hulls-integralized/nla-digbench-scaling/dijkstra-u_unwindbound1008fedd5.i---hull-0_integralized.yml	done	1.912779	1.916027439001482	56.401920	done	0.108587	0.11173023501760326	35.188736	done	0.060267	0.06349085400870536	33.423360	TIMEOUT	31.071291	19.481794319988694	491.810816
svcomp2025-termination-monotone-hulls-integralized/nla-digbench-scaling/dijkstra-u_unwindbound1008fedd5.i---hull-1_integralized.yml	done	1.894602	1.898202771000797	56.279040	done	0.115453	0.11837820001528598	35.176448	done	0.0602	0.06289640998875257	33.701888	TIMEOUT	30.795646	19.606446056001005	477.298688
svcomp2025-termination-monotone-hulls-integralized/nla-digbench-scaling/dijkstra-u_unwindbound1008fedd5.i---hull-2_integralized.yml	done	0.091976	0.09484951199556235	34.590720	done	0.089008	0.09174047500710003	34.455552	done	0.065917	0.06922669999767095	33.476608	TIMEOUT	31.028183	19.468858558000647	472.465408
svcomp2025-termination-monotone-hulls-integralized/nla-digbench-scaling/dijkstra-u_unwindbound1008fedd5.i---hull-3_integralized.yml	done	0.10205	0.1052109809970716	34.582528	done	0.094484	0.09702495200326666	34.353152	done	0.062765	0.06506582000292838	33.411072	TIMEOUT	31.101015	19.466193130996544	478.117888
svcomp2025-termination-monotone-hulls-integralized/nla-digbench-scaling/dijkstra-u_unwindbound1075d40a.i---hull-0_integralized.yml	done	0.331291	0.3342307850107318	39.354368	done	0.11063	0.11400982501800172	34.926592	done	0.064076	0.06770618699374609	33.439744	TIMEOUT	30.700227	19.647308521001833	477.016064
svcomp2025-termination-monotone-hulls-integralized/nla-digbench-scaling/dijkstra-u_unwindbound1075d40a.i---hull-1_integralized.yml	done	0.339932	0.3426261240092572	39.292928	done	0.107408	0.11001065600430593	34.910208	done	0.061983	0.06470638800237793	33.685504	TIMEOUT	30.989933	19.541108586010523	494.153728
svcomp2025-termination-monotone-hulls-integralized/nla-digbench-scaling/dijkstra-u_unwindbound1075d40a.i---hull-2_integralized.yml	done	0.094197	0.0974675759935053	34.627584	done	0.091538	0.09413942799437791	34.373632	done	0.063754	0.06561121599224862	33.488896	TIMEOUT	31.075096	19.518382459995337	473.788416
svcomp2025-termination-monotone-hulls-integralized/nla-digbench-scaling/dijkstra-u_unwindbound1075d40a.i---hull-3_integralized.yml	done	0.109007	0.11164697300409898	34.570240	done	0.088924	0.09201599401421845	34.152448	done	0.061095	0.06338119201245718	33.456128	TIMEOUT	31.129094	19.48329014299088	474.316800
svcomp2025-termination-monotone-hulls-integralized/nla-digbench-scaling/dijkstra-u_unwindbound201e882d.i---hull-0_integralized.yml	done	0.433395	0.4366464240010828	39.669760	done	0.10949	0.1128844199993182	34.848768	done	0.059831	0.06269501100177877	33.411072	TIMEOUT	31.192205	19.46022245399945	497.225728
svcomp2025-termination-monotone-hulls-integralized/nla-digbench-scaling/dijkstra-u_unwindbound201e882d.i---hull-1_integralized.yml	done	0.431192	0.43488191500364337	39.682048	done	0.109686	0.11229369600187056	34.840576	done	0.06089	0.06348532599804457	33.427456	TIMEOUT	31.024809	19.50356977499905	491.167744
svcomp2025-termination-monotone-hulls-integralized/nla-digbench-scaling/dijkstra-u_unwindbound201e882d.i---hull-2_integralized.yml	done	0.087983	0.09045919000345748	34.689024	done	0.094078	0.096382060990436	34.156544	done	0.061718	0.06381797399080824	33.554432	TIMEOUT	30.997742	19.479934137008968	480.882688
svcomp2025-termination-monotone-hulls-integralized/nla-digbench-scaling/dijkstra-u_unwindbound201e882d.i---hull-3_integralized.yml	done	0.101533	0.10444180200283881	34.852864	done	0.085345	0.08834151100018062	34.160640	done	0.065865	0.06848989900026936	34.131968	TIMEOUT	31.095065	19.452255201991647	483.012608
svcomp2025-termination-monotone-hulls-integralized/nla-digbench-scaling/dijkstra-u_unwindbound22d8663.i---hull-0_integralized.yml	done	0.080194	0.08342421198904049	33.984512	done	0.092132	0.0949766369885765	34.435072	done	0.058363	0.06039373099338263	33.427456	TIMEOUT	31.09563	19.199178512004437	469.434368
svcomp2025-termination-monotone-hulls-integralized/nla-digbench-scaling/dijkstra-u_unwindbound22d8663.i---hull-1_integralized.yml	done	0.077014	0.07990698399953544	34.111488	done	0.092678	0.09554638300323859	34.172928	done	0.059192	0.06191766601114068	33.308672	TIMEOUT	30.823132	19.060697754001012	469.995520
svcomp2025-termination-monotone-hulls-integralized/nla-digbench-scaling/dijkstra-u_unwindbound22d8663.i---hull-2_integralized.yml	done	0.0932	0.09568222599045839	34.598912	done	0.092346	0.09503577699069865	34.152448	done	0.062902	0.06543167898780666	33.460224	TIMEOUT	31.036523	19.200329535000492	466.202624
svcomp2025-termination-monotone-hulls-integralized/nla-digbench-scaling/dijkstra-u_unwindbound22d8663.i---hull-3_integralized.yml	done	0.097375	0.10015730401210021	34.582528	done	0.086517	0.08881810199818574	34.148352	done	0.07245	0.07472415700613055	33.824768	TIMEOUT	31.105174	19.191598499004613	463.454208
svcomp2025-termination-monotone-hulls-integralized/nla-digbench-scaling/dijkstra-u_unwindbound50acc6ee.i---hull-0_integralized.yml	done	0.894251	0.8981006410031114	45.424640	done	0.11056	0.11312223700224422	34.869248	done	0.059491	0.06222323200199753	33.423360	TIMEOUT	31.146365	19.451318224004353	490.856448
svcomp2025-termination-monotone-hulls-integralized/nla-digbench-scaling/dijkstra-u_unwindbound50acc6ee.i---hull-1_integralized.yml	done	0.956495	0.9601539239956765	45.641728	done	0.11172	0.11431624801480211	35.115008	done	0.064247	0.0667246530065313	33.415168	TIMEOUT	31.17492	19.466356678996817	494.034944
svcomp2025-termination-monotone-hulls-integralized/nla-digbench-scaling/dijkstra-u_unwindbound50acc6ee.i---hull-2_integralized.yml	done	0.09632	0.09983915099292062	34.648064	done	0.087867	0.09078660397790372	34.156544	done	0.061504	0.06430995400296524	33.439744	TIMEOUT	31.11547	19.424691189997247	476.065792
svcomp2025-termination-monotone-hulls-integralized/nla-digbench-scaling/dijkstra-u_unwindbound50acc6ee.i---hull-3_integralized.yml	done	0.101335	0.10427576200163458	34.582528	done	0.087721	0.0910476999997627	34.189312	done	0.066661	0.06903608700667974	33.705984	TIMEOUT	31.159324	19.452798723999877	476.499968
svcomp2025-termination-monotone-hulls-integralized/nla-digbench-scaling/dijkstra-u_unwindbound513c1f7.i---hull-0_integralized.yml	done	0.123558	0.12654094699246343	35.483648	done	0.110739	0.11341154400724918	34.947072	done	0.068262	0.07096296899544541	33.501184	TIMEOUT	31.129581	19.442027458993834	496.615424
svcomp2025-termination-monotone-hulls-integralized/nla-digbench-scaling/dijkstra-u_unwindbound513c1f7.i---hull-1_integralized.yml	done	0.13117	0.13416057100403123	35.385344	done	0.113125	0.11605229301494546	34.979840	done	0.062352	0.0651660759904189	33.464320	TIMEOUT	31.066689	19.495127053000033	496.381952
svcomp2025-termination-monotone-hulls-integralized/nla-digbench-scaling/dijkstra-u_unwindbound513c1f7.i---hull-2_integralized.yml	done	0.092731	0.09528296900680289	34.893824	done	0.094026	0.09670267600449733	34.512896	done	0.061785	0.06481308198999614	33.435648	TIMEOUT	30.861355	19.592700432011043	465.555456
svcomp2025-termination-monotone-hulls-integralized/nla-digbench-scaling/dijkstra-u_unwindbound513c1f7.i---hull-3_integralized.yml	done	0.104091	0.10753005500009749	34.783232	done	0.086748	0.08964195198495872	34.279424	done	0.06358	0.06666975199186709	33.411072	TIMEOUT	31.001438	19.502956438009278	469.745664
svcomp2025-termination-monotone-hulls-integralized/nla-digbench-scaling/lcm1_unwindbound100654cd9.i---hull-30_integralized.yml	TIMEOUT	30.854197	30.863997026986908	195.674112	done	0.108594	0.11151596502168104	34.955264	done	0.077292	0.07947175001027063	33.894400	done	16.136628	13.079763782996451	670.650368
svcomp2025-termination-monotone-hulls-integralized/nla-digbench-scaling/lcm1_unwindbound100654cd9.i---hull-31_integralized.yml	TIMEOUT	30.852637	30.864591051999014	195.903488	done	0.107706	0.11034113701316528	35.045376	done	0.075605	0.0782349249930121	33.943552	done	15.96634	12.962088718006271	671.416320
svcomp2025-termination-monotone-hulls-integralized/nla-digbench-scaling/lcm1_unwindbound100654cd9.i---hull-32_integralized.yml	TIMEOUT	30.85525	30.865191819000756	246.616064	done	0.078856	0.0817961200082209	34.226176	done	0.055623	0.058231757997418754	33.779712	done	6.471506	5.193207586999051	476.467200
svcomp2025-termination-monotone-hulls-integralized/nla-digbench-scaling/lcm1_unwindbound100654cd9.i---hull-33_integralized.yml	TIMEOUT	30.852738	30.866028246004134	246.575104	done	0.082879	0.08549264000612311	34.103296	done	0.054432	0.05648272600956261	33.345536	done	6.420232	5.1032854999939445	475.566080
